level,attempt,t,attempt_status,step,batch_ess,kept_fraction,update_applied
1,1,0.10000000149011612,accepted,1,0.5187575221061707,1.0,True
1,1,0.10000000149011612,accepted,2,0.511559247970581,1.0,True
1,1,0.10000000149011612,accepted,3,0.5190287232398987,1.0,True
1,1,0.10000000149011612,accepted,4,0.47114282846450806,1.0,True
1,1,0.10000000149011612,accepted,5,0.500785231590271,1.0,True
1,1,0.10000000149011612,accepted,6,0.5405471920967102,1.0,True
1,1,0.10000000149011612,accepted,7,0.5568683743476868,1.0,True
1,1,0.10000000149011612,accepted,8,0.5758904218673706,1.0,True
1,1,0.10000000149011612,accepted,9,0.5799844264984131,1.0,True
1,1,0.10000000149011612,accepted,10,0.5644242763519287,1.0,True
1,1,0.10000000149011612,accepted,11,0.5752800107002258,1.0,True
1,1,0.10000000149011612,accepted,12,0.6089626550674438,1.0,True
1,1,0.10000000149011612,accepted,13,0.6135796308517456,1.0,False
1,1,0.10000000149011612,accepted,14,0.6171970963478088,1.0,False
1,1,0.10000000149011612,accepted,15,0.5842679738998413,1.0,True
1,1,0.10000000149011612,accepted,16,0.6323037147521973,1.0,True
1,1,0.10000000149011612,accepted,17,0.6347033977508545,1.0,True
1,1,0.10000000149011612,accepted,18,0.6394814252853394,1.0,True
1,1,0.10000000149011612,accepted,19,0.6720729470252991,1.0,True
1,1,0.10000000149011612,accepted,20,0.6913598775863647,1.0,True
1,1,0.10000000149011612,accepted,21,0.6853100657463074,1.0,True
1,1,0.10000000149011612,accepted,22,0.7009598016738892,1.0,True
1,1,0.10000000149011612,accepted,23,0.7139511704444885,1.0,True
1,1,0.10000000149011612,accepted,24,0.7174923419952393,1.0,True
1,1,0.10000000149011612,accepted,25,0.7056522369384766,1.0,True
1,1,0.10000000149011612,accepted,26,0.7160322070121765,1.0,True
1,1,0.10000000149011612,accepted,27,0.7034348845481873,1.0,True
1,1,0.10000000149011612,accepted,28,0.7140355706214905,1.0,False
1,1,0.10000000149011612,accepted,29,0.718856692314148,1.0,True
1,1,0.10000000149011612,accepted,30,0.7185441255569458,1.0,True
1,1,0.10000000149011612,accepted,31,0.720325231552124,1.0,True
1,1,0.10000000149011612,accepted,32,0.7306339144706726,1.0,True
1,1,0.10000000149011612,accepted,33,0.7457864880561829,1.0,True
1,1,0.10000000149011612,accepted,34,0.7385699152946472,1.0,True
1,1,0.10000000149011612,accepted,35,0.7460995316505432,1.0,True
1,1,0.10000000149011612,accepted,36,0.7443143129348755,1.0,True
1,1,0.10000000149011612,accepted,37,0.7518279552459717,1.0,False
1,1,0.10000000149011612,accepted,38,0.7508963942527771,1.0,True
1,1,0.10000000149011612,accepted,39,0.746771514415741,1.0,True
1,1,0.10000000149011612,accepted,40,0.7491453886032104,1.0,True
1,1,0.10000000149011612,accepted,41,0.752226710319519,1.0,True
1,1,0.10000000149011612,accepted,42,0.7518193125724792,1.0,True
1,1,0.10000000149011612,accepted,43,0.7590698599815369,1.0,True
1,1,0.10000000149011612,accepted,44,0.7650437355041504,1.0,True
1,1,0.10000000149011612,accepted,45,0.7637752890586853,1.0,True
1,1,0.10000000149011612,accepted,46,0.7692137956619263,1.0,True
1,1,0.10000000149011612,accepted,47,0.7689175009727478,1.0,True
1,1,0.10000000149011612,accepted,48,0.7672356963157654,1.0,True
1,1,0.10000000149011612,accepted,49,0.76280277967453,1.0,True
1,1,0.10000000149011612,accepted,50,0.7677070498466492,1.0,True
1,1,0.10000000149011612,accepted,51,0.7706382870674133,1.0,True
1,1,0.10000000149011612,accepted,52,0.7793506383895874,1.0,True
1,1,0.10000000149011612,accepted,53,0.7653152346611023,1.0,True
1,1,0.10000000149011612,accepted,54,0.7723274827003479,1.0,True
1,1,0.10000000149011612,accepted,55,0.780442476272583,1.0,False
1,1,0.10000000149011612,accepted,56,0.7664049863815308,1.0,True
1,1,0.10000000149011612,accepted,57,0.7749955058097839,1.0,True
1,1,0.10000000149011612,accepted,58,0.7827321887016296,1.0,True
1,1,0.10000000149011612,accepted,59,0.7742626667022705,1.0,True
1,1,0.10000000149011612,accepted,60,0.7822844982147217,1.0,True
1,1,0.10000000149011612,accepted,61,0.7837780117988586,1.0,True
1,1,0.10000000149011612,accepted,62,0.7797549962997437,1.0,True
1,1,0.10000000149011612,accepted,63,0.782785952091217,1.0,True
1,1,0.10000000149011612,accepted,64,0.7803084850311279,1.0,True
1,1,0.10000000149011612,accepted,65,0.7810261249542236,1.0,True
1,1,0.10000000149011612,accepted,66,0.7815209031105042,1.0,True
1,1,0.10000000149011612,accepted,67,0.7823650240898132,1.0,True
1,1,0.10000000149011612,accepted,68,0.7905703783035278,1.0,True
1,1,0.10000000149011612,accepted,69,0.7898650169372559,1.0,True
1,1,0.10000000149011612,accepted,70,0.7890308499336243,1.0,True
1,1,0.10000000149011612,accepted,71,0.7838975787162781,1.0,True
1,1,0.10000000149011612,accepted,72,0.7798591256141663,1.0,True
1,1,0.10000000149011612,accepted,73,0.7952799201011658,1.0,True
1,1,0.10000000149011612,accepted,74,0.7846096158027649,1.0,False
1,1,0.10000000149011612,accepted,75,0.7924665808677673,1.0,True
1,1,0.10000000149011612,accepted,76,0.7895787954330444,1.0,True
1,1,0.10000000149011612,accepted,77,0.7921038866043091,1.0,True
1,1,0.10000000149011612,accepted,78,0.7871458530426025,1.0,True
1,1,0.10000000149011612,accepted,79,0.7897836565971375,1.0,True
1,1,0.10000000149011612,accepted,80,0.7897866368293762,1.0,False
1,1,0.10000000149011612,accepted,81,0.7841996550559998,1.0,True
1,1,0.10000000149011612,accepted,82,0.7868726253509521,1.0,True
1,1,0.10000000149011612,accepted,83,0.7870737910270691,1.0,True
1,1,0.10000000149011612,accepted,84,0.7865245342254639,1.0,True
1,1,0.10000000149011612,accepted,85,0.7885825037956238,1.0,True
1,1,0.10000000149011612,accepted,86,0.7898258566856384,1.0,True
1,1,0.10000000149011612,accepted,87,0.7952587008476257,1.0,True
1,1,0.10000000149011612,accepted,88,0.7923305630683899,1.0,True
1,1,0.10000000149011612,accepted,89,0.7878788709640503,1.0,False
1,1,0.10000000149011612,accepted,90,0.7925542593002319,1.0,True
1,1,0.10000000149011612,accepted,91,0.7898439168930054,1.0,True
1,1,0.10000000149011612,accepted,92,0.7980819940567017,1.0,True
1,1,0.10000000149011612,accepted,93,0.7997673749923706,1.0,True
1,1,0.10000000149011612,accepted,94,0.7916899919509888,1.0,True
1,1,0.10000000149011612,accepted,95,0.801010012626648,1.0,True
1,1,0.10000000149011612,accepted,96,0.7958261370658875,1.0,True
1,1,0.10000000149011612,accepted,97,0.7978780269622803,1.0,True
1,1,0.10000000149011612,accepted,98,0.7955621480941772,1.0,True
1,1,0.10000000149011612,accepted,99,0.789497435092926,1.0,True
1,1,0.10000000149011612,accepted,100,0.7994775772094727,1.0,True
1,1,0.10000000149011612,accepted,101,0.7910802364349365,1.0,True
1,1,0.10000000149011612,accepted,102,0.8013797998428345,1.0,True
1,1,0.10000000149011612,accepted,103,0.8003502488136292,1.0,False
1,1,0.10000000149011612,accepted,104,0.7902417778968811,1.0,True
1,1,0.10000000149011612,accepted,105,0.7952647805213928,1.0,True
1,1,0.10000000149011612,accepted,106,0.7960538864135742,1.0,True
1,1,0.10000000149011612,accepted,107,0.8020802140235901,1.0,True
1,1,0.10000000149011612,accepted,108,0.8066244125366211,1.0,True
1,1,0.10000000149011612,accepted,109,0.7993098497390747,1.0,True
1,1,0.10000000149011612,accepted,110,0.7949159741401672,1.0,True
1,1,0.10000000149011612,accepted,111,0.7916447520256042,1.0,True
1,1,0.10000000149011612,accepted,112,0.7988099455833435,1.0,True
1,1,0.10000000149011612,accepted,113,0.79615718126297,1.0,False
1,1,0.10000000149011612,accepted,114,0.7926419377326965,1.0,False
1,1,0.10000000149011612,accepted,115,0.7921068668365479,1.0,True
1,1,0.10000000149011612,accepted,116,0.8011597990989685,1.0,True
1,1,0.10000000149011612,accepted,117,0.8016366362571716,1.0,True
1,1,0.10000000149011612,accepted,118,0.8005853891372681,1.0,True
1,1,0.10000000149011612,accepted,119,0.791294515132904,1.0,True
1,1,0.10000000149011612,accepted,120,0.8049246072769165,1.0,True
1,1,0.10000000149011612,accepted,121,0.7975432872772217,1.0,True
1,1,0.10000000149011612,accepted,122,0.797397255897522,1.0,True
1,1,0.10000000149011612,accepted,123,0.8006312251091003,1.0,True
1,1,0.10000000149011612,accepted,124,0.7900005578994751,1.0,True
1,1,0.10000000149011612,accepted,125,0.7962543368339539,1.0,True
1,1,0.10000000149011612,accepted,126,0.8047096729278564,1.0,True
1,1,0.10000000149011612,accepted,127,0.798054575920105,1.0,True
1,1,0.10000000149011612,accepted,128,0.7999687194824219,1.0,True
1,1,0.10000000149011612,accepted,129,0.7996758222579956,1.0,True
1,1,0.10000000149011612,accepted,130,0.7935556173324585,1.0,True
1,1,0.10000000149011612,accepted,131,0.7991635203361511,1.0,True
1,1,0.10000000149011612,accepted,132,0.8059477210044861,1.0,True
1,1,0.10000000149011612,accepted,133,0.808562159538269,1.0,True
1,1,0.10000000149011612,accepted,134,0.8049399852752686,1.0,True
1,1,0.10000000149011612,accepted,135,0.8038138747215271,1.0,True
1,1,0.10000000149011612,accepted,136,0.7944279313087463,1.0,True
1,1,0.10000000149011612,accepted,137,0.801728367805481,1.0,True
1,1,0.10000000149011612,accepted,138,0.8035992383956909,1.0,True
1,1,0.10000000149011612,accepted,139,0.8029434680938721,1.0,True
1,1,0.10000000149011612,accepted,140,0.798444390296936,1.0,True
1,1,0.10000000149011612,accepted,141,0.801275908946991,1.0,False
1,1,0.10000000149011612,accepted,142,0.8075603246688843,1.0,True
1,1,0.10000000149011612,accepted,143,0.8027474880218506,1.0,True
1,1,0.10000000149011612,accepted,144,0.8038628697395325,1.0,True
1,1,0.10000000149011612,accepted,145,0.8013889789581299,1.0,True
1,1,0.10000000149011612,accepted,146,0.8067074418067932,1.0,True
1,1,0.10000000149011612,accepted,147,0.8042217493057251,1.0,True
1,1,0.10000000149011612,accepted,148,0.8014776706695557,1.0,True
1,1,0.10000000149011612,accepted,149,0.8088706731796265,1.0,False
1,1,0.10000000149011612,accepted,150,0.7988099455833435,1.0,True
1,1,0.10000000149011612,accepted,151,0.8022209405899048,1.0,False
1,1,0.10000000149011612,accepted,152,0.7966310381889343,1.0,True
1,1,0.10000000149011612,accepted,153,0.8074125051498413,1.0,True
1,1,0.10000000149011612,accepted,154,0.8041174411773682,1.0,False
1,1,0.10000000149011612,accepted,155,0.8053361177444458,1.0,True
1,1,0.10000000149011612,accepted,156,0.8041849732398987,1.0,True
1,1,0.10000000149011612,accepted,157,0.8031947016716003,1.0,False
1,1,0.10000000149011612,accepted,158,0.8055604100227356,1.0,True
1,1,0.10000000149011612,accepted,159,0.8060153722763062,1.0,True
1,1,0.10000000149011612,accepted,160,0.8102170825004578,1.0,True
1,1,0.10000000149011612,accepted,161,0.8065597414970398,1.0,False
1,1,0.10000000149011612,accepted,162,0.8065290451049805,1.0,True
1,1,0.10000000149011612,accepted,163,0.8055666089057922,1.0,True
1,1,0.10000000149011612,accepted,164,0.8065382242202759,1.0,True
1,1,0.10000000149011612,accepted,165,0.8071384429931641,1.0,True
1,1,0.10000000149011612,accepted,166,0.8104335069656372,1.0,True
1,1,0.10000000149011612,accepted,167,0.8093768954277039,1.0,True
1,1,0.10000000149011612,accepted,168,0.8076990246772766,1.0,True
1,1,0.10000000149011612,accepted,169,0.8111541867256165,1.0,True
1,1,0.10000000149011612,accepted,170,0.8106066584587097,1.0,True
1,1,0.10000000149011612,accepted,171,0.8114945888519287,1.0,True
1,1,0.10000000149011612,accepted,172,0.8093243837356567,1.0,True
1,1,0.10000000149011612,accepted,173,0.8057940602302551,1.0,True
1,1,0.10000000149011612,accepted,174,0.8128299117088318,1.0,False
1,1,0.10000000149011612,accepted,175,0.8088305592536926,1.0,True
1,1,0.10000000149011612,accepted,176,0.8103129863739014,1.0,True
1,1,0.10000000149011612,accepted,177,0.8132672309875488,1.0,False
1,1,0.10000000149011612,accepted,178,0.8134347796440125,1.0,True
1,1,0.10000000149011612,accepted,179,0.807046115398407,1.0,True
1,1,0.10000000149011612,accepted,180,0.8105201125144958,1.0,True
1,1,0.10000000149011612,accepted,181,0.8145588040351868,1.0,True
1,1,0.10000000149011612,accepted,182,0.8107241988182068,1.0,True
1,1,0.10000000149011612,accepted,183,0.8147670030593872,1.0,True
1,1,0.10000000149011612,accepted,184,0.8206531405448914,1.0,True
1,1,0.10000000149011612,accepted,185,0.8184084892272949,1.0,True
1,1,0.10000000149011612,accepted,186,0.8211072087287903,1.0,True
1,1,0.10000000149011612,accepted,187,0.8189893960952759,1.0,True
1,1,0.10000000149011612,accepted,188,0.8128050565719604,1.0,True
1,1,0.10000000149011612,accepted,189,0.8162540793418884,1.0,True
1,1,0.10000000149011612,accepted,190,0.8176813721656799,1.0,True
1,1,0.10000000149011612,accepted,191,0.8193487524986267,1.0,True
1,1,0.10000000149011612,accepted,192,0.8141984343528748,1.0,True
1,1,0.10000000149011612,accepted,193,0.8166464567184448,1.0,False
1,1,0.10000000149011612,accepted,194,0.8112500905990601,1.0,True
1,1,0.10000000149011612,accepted,195,0.8179309368133545,1.0,True
1,1,0.10000000149011612,accepted,196,0.8182680010795593,1.0,True
1,1,0.10000000149011612,accepted,197,0.8158897757530212,1.0,True
1,1,0.10000000149011612,accepted,198,0.8209349513053894,1.0,True
1,1,0.10000000149011612,accepted,199,0.8169487118721008,1.0,False
1,1,0.10000000149011612,accepted,200,0.8160204887390137,1.0,True
1,1,0.10000000149011612,accepted,201,0.8243020176887512,1.0,True
1,1,0.10000000149011612,accepted,202,0.8186208009719849,1.0,True
1,1,0.10000000149011612,accepted,203,0.8192362785339355,1.0,True
1,1,0.10000000149011612,accepted,204,0.8165343403816223,1.0,False
1,1,0.10000000149011612,accepted,205,0.8174973726272583,1.0,False
1,1,0.10000000149011612,accepted,206,0.8188613057136536,1.0,True
1,1,0.10000000149011612,accepted,207,0.8202682137489319,1.0,True
1,1,0.10000000149011612,accepted,208,0.8202775716781616,1.0,True
1,1,0.10000000149011612,accepted,209,0.8170796036720276,1.0,False
1,1,0.10000000149011612,accepted,210,0.8195582032203674,1.0,True
1,1,0.10000000149011612,accepted,211,0.8234660625457764,1.0,True
1,1,0.10000000149011612,accepted,212,0.819214403629303,1.0,True
1,1,0.10000000149011612,accepted,213,0.820196270942688,1.0,True
1,1,0.10000000149011612,accepted,214,0.8238714337348938,1.0,True
1,1,0.10000000149011612,accepted,215,0.8232524991035461,1.0,True
1,1,0.10000000149011612,accepted,216,0.8203745484352112,1.0,True
1,1,0.10000000149011612,accepted,217,0.8203026652336121,1.0,True
1,1,0.10000000149011612,accepted,218,0.8224112391471863,1.0,True
1,1,0.10000000149011612,accepted,219,0.818530261516571,1.0,True
1,1,0.10000000149011612,accepted,220,0.8199459910392761,1.0,True
1,1,0.10000000149011612,accepted,221,0.8150250315666199,1.0,True
1,1,0.10000000149011612,accepted,222,0.8250381946563721,1.0,False
1,1,0.10000000149011612,accepted,223,0.8180495500564575,1.0,True
1,1,0.10000000149011612,accepted,224,0.8162136077880859,1.0,True
1,1,0.10000000149011612,accepted,225,0.8262193202972412,1.0,True
1,1,0.10000000149011612,accepted,226,0.8238211274147034,1.0,False
1,1,0.10000000149011612,accepted,227,0.824556827545166,1.0,True
1,1,0.10000000149011612,accepted,228,0.8202651143074036,1.0,True
1,1,0.10000000149011612,accepted,229,0.8243334889411926,1.0,True
1,1,0.10000000149011612,accepted,230,0.8265345096588135,1.0,True
1,1,0.10000000149011612,accepted,231,0.8276830315589905,1.0,True
1,1,0.10000000149011612,accepted,232,0.8267048001289368,1.0,True
1,1,0.10000000149011612,accepted,233,0.8349641561508179,1.0,True
1,1,0.10000000149011612,accepted,234,0.8297568559646606,1.0,True
1,1,0.10000000149011612,accepted,235,0.830735445022583,1.0,True
1,1,0.10000000149011612,accepted,236,0.8255859613418579,1.0,True
1,1,0.10000000149011612,accepted,237,0.8279608488082886,1.0,True
1,1,0.10000000149011612,accepted,238,0.8297885060310364,1.0,False
1,1,0.10000000149011612,accepted,239,0.82891845703125,1.0,True
1,1,0.10000000149011612,accepted,240,0.8248431086540222,1.0,True
1,1,0.10000000149011612,accepted,241,0.8314773440361023,1.0,True
1,1,0.10000000149011612,accepted,242,0.8286908268928528,1.0,True
1,1,0.10000000149011612,accepted,243,0.8275283575057983,1.0,True
1,1,0.10000000149011612,accepted,244,0.8268561959266663,1.0,True
1,1,0.10000000149011612,accepted,245,0.8335288763046265,1.0,True
1,1,0.10000000149011612,accepted,246,0.8279640674591064,1.0,True
1,1,0.10000000149011612,accepted,247,0.8290955424308777,1.0,False
1,1,0.10000000149011612,accepted,248,0.8282641172409058,1.0,True
1,1,0.10000000149011612,accepted,249,0.8341841697692871,1.0,True
1,1,0.10000000149011612,accepted,250,0.8291208744049072,1.0,True
1,1,0.10000000149011612,accepted,251,0.830478847026825,1.0,True
1,1,0.10000000149011612,accepted,252,0.8362902402877808,1.0,True
1,1,0.10000000149011612,accepted,253,0.831217348575592,1.0,True
1,1,0.10000000149011612,accepted,254,0.8348749279975891,1.0,True
1,1,0.10000000149011612,accepted,255,0.8266543745994568,1.0,True
1,1,0.10000000149011612,accepted,256,0.8350819945335388,1.0,True
1,1,0.10000000149011612,accepted,257,0.8353559970855713,1.0,True
1,1,0.10000000149011612,accepted,258,0.8305073380470276,1.0,True
1,1,0.10000000149011612,accepted,259,0.8354261517524719,1.0,True
1,1,0.10000000149011612,accepted,260,0.8314614295959473,1.0,True
1,1,0.10000000149011612,accepted,261,0.8367210030555725,1.0,True
1,1,0.10000000149011612,accepted,262,0.8363986611366272,1.0,True
1,1,0.10000000149011612,accepted,263,0.8358021974563599,1.0,True
1,1,0.10000000149011612,accepted,264,0.8386062979698181,1.0,True
1,1,0.10000000149011612,accepted,265,0.8396754860877991,1.0,True
1,1,0.10000000149011612,accepted,266,0.8370881080627441,1.0,True
1,1,0.10000000149011612,accepted,267,0.8407298922538757,1.0,True
1,1,0.10000000149011612,accepted,268,0.8429811596870422,1.0,False
1,1,0.10000000149011612,accepted,269,0.8368901610374451,1.0,True
1,1,0.10000000149011612,accepted,270,0.8398067951202393,1.0,True
1,1,0.10000000149011612,accepted,271,0.8412753343582153,1.0,False
1,1,0.10000000149011612,accepted,272,0.8406593799591064,1.0,True
1,1,0.10000000149011612,accepted,273,0.8325119614601135,1.0,True
1,1,0.10000000149011612,accepted,274,0.8444551825523376,1.0,True
1,1,0.10000000149011612,accepted,275,0.8390254974365234,1.0,True
1,1,0.10000000149011612,accepted,276,0.8396434187889099,1.0,True
1,1,0.10000000149011612,accepted,277,0.8429393172264099,1.0,True
1,1,0.10000000149011612,accepted,278,0.8435923457145691,1.0,True
1,1,0.10000000149011612,accepted,279,0.842036247253418,1.0,True
1,1,0.10000000149011612,accepted,280,0.8397491574287415,1.0,False
1,1,0.10000000149011612,accepted,281,0.8433285355567932,1.0,True
1,1,0.10000000149011612,accepted,282,0.8462998270988464,1.0,True
1,1,0.10000000149011612,accepted,283,0.8418917655944824,1.0,True
1,1,0.10000000149011612,accepted,284,0.8421582579612732,1.0,True
1,1,0.10000000149011612,accepted,285,0.8406144380569458,1.0,True
1,1,0.10000000149011612,accepted,286,0.8455576300621033,1.0,True
1,1,0.10000000149011612,accepted,287,0.8455511927604675,1.0,False
1,1,0.10000000149011612,accepted,288,0.8435376286506653,1.0,True
1,1,0.10000000149011612,accepted,289,0.846784234046936,1.0,True
1,1,0.10000000149011612,accepted,290,0.8465743064880371,1.0,True
1,1,0.10000000149011612,accepted,291,0.847740888595581,1.0,True
1,1,0.10000000149011612,accepted,292,0.8456350564956665,1.0,True
1,1,0.10000000149011612,accepted,293,0.8474498987197876,1.0,True
1,1,0.10000000149011612,accepted,294,0.8478024005889893,1.0,True
1,1,0.10000000149011612,accepted,295,0.847896158695221,1.0,True
1,1,0.10000000149011612,accepted,296,0.8498942255973816,1.0,True
1,1,0.10000000149011612,accepted,297,0.846228837966919,1.0,True
1,1,0.10000000149011612,accepted,298,0.8444069027900696,1.0,True
1,1,0.10000000149011612,accepted,299,0.8510459065437317,1.0,True
1,1,0.10000000149011612,accepted,300,0.8442876935005188,1.0,True
1,1,0.10000000149011612,accepted,301,0.8471719622612,1.0,True
1,1,0.10000000149011612,accepted,302,0.8460932970046997,1.0,True
1,1,0.10000000149011612,accepted,303,0.8456221222877502,1.0,True
1,1,0.10000000149011612,accepted,304,0.8458996415138245,1.0,True
1,1,0.10000000149011612,accepted,305,0.8525177836418152,1.0,True
1,1,0.10000000149011612,accepted,306,0.8499622344970703,1.0,True
1,1,0.10000000149011612,accepted,307,0.8510069251060486,1.0,True
1,1,0.10000000149011612,accepted,308,0.8541715145111084,1.0,True
1,1,0.10000000149011612,accepted,309,0.8500303626060486,1.0,True
1,1,0.10000000149011612,accepted,310,0.8526056408882141,1.0,True
1,1,0.10000000149011612,accepted,311,0.8465743064880371,1.0,True
1,1,0.10000000149011612,accepted,312,0.8531717658042908,1.0,True
1,1,0.10000000149011612,accepted,313,0.8512244820594788,1.0,True
1,1,0.10000000149011612,accepted,314,0.8562136888504028,1.0,True
1,1,0.10000000149011612,accepted,315,0.8585948348045349,1.0,False
1,1,0.10000000149011612,accepted,316,0.8546245694160461,1.0,True
1,1,0.10000000149011612,accepted,317,0.851250410079956,1.0,False
1,1,0.10000000149011612,accepted,318,0.8539792895317078,1.0,True
1,1,0.10000000149011612,accepted,319,0.8499850034713745,1.0,True
1,1,0.10000000149011612,accepted,320,0.8543018102645874,1.0,True
1,1,0.10000000149011612,accepted,321,0.8512342572212219,1.0,True
1,1,0.10000000149011612,accepted,322,0.8539955615997314,1.0,True
1,1,0.10000000149011612,accepted,323,0.854843020439148,1.0,True
1,1,0.10000000149011612,accepted,324,0.8567266464233398,1.0,True
1,1,0.10000000149011612,accepted,325,0.8541030287742615,1.0,True
1,1,0.10000000149011612,accepted,326,0.8554986715316772,1.0,True
1,1,0.10000000149011612,accepted,327,0.8558969497680664,1.0,True
1,1,0.10000000149011612,accepted,328,0.8551397919654846,1.0,False
1,1,0.10000000149011612,accepted,329,0.8574001789093018,1.0,True
1,1,0.10000000149011612,accepted,330,0.8550843000411987,1.0,True
1,1,0.10000000149011612,accepted,331,0.8575636744499207,1.0,True
1,1,0.10000000149011612,accepted,332,0.8546668887138367,1.0,True
1,1,0.10000000149011612,accepted,333,0.8545854091644287,1.0,True
1,1,0.10000000149011612,accepted,334,0.8584080934524536,1.0,True
1,1,0.10000000149011612,accepted,335,0.8591353893280029,1.0,True
1,1,0.10000000149011612,accepted,336,0.8557435274124146,1.0,True
1,1,0.10000000149011612,accepted,337,0.8574753999710083,1.0,True
1,1,0.10000000149011612,accepted,338,0.857217013835907,1.0,True
1,1,0.10000000149011612,accepted,339,0.8589912056922913,1.0,True
1,1,0.10000000149011612,accepted,340,0.8552245497703552,1.0,True
1,1,0.10000000149011612,accepted,341,0.8621821403503418,1.0,True
1,1,0.10000000149011612,accepted,342,0.8641512393951416,1.0,True
1,1,0.10000000149011612,accepted,343,0.8622052073478699,1.0,True
1,1,0.10000000149011612,accepted,344,0.8618500232696533,1.0,True
1,1,0.10000000149011612,accepted,345,0.8586668372154236,1.0,True
1,1,0.10000000149011612,accepted,346,0.861945390701294,1.0,True
1,1,0.10000000149011612,accepted,347,0.8597451448440552,1.0,True
1,1,0.10000000149011612,accepted,348,0.865064799785614,1.0,True
1,1,0.10000000149011612,accepted,349,0.8615147471427917,1.0,True
1,1,0.10000000149011612,accepted,350,0.8624781966209412,1.0,True
1,1,0.10000000149011612,accepted,351,0.8586438894271851,1.0,True
1,1,0.10000000149011612,accepted,352,0.8601585030555725,1.0,True
1,1,0.10000000149011612,accepted,353,0.8611993193626404,1.0,True
1,1,0.10000000149011612,accepted,354,0.8600929379463196,1.0,True
1,1,0.10000000149011612,accepted,355,0.8609628081321716,1.0,True
1,1,0.10000000149011612,accepted,356,0.8633109927177429,1.0,True
1,1,0.10000000149011612,accepted,357,0.8664981722831726,1.0,True
1,1,0.10000000149011612,accepted,358,0.8651472926139832,1.0,True
1,1,0.10000000149011612,accepted,359,0.8646721839904785,1.0,True
1,1,0.10000000149011612,accepted,360,0.8660883903503418,1.0,True
1,1,0.10000000149011612,accepted,361,0.8683379888534546,1.0,True
1,1,0.10000000149011612,accepted,362,0.8651605248451233,1.0,True
1,1,0.10000000149011612,accepted,363,0.8661643862724304,1.0,True
1,1,0.10000000149011612,accepted,364,0.8666172027587891,1.0,True
1,1,0.10000000149011612,accepted,365,0.8653222918510437,1.0,True
1,1,0.10000000149011612,accepted,366,0.8653090596199036,1.0,True
1,1,0.10000000149011612,accepted,367,0.8667725920677185,1.0,True
1,1,0.10000000149011612,accepted,368,0.8663527965545654,1.0,True
1,1,0.10000000149011612,accepted,369,0.8646886944770813,1.0,True
1,1,0.10000000149011612,accepted,370,0.8707029223442078,1.0,True
1,1,0.10000000149011612,accepted,371,0.8673182725906372,1.0,True
1,1,0.10000000149011612,accepted,372,0.8672091364860535,1.0,True
1,1,0.10000000149011612,accepted,373,0.8671033382415771,1.0,True
1,1,0.10000000149011612,accepted,374,0.8665147423744202,1.0,True
1,1,0.10000000149011612,accepted,375,0.8637887239456177,1.0,False
1,1,0.10000000149011612,accepted,376,0.864837110042572,1.0,False
1,1,0.10000000149011612,accepted,377,0.8663197159767151,1.0,True
1,1,0.10000000149011612,accepted,378,0.8710950016975403,1.0,True
1,1,0.10000000149011612,accepted,379,0.870151698589325,1.0,True
1,1,0.10000000149011612,accepted,380,0.8697236776351929,1.0,True
1,1,0.10000000149011612,accepted,381,0.871224582195282,1.0,True
1,1,0.10000000149011612,accepted,382,0.8686559796333313,1.0,True
1,1,0.10000000149011612,accepted,383,0.8673084378242493,1.0,True
1,1,0.10000000149011612,accepted,384,0.8673580288887024,1.0,True
1,1,0.10000000149011612,accepted,385,0.8697336316108704,1.0,False
1,1,0.10000000149011612,accepted,386,0.8694019317626953,1.0,True
1,1,0.10000000149011612,accepted,387,0.8651506304740906,1.0,True
1,1,0.10000000149011612,accepted,388,0.8698264956474304,1.0,True
1,1,0.10000000149011612,accepted,389,0.8743575811386108,1.0,True
1,1,0.10000000149011612,accepted,390,0.871294379234314,1.0,True
1,1,0.10000000149011612,accepted,391,0.8654642105102539,1.0,True
1,1,0.10000000149011612,accepted,392,0.8703343868255615,1.0,True
1,1,0.10000000149011612,accepted,393,0.8699393272399902,1.0,True
1,1,0.10000000149011612,accepted,394,0.8741975426673889,1.0,True
1,1,0.10000000149011612,accepted,395,0.8746311068534851,1.0,True
1,1,0.10000000149011612,accepted,396,0.8725350499153137,1.0,True
1,1,0.10000000149011612,accepted,397,0.8669478893280029,1.0,True
1,1,0.10000000149011612,accepted,398,0.867324948310852,1.0,True
1,1,0.10000000149011612,accepted,399,0.8734142184257507,1.0,True
1,1,0.10000000149011612,accepted,400,0.8682518005371094,1.0,True
1,1,0.10000000149011612,accepted,401,0.8712710738182068,1.0,True
1,1,0.10000000149011612,accepted,402,0.8709155917167664,1.0,True
1,1,0.10000000149011612,accepted,403,0.873814046382904,1.0,True
1,1,0.10000000149011612,accepted,404,0.8704605102539062,1.0,True
1,1,0.10000000149011612,accepted,405,0.874881386756897,1.0,True
1,1,0.10000000149011612,accepted,406,0.8711680769920349,1.0,True
1,1,0.10000000149011612,accepted,407,0.8766018152236938,1.0,True
1,1,0.10000000149011612,accepted,408,0.8705136775970459,1.0,True
1,1,0.10000000149011612,accepted,409,0.8711082339286804,1.0,True
1,1,0.10000000149011612,accepted,410,0.873094379901886,1.0,True
1,1,0.10000000149011612,accepted,411,0.8732009530067444,1.0,True
1,1,0.10000000149011612,accepted,412,0.8736674189567566,1.0,True
1,1,0.10000000149011612,accepted,413,0.8747579455375671,1.0,True
1,1,0.10000000149011612,accepted,414,0.871134877204895,1.0,True
1,1,0.10000000149011612,accepted,415,0.8735307455062866,1.0,False
1,1,0.10000000149011612,accepted,416,0.8740007877349854,1.0,True
1,1,0.10000000149011612,accepted,417,0.8765550255775452,1.0,True
1,1,0.10000000149011612,accepted,418,0.8767021298408508,1.0,True
1,1,0.10000000149011612,accepted,419,0.8757896423339844,1.0,True
1,1,0.10000000149011612,accepted,420,0.8734541535377502,1.0,True
1,1,0.10000000149011612,accepted,421,0.8756793737411499,1.0,True
1,1,0.10000000149011612,accepted,422,0.8769028186798096,1.0,True
1,1,0.10000000149011612,accepted,423,0.878228485584259,1.0,True
1,1,0.10000000149011612,accepted,424,0.8796064853668213,1.0,True
1,1,0.10000000149011612,accepted,425,0.8747678995132446,1.0,True
1,1,0.10000000149011612,accepted,426,0.8757261633872986,1.0,True
1,1,0.10000000149011612,accepted,427,0.8768125176429749,1.0,True
1,1,0.10000000149011612,accepted,428,0.87779301404953,1.0,True
1,1,0.10000000149011612,accepted,429,0.8747245669364929,1.0,True
1,1,0.10000000149011612,accepted,430,0.8749414682388306,1.0,True
1,1,0.10000000149011612,accepted,431,0.8774682879447937,1.0,True
1,1,0.10000000149011612,accepted,432,0.8787781000137329,1.0,True
1,1,0.10000000149011612,accepted,433,0.8779404163360596,1.0,True
1,1,0.10000000149011612,accepted,434,0.8771805167198181,1.0,True
1,1,0.10000000149011612,accepted,435,0.8783758878707886,1.0,True
1,1,0.10000000149011612,accepted,436,0.8794320225715637,1.0,True
1,1,0.10000000149011612,accepted,437,0.8769864439964294,1.0,True
1,1,0.10000000149011612,accepted,438,0.8791837692260742,1.0,True
1,1,0.10000000149011612,accepted,439,0.8784697651863098,1.0,True
1,1,0.10000000149011612,accepted,440,0.8755224347114563,1.0,True
1,1,0.10000000149011612,accepted,441,0.880653977394104,1.0,True
1,1,0.10000000149011612,accepted,442,0.87909996509552,1.0,True
1,1,0.10000000149011612,accepted,443,0.8797876834869385,1.0,True
1,1,0.10000000149011612,accepted,444,0.8799588680267334,1.0,True
1,1,0.10000000149011612,accepted,445,0.8735607862472534,1.0,True
1,1,0.10000000149011612,accepted,446,0.8761571645736694,1.0,True
1,1,0.10000000149011612,accepted,447,0.8772473931312561,1.0,True
1,1,0.10000000149011612,accepted,448,0.876872718334198,1.0,True
1,1,0.10000000149011612,accepted,449,0.8787579536437988,1.0,True
1,1,0.10000000149011612,accepted,450,0.881756603717804,1.0,True
1,1,0.10000000149011612,accepted,451,0.8794219493865967,1.0,True
1,1,0.10000000149011612,accepted,452,0.8788987994194031,1.0,True
1,1,0.10000000149011612,accepted,453,0.8797004222869873,1.0,True
1,1,0.10000000149011612,accepted,454,0.8793582320213318,1.0,True
1,1,0.10000000149011612,accepted,455,0.8795930743217468,1.0,True
1,1,0.10000000149011612,accepted,456,0.8789792656898499,1.0,True
1,1,0.10000000149011612,accepted,457,0.8785234093666077,1.0,True
1,1,0.10000000149011612,accepted,458,0.8791167140007019,1.0,True
1,1,0.10000000149011612,accepted,459,0.880073070526123,1.0,True
1,1,0.10000000149011612,accepted,460,0.8774917721748352,1.0,True
1,1,0.10000000149011612,accepted,461,0.8818709254264832,1.0,True
1,1,0.10000000149011612,accepted,462,0.8826484084129333,1.0,True
1,1,0.10000000149011612,accepted,463,0.8798413872718811,1.0,True
1,1,0.10000000149011612,accepted,464,0.8796970844268799,1.0,True
1,1,0.10000000149011612,accepted,465,0.8792978525161743,1.0,False
1,1,0.10000000149011612,accepted,466,0.881121039390564,1.0,True
1,1,0.10000000149011612,accepted,467,0.8812185525894165,1.0,True
1,1,0.10000000149011612,accepted,468,0.881282389163971,1.0,True
1,1,0.10000000149011612,accepted,469,0.8840468525886536,1.0,True
1,1,0.10000000149011612,accepted,470,0.8811479806900024,1.0,True
1,1,0.10000000149011612,accepted,471,0.8827561140060425,1.0,True
1,1,0.10000000149011612,accepted,472,0.8833827376365662,1.0,True
1,1,0.10000000149011612,accepted,473,0.8813698887825012,1.0,True
1,1,0.10000000149011612,accepted,474,0.8806204199790955,1.0,True
1,1,0.10000000149011612,accepted,475,0.8827494382858276,1.0,True
1,1,0.10000000149011612,accepted,476,0.8792911767959595,1.0,True
1,1,0.10000000149011612,accepted,477,0.8819718360900879,1.0,True
1,1,0.10000000149011612,accepted,478,0.8817363977432251,1.0,True
1,1,0.10000000149011612,accepted,479,0.8795192241668701,1.0,True
1,1,0.10000000149011612,accepted,480,0.8841210603713989,1.0,True
1,1,0.10000000149011612,accepted,481,0.8779571652412415,1.0,True
1,1,0.10000000149011612,accepted,482,0.882816731929779,1.0,True
1,1,0.10000000149011612,accepted,483,0.8821603059768677,1.0,True
1,1,0.10000000149011612,accepted,484,0.8834164142608643,1.0,True
1,1,0.10000000149011612,accepted,485,0.8809664845466614,1.0,True
1,1,0.10000000149011612,accepted,486,0.8808925747871399,1.0,True
1,1,0.10000000149011612,accepted,487,0.8804524540901184,1.0,True
1,1,0.10000000149011612,accepted,488,0.8856062889099121,1.0,True
1,1,0.10000000149011612,accepted,489,0.8826382756233215,1.0,True
1,1,0.10000000149011612,accepted,490,0.8828336000442505,1.0,True
1,1,0.10000000149011612,accepted,491,0.8814471960067749,1.0,True
1,1,0.10000000149011612,accepted,492,0.8844111561775208,1.0,False
1,1,0.10000000149011612,accepted,493,0.8854846358299255,1.0,True
1,1,0.10000000149011612,accepted,494,0.8825574517250061,1.0,True
1,1,0.10000000149011612,accepted,495,0.8818575143814087,1.0,True
1,1,0.10000000149011612,accepted,496,0.8837096095085144,1.0,True
1,1,0.10000000149011612,accepted,497,0.8827999234199524,1.0,True
1,1,0.10000000149011612,accepted,498,0.8827797174453735,1.0,False
1,1,0.10000000149011612,accepted,499,0.8824026584625244,1.0,True
1,1,0.10000000149011612,accepted,500,0.8834534883499146,1.0,True
2,1,0.23000000417232513,accepted,1,0.12606747448444366,1.0,True
2,1,0.23000000417232513,accepted,2,0.15409442782402039,1.0,True
2,1,0.23000000417232513,accepted,3,0.1532602310180664,1.0,True
2,1,0.23000000417232513,accepted,4,0.18459369242191315,1.0,True
2,1,0.23000000417232513,accepted,5,0.16054244339466095,1.0,True
2,1,0.23000000417232513,accepted,6,0.1914542019367218,1.0,True
2,1,0.23000000417232513,accepted,7,0.054221563041210175,1.0,True
2,1,0.23000000417232513,accepted,8,0.1668645143508911,1.0,True
2,1,0.23000000417232513,accepted,9,0.20159514248371124,1.0,True
2,1,0.23000000417232513,accepted,10,0.1847599446773529,1.0,True
2,1,0.23000000417232513,accepted,11,0.17893551290035248,1.0,True
2,1,0.23000000417232513,accepted,12,0.2227364182472229,1.0,True
2,1,0.23000000417232513,accepted,13,0.1145862340927124,1.0,True
2,1,0.23000000417232513,accepted,14,0.18228310346603394,1.0,True
2,1,0.23000000417232513,accepted,15,0.21856917440891266,1.0,True
2,1,0.23000000417232513,accepted,16,0.15658019483089447,1.0,True
2,1,0.23000000417232513,accepted,17,0.22310037910938263,1.0,True
2,1,0.23000000417232513,accepted,18,0.17232365906238556,1.0,True
2,1,0.23000000417232513,accepted,19,0.23736141622066498,1.0,True
2,1,0.23000000417232513,accepted,20,0.21240606904029846,1.0,True
2,1,0.23000000417232513,accepted,21,0.22577069699764252,1.0,True
2,1,0.23000000417232513,accepted,22,0.1286981850862503,1.0,True
2,1,0.23000000417232513,accepted,23,0.2567683458328247,1.0,True
2,1,0.23000000417232513,accepted,24,0.26606956124305725,1.0,True
2,1,0.23000000417232513,accepted,25,0.26497364044189453,1.0,True
2,1,0.23000000417232513,accepted,26,0.31988999247550964,1.0,True
2,1,0.23000000417232513,accepted,27,0.2465175837278366,1.0,True
2,1,0.23000000417232513,accepted,28,0.3177373707294464,1.0,True
2,1,0.23000000417232513,accepted,29,0.3798918128013611,1.0,True
2,1,0.23000000417232513,accepted,30,0.35591280460357666,1.0,True
2,1,0.23000000417232513,accepted,31,0.3478577733039856,1.0,True
2,1,0.23000000417232513,accepted,32,0.2759992182254791,1.0,True
2,1,0.23000000417232513,accepted,33,0.36909955739974976,1.0,True
2,1,0.23000000417232513,accepted,34,0.3985821008682251,1.0,True
2,1,0.23000000417232513,accepted,35,0.41596293449401855,1.0,True
2,1,0.23000000417232513,accepted,36,0.3887627422809601,1.0,True
2,1,0.23000000417232513,accepted,37,0.4371293783187866,1.0,True
2,1,0.23000000417232513,accepted,38,0.40522506833076477,1.0,True
2,1,0.23000000417232513,accepted,39,0.3687547743320465,1.0,True
2,1,0.23000000417232513,accepted,40,0.41726136207580566,1.0,True
2,1,0.23000000417232513,accepted,41,0.4146590828895569,1.0,True
2,1,0.23000000417232513,accepted,42,0.4061768651008606,1.0,True
2,1,0.23000000417232513,accepted,43,0.42781689763069153,1.0,False
2,1,0.23000000417232513,accepted,44,0.4163344204425812,1.0,False
2,1,0.23000000417232513,accepted,45,0.4149850308895111,1.0,True
2,1,0.23000000417232513,accepted,46,0.40957653522491455,1.0,True
2,1,0.23000000417232513,accepted,47,0.4507250189781189,1.0,True
2,1,0.23000000417232513,accepted,48,0.3575512170791626,1.0,True
2,1,0.23000000417232513,accepted,49,0.4457288980484009,1.0,True
2,1,0.23000000417232513,accepted,50,0.4103616178035736,1.0,True
2,1,0.23000000417232513,accepted,51,0.47032758593559265,1.0,True
2,1,0.23000000417232513,accepted,52,0.4519922435283661,1.0,True
2,1,0.23000000417232513,accepted,53,0.46726420521736145,1.0,True
2,1,0.23000000417232513,accepted,54,0.42688435316085815,1.0,True
2,1,0.23000000417232513,accepted,55,0.47360432147979736,1.0,True
2,1,0.23000000417232513,accepted,56,0.4789658784866333,1.0,True
2,1,0.23000000417232513,accepted,57,0.469606876373291,1.0,True
2,1,0.23000000417232513,accepted,58,0.47770681977272034,1.0,True
2,1,0.23000000417232513,accepted,59,0.4436745345592499,1.0,True
2,1,0.23000000417232513,accepted,60,0.4817364513874054,1.0,True
2,1,0.23000000417232513,accepted,61,0.43140920996665955,1.0,True
2,1,0.23000000417232513,accepted,62,0.4682580828666687,1.0,True
2,1,0.23000000417232513,accepted,63,0.48357391357421875,1.0,True
2,1,0.23000000417232513,accepted,64,0.5053988695144653,1.0,True
2,1,0.23000000417232513,accepted,65,0.47419363260269165,1.0,True
2,1,0.23000000417232513,accepted,66,0.4783523380756378,1.0,True
2,1,0.23000000417232513,accepted,67,0.5180337429046631,1.0,True
2,1,0.23000000417232513,accepted,68,0.5228920578956604,1.0,True
2,1,0.23000000417232513,accepted,69,0.4908238649368286,1.0,True
2,1,0.23000000417232513,accepted,70,0.5195319056510925,1.0,True
2,1,0.23000000417232513,accepted,71,0.5134066939353943,1.0,True
2,1,0.23000000417232513,accepted,72,0.49412277340888977,1.0,True
2,1,0.23000000417232513,accepted,73,0.504666805267334,1.0,False
2,1,0.23000000417232513,accepted,74,0.4987054169178009,1.0,True
2,1,0.23000000417232513,accepted,75,0.5463351011276245,1.0,True
2,1,0.23000000417232513,accepted,76,0.5237804055213928,1.0,True
2,1,0.23000000417232513,accepted,77,0.5149719715118408,1.0,True
2,1,0.23000000417232513,accepted,78,0.5095823407173157,1.0,True
2,1,0.23000000417232513,accepted,79,0.5278623104095459,1.0,True
2,1,0.23000000417232513,accepted,80,0.5206210613250732,1.0,True
2,1,0.23000000417232513,accepted,81,0.53071528673172,1.0,True
2,1,0.23000000417232513,accepted,82,0.5312398672103882,1.0,True
2,1,0.23000000417232513,accepted,83,0.48675537109375,1.0,True
2,1,0.23000000417232513,accepted,84,0.5229797959327698,1.0,True
2,1,0.23000000417232513,accepted,85,0.5454293489456177,1.0,True
2,1,0.23000000417232513,accepted,86,0.4552992582321167,1.0,True
2,1,0.23000000417232513,accepted,87,0.5303489565849304,1.0,True
2,1,0.23000000417232513,accepted,88,0.5482015013694763,1.0,True
2,1,0.23000000417232513,accepted,89,0.5200156569480896,1.0,True
2,1,0.23000000417232513,accepted,90,0.5093840956687927,1.0,True
2,1,0.23000000417232513,accepted,91,0.5420958995819092,1.0,True
2,1,0.23000000417232513,accepted,92,0.5455812215805054,1.0,True
2,1,0.23000000417232513,accepted,93,0.5450611114501953,1.0,True
2,1,0.23000000417232513,accepted,94,0.5403101444244385,1.0,True
2,1,0.23000000417232513,accepted,95,0.4898698925971985,1.0,True
2,1,0.23000000417232513,accepted,96,0.5552436113357544,1.0,True
2,1,0.23000000417232513,accepted,97,0.5499504208564758,1.0,True
2,1,0.23000000417232513,accepted,98,0.5668452382087708,1.0,True
2,1,0.23000000417232513,accepted,99,0.5614650845527649,1.0,True
2,1,0.23000000417232513,accepted,100,0.5443131327629089,1.0,True
2,1,0.23000000417232513,accepted,101,0.5424889922142029,1.0,True
2,1,0.23000000417232513,accepted,102,0.5599464178085327,1.0,False
2,1,0.23000000417232513,accepted,103,0.5543356537818909,1.0,True
2,1,0.23000000417232513,accepted,104,0.5529396533966064,1.0,True
2,1,0.23000000417232513,accepted,105,0.55659019947052,1.0,True
2,1,0.23000000417232513,accepted,106,0.5623568296432495,1.0,True
2,1,0.23000000417232513,accepted,107,0.5426835417747498,1.0,True
2,1,0.23000000417232513,accepted,108,0.5363303422927856,1.0,True
2,1,0.23000000417232513,accepted,109,0.514265239238739,1.0,True
2,1,0.23000000417232513,accepted,110,0.5486031174659729,1.0,True
2,1,0.23000000417232513,accepted,111,0.5513262748718262,1.0,True
2,1,0.23000000417232513,accepted,112,0.5510151386260986,1.0,True
2,1,0.23000000417232513,accepted,113,0.5716246366500854,1.0,True
2,1,0.23000000417232513,accepted,114,0.5350205302238464,1.0,True
2,1,0.23000000417232513,accepted,115,0.5604401230812073,1.0,True
2,1,0.23000000417232513,accepted,116,0.5514020323753357,1.0,True
2,1,0.23000000417232513,accepted,117,0.5764508843421936,1.0,True
2,1,0.23000000417232513,accepted,118,0.5831590890884399,1.0,True
2,1,0.23000000417232513,accepted,119,0.5770647525787354,1.0,True
2,1,0.23000000417232513,accepted,120,0.5722813606262207,1.0,True
2,1,0.23000000417232513,accepted,121,0.5655751824378967,1.0,True
2,1,0.23000000417232513,accepted,122,0.5392640829086304,1.0,True
2,1,0.23000000417232513,accepted,123,0.5379019379615784,1.0,True
2,1,0.23000000417232513,accepted,124,0.5773399472236633,1.0,True
2,1,0.23000000417232513,accepted,125,0.5935142040252686,1.0,True
2,1,0.23000000417232513,accepted,126,0.5646568536758423,1.0,True
2,1,0.23000000417232513,accepted,127,0.5742297768592834,1.0,False
2,1,0.23000000417232513,accepted,128,0.5682352185249329,1.0,True
2,1,0.23000000417232513,accepted,129,0.5785988569259644,1.0,True
2,1,0.23000000417232513,accepted,130,0.5648184418678284,1.0,True
2,1,0.23000000417232513,accepted,131,0.5785679817199707,1.0,True
2,1,0.23000000417232513,accepted,132,0.5681008100509644,1.0,True
2,1,0.23000000417232513,accepted,133,0.5684325098991394,1.0,True
2,1,0.23000000417232513,accepted,134,0.5843638181686401,1.0,True
2,1,0.23000000417232513,accepted,135,0.5620801448822021,1.0,True
2,1,0.23000000417232513,accepted,136,0.5804669260978699,1.0,True
2,1,0.23000000417232513,accepted,137,0.5733171105384827,1.0,True
2,1,0.23000000417232513,accepted,138,0.5931520462036133,1.0,True
2,1,0.23000000417232513,accepted,139,0.5968972444534302,1.0,True
2,1,0.23000000417232513,accepted,140,0.5711647272109985,1.0,True
2,1,0.23000000417232513,accepted,141,0.5983220338821411,1.0,True
2,1,0.23000000417232513,accepted,142,0.567695677280426,1.0,True
2,1,0.23000000417232513,accepted,143,0.6117123365402222,1.0,True
2,1,0.23000000417232513,accepted,144,0.5940147638320923,1.0,True
2,1,0.23000000417232513,accepted,145,0.5654608607292175,1.0,True
2,1,0.23000000417232513,accepted,146,0.5812380313873291,1.0,True
2,1,0.23000000417232513,accepted,147,0.5998051762580872,1.0,True
2,1,0.23000000417232513,accepted,148,0.6004324555397034,1.0,True
2,1,0.23000000417232513,accepted,149,0.5791995525360107,1.0,True
2,1,0.23000000417232513,accepted,150,0.5812247395515442,1.0,True
2,1,0.23000000417232513,accepted,151,0.5882286429405212,1.0,True
2,1,0.23000000417232513,accepted,152,0.5853633880615234,1.0,True
2,1,0.23000000417232513,accepted,153,0.594513475894928,1.0,True
2,1,0.23000000417232513,accepted,154,0.5997136831283569,1.0,True
2,1,0.23000000417232513,accepted,155,0.5579081177711487,1.0,True
2,1,0.23000000417232513,accepted,156,0.5819169282913208,1.0,True
2,1,0.23000000417232513,accepted,157,0.5937519669532776,1.0,True
2,1,0.23000000417232513,accepted,158,0.5951987504959106,1.0,True
2,1,0.23000000417232513,accepted,159,0.5967219471931458,1.0,True
2,1,0.23000000417232513,accepted,160,0.5774412751197815,1.0,False
2,1,0.23000000417232513,accepted,161,0.5805909633636475,1.0,True
2,1,0.23000000417232513,accepted,162,0.602943480014801,1.0,True
2,1,0.23000000417232513,accepted,163,0.5755478143692017,1.0,True
2,1,0.23000000417232513,accepted,164,0.5931769609451294,1.0,True
2,1,0.23000000417232513,accepted,165,0.5695980787277222,1.0,True
2,1,0.23000000417232513,accepted,166,0.5912814736366272,1.0,True
2,1,0.23000000417232513,accepted,167,0.6029365658760071,1.0,True
2,1,0.23000000417232513,accepted,168,0.56430584192276,1.0,True
2,1,0.23000000417232513,accepted,169,0.6104534864425659,1.0,True
2,1,0.23000000417232513,accepted,170,0.6135796308517456,1.0,True
2,1,0.23000000417232513,accepted,171,0.597350537776947,1.0,True
2,1,0.23000000417232513,accepted,172,0.602274477481842,1.0,True
2,1,0.23000000417232513,accepted,173,0.6118220090866089,1.0,True
2,1,0.23000000417232513,accepted,174,0.5844931602478027,1.0,True
2,1,0.23000000417232513,accepted,175,0.610823929309845,1.0,True
2,1,0.23000000417232513,accepted,176,0.6022584438323975,1.0,True
2,1,0.23000000417232513,accepted,177,0.5982741713523865,1.0,True
2,1,0.23000000417232513,accepted,178,0.5853521823883057,1.0,True
2,1,0.23000000417232513,accepted,179,0.604274332523346,1.0,True
2,1,0.23000000417232513,accepted,180,0.6007326245307922,1.0,True
2,1,0.23000000417232513,accepted,181,0.606160581111908,1.0,True
2,1,0.23000000417232513,accepted,182,0.6099809408187866,1.0,True
2,1,0.23000000417232513,accepted,183,0.6083450317382812,1.0,True
2,1,0.23000000417232513,accepted,184,0.5830123424530029,1.0,True
2,1,0.23000000417232513,accepted,185,0.6137083768844604,1.0,True
2,1,0.23000000417232513,accepted,186,0.5850687026977539,1.0,True
2,1,0.23000000417232513,accepted,187,0.5974599123001099,1.0,True
2,1,0.23000000417232513,accepted,188,0.5945293307304382,1.0,True
2,1,0.23000000417232513,accepted,189,0.596062183380127,1.0,True
2,1,0.23000000417232513,accepted,190,0.5751264095306396,1.0,True
2,1,0.23000000417232513,accepted,191,0.6220141053199768,1.0,True
2,1,0.23000000417232513,accepted,192,0.599933385848999,1.0,True
2,1,0.23000000417232513,accepted,193,0.6014640927314758,1.0,True
2,1,0.23000000417232513,accepted,194,0.6170605421066284,1.0,True
2,1,0.23000000417232513,accepted,195,0.6069866418838501,1.0,True
2,1,0.23000000417232513,accepted,196,0.6016613841056824,1.0,True
2,1,0.23000000417232513,accepted,197,0.6029664278030396,1.0,True
2,1,0.23000000417232513,accepted,198,0.6225101947784424,1.0,True
2,1,0.23000000417232513,accepted,199,0.6156663298606873,1.0,True
2,1,0.23000000417232513,accepted,200,0.5936093330383301,1.0,True
2,1,0.23000000417232513,accepted,201,0.6257864236831665,1.0,True
2,1,0.23000000417232513,accepted,202,0.6051902174949646,1.0,True
2,1,0.23000000417232513,accepted,203,0.6073665022850037,1.0,True
2,1,0.23000000417232513,accepted,204,0.6039516925811768,1.0,True
2,1,0.23000000417232513,accepted,205,0.6211202144622803,1.0,True
2,1,0.23000000417232513,accepted,206,0.6080642938613892,1.0,True
2,1,0.23000000417232513,accepted,207,0.6011039018630981,1.0,True
2,1,0.23000000417232513,accepted,208,0.6101974248886108,1.0,True
2,1,0.23000000417232513,accepted,209,0.5980892777442932,1.0,True
2,1,0.23000000417232513,accepted,210,0.6175386309623718,1.0,False
2,1,0.23000000417232513,accepted,211,0.6121464967727661,1.0,True
2,1,0.23000000417232513,accepted,212,0.6007371544837952,1.0,True
2,1,0.23000000417232513,accepted,213,0.6109334230422974,1.0,True
2,1,0.23000000417232513,accepted,214,0.611562967300415,1.0,True
2,1,0.23000000417232513,accepted,215,0.6112387776374817,1.0,True
2,1,0.23000000417232513,accepted,216,0.6217033863067627,1.0,True
2,1,0.23000000417232513,accepted,217,0.6121978163719177,1.0,True
2,1,0.23000000417232513,accepted,218,0.614936351776123,1.0,True
2,1,0.23000000417232513,accepted,219,0.605968713760376,1.0,True
2,1,0.23000000417232513,accepted,220,0.5340335965156555,1.0,True
2,1,0.23000000417232513,accepted,221,0.6166558265686035,1.0,True
2,1,0.23000000417232513,accepted,222,0.6132847666740417,1.0,True
2,1,0.23000000417232513,accepted,223,0.6151028871536255,1.0,True
2,1,0.23000000417232513,accepted,224,0.6139026880264282,1.0,True
2,1,0.23000000417232513,accepted,225,0.6144697070121765,1.0,True
2,1,0.23000000417232513,accepted,226,0.615849494934082,1.0,True
2,1,0.23000000417232513,accepted,227,0.622277557849884,1.0,True
2,1,0.23000000417232513,accepted,228,0.6303505301475525,1.0,True
2,1,0.23000000417232513,accepted,229,0.613886296749115,1.0,True
2,1,0.23000000417232513,accepted,230,0.6296824216842651,1.0,True
2,1,0.23000000417232513,accepted,231,0.6155747175216675,1.0,True
2,1,0.23000000417232513,accepted,232,0.6033806204795837,1.0,True
2,1,0.23000000417232513,accepted,233,0.6247702836990356,1.0,True
2,1,0.23000000417232513,accepted,234,0.6023572087287903,1.0,True
2,1,0.23000000417232513,accepted,235,0.6142822504043579,1.0,True
2,1,0.23000000417232513,accepted,236,0.613135039806366,1.0,True
2,1,0.23000000417232513,accepted,237,0.6129760146141052,1.0,True
2,1,0.23000000417232513,accepted,238,0.6159529089927673,1.0,True
2,1,0.23000000417232513,accepted,239,0.6166558265686035,1.0,True
2,1,0.23000000417232513,accepted,240,0.622778594493866,1.0,True
2,1,0.23000000417232513,accepted,241,0.611229419708252,1.0,True
2,1,0.23000000417232513,accepted,242,0.6015925407409668,1.0,True
2,1,0.23000000417232513,accepted,243,0.6213263869285583,1.0,True
2,1,0.23000000417232513,accepted,244,0.6296296119689941,1.0,True
2,1,0.23000000417232513,accepted,245,0.6199650764465332,1.0,True
2,1,0.23000000417232513,accepted,246,0.630911111831665,1.0,True
2,1,0.23000000417232513,accepted,247,0.6179957985877991,1.0,True
2,1,0.23000000417232513,accepted,248,0.6332257986068726,1.0,True
2,1,0.23000000417232513,accepted,249,0.6018013954162598,1.0,True
2,1,0.23000000417232513,accepted,250,0.6138769388198853,1.0,True
2,1,0.23000000417232513,accepted,251,0.6229686737060547,1.0,True
2,1,0.23000000417232513,accepted,252,0.6274692416191101,1.0,False
2,1,0.23000000417232513,accepted,253,0.6175315380096436,1.0,True
2,1,0.23000000417232513,accepted,254,0.6232563257217407,1.0,True
2,1,0.23000000417232513,accepted,255,0.6146032810211182,1.0,True
2,1,0.23000000417232513,accepted,256,0.608052670955658,1.0,True
2,1,0.23000000417232513,accepted,257,0.6329553127288818,1.0,True
2,1,0.23000000417232513,accepted,258,0.6232610940933228,1.0,True
2,1,0.23000000417232513,accepted,259,0.6222063302993774,1.0,True
2,1,0.23000000417232513,accepted,260,0.6271557211875916,1.0,True
2,1,0.23000000417232513,accepted,261,0.6268137693405151,1.0,True
2,1,0.23000000417232513,accepted,262,0.6288758516311646,1.0,True
2,1,0.23000000417232513,accepted,263,0.6293678283691406,1.0,True
2,1,0.23000000417232513,accepted,264,0.5951329469680786,1.0,True
2,1,0.23000000417232513,accepted,265,0.629403829574585,1.0,True
2,1,0.23000000417232513,accepted,266,0.6026353240013123,1.0,True
2,1,0.23000000417232513,accepted,267,0.6236915588378906,1.0,True
2,1,0.23000000417232513,accepted,268,0.6249514222145081,1.0,True
2,1,0.23000000417232513,accepted,269,0.6095622181892395,1.0,True
2,1,0.23000000417232513,accepted,270,0.6378417611122131,1.0,True
2,1,0.23000000417232513,accepted,271,0.6128334403038025,1.0,True
2,1,0.23000000417232513,accepted,272,0.6174019575119019,1.0,True
2,1,0.23000000417232513,accepted,273,0.6182810664176941,1.0,True
2,1,0.23000000417232513,accepted,274,0.6238890886306763,1.0,True
2,1,0.23000000417232513,accepted,275,0.6224674582481384,1.0,True
2,1,0.23000000417232513,accepted,276,0.637814998626709,1.0,True
2,1,0.23000000417232513,accepted,277,0.6139214038848877,1.0,True
2,1,0.23000000417232513,accepted,278,0.627478837966919,1.0,True
2,1,0.23000000417232513,accepted,279,0.6125272512435913,1.0,True
2,1,0.23000000417232513,accepted,280,0.6246249079704285,1.0,True
2,1,0.23000000417232513,accepted,281,0.6118406653404236,1.0,True
2,1,0.23000000417232513,accepted,282,0.6051347851753235,1.0,True
2,1,0.23000000417232513,accepted,283,0.6325570344924927,1.0,True
2,1,0.23000000417232513,accepted,284,0.6195300221443176,1.0,True
2,1,0.23000000417232513,accepted,285,0.638652503490448,1.0,True
2,1,0.23000000417232513,accepted,286,0.6268041729927063,1.0,True
2,1,0.23000000417232513,accepted,287,0.5966081619262695,1.0,True
2,1,0.23000000417232513,accepted,288,0.6392838358879089,1.0,True
2,1,0.23000000417232513,accepted,289,0.6407560110092163,1.0,True
2,1,0.23000000417232513,accepted,290,0.6143150329589844,1.0,True
2,1,0.23000000417232513,accepted,291,0.6233324408531189,1.0,True
2,1,0.23000000417232513,accepted,292,0.637712836265564,1.0,True
2,1,0.23000000417232513,accepted,293,0.6382507085800171,1.0,True
2,1,0.23000000417232513,accepted,294,0.6374841928482056,1.0,True
2,1,0.23000000417232513,accepted,295,0.6207507252693176,1.0,True
2,1,0.23000000417232513,accepted,296,0.6368157863616943,1.0,True
2,1,0.23000000417232513,accepted,297,0.621350109577179,1.0,True
2,1,0.23000000417232513,accepted,298,0.6359903812408447,1.0,True
2,1,0.23000000417232513,accepted,299,0.6210349202156067,1.0,True
2,1,0.23000000417232513,accepted,300,0.6315973997116089,1.0,True
2,1,0.23000000417232513,accepted,301,0.6066625714302063,1.0,True
2,1,0.23000000417232513,accepted,302,0.6356629133224487,1.0,True
2,1,0.23000000417232513,accepted,303,0.640333354473114,1.0,True
2,1,0.23000000417232513,accepted,304,0.6295647025108337,1.0,True
2,1,0.23000000417232513,accepted,305,0.6239675879478455,1.0,True
2,1,0.23000000417232513,accepted,306,0.6273472309112549,1.0,True
2,1,0.23000000417232513,accepted,307,0.6117916107177734,1.0,True
2,1,0.23000000417232513,accepted,308,0.6004645228385925,1.0,True
2,1,0.23000000417232513,accepted,309,0.6499829888343811,1.0,True
2,1,0.23000000417232513,accepted,310,0.6339846849441528,1.0,True
2,1,0.23000000417232513,accepted,311,0.6230922937393188,1.0,True
2,1,0.23000000417232513,accepted,312,0.6289094686508179,1.0,True
2,1,0.23000000417232513,accepted,313,0.6245629787445068,1.0,True
2,1,0.23000000417232513,accepted,314,0.6263046264648438,1.0,True
2,1,0.23000000417232513,accepted,315,0.6204145550727844,1.0,True
2,1,0.23000000417232513,accepted,316,0.6134883165359497,1.0,True
2,1,0.23000000417232513,accepted,317,0.616359531879425,1.0,True
2,1,0.23000000417232513,accepted,318,0.6168440580368042,1.0,True
2,1,0.23000000417232513,accepted,319,0.6129830479621887,1.0,True
2,1,0.23000000417232513,accepted,320,0.6326680779457092,1.0,True
2,1,0.23000000417232513,accepted,321,0.625311553478241,1.0,True
2,1,0.23000000417232513,accepted,322,0.6300620436668396,1.0,True
2,1,0.23000000417232513,accepted,323,0.6424840688705444,1.0,True
2,1,0.23000000417232513,accepted,324,0.640677809715271,1.0,True
2,1,0.23000000417232513,accepted,325,0.6486331224441528,1.0,True
2,1,0.23000000417232513,accepted,326,0.6361140608787537,1.0,True
2,1,0.23000000417232513,accepted,327,0.6262568831443787,1.0,True
2,1,0.23000000417232513,accepted,328,0.6362208724021912,1.0,True
2,1,0.23000000417232513,accepted,329,0.6226527094841003,1.0,True
2,1,0.23000000417232513,accepted,330,0.6299250721931458,1.0,True
2,1,0.23000000417232513,accepted,331,0.6466147303581238,1.0,True
2,1,0.23000000417232513,accepted,332,0.6421997547149658,1.0,True
2,1,0.23000000417232513,accepted,333,0.6363495588302612,1.0,True
2,1,0.23000000417232513,accepted,334,0.6381605863571167,1.0,True
2,1,0.23000000417232513,accepted,335,0.6396473050117493,1.0,True
2,1,0.23000000417232513,accepted,336,0.6273280382156372,1.0,True
2,1,0.23000000417232513,accepted,337,0.6322240829467773,1.0,True
2,1,0.23000000417232513,accepted,338,0.6246297359466553,1.0,True
2,1,0.23000000417232513,accepted,339,0.6461881399154663,1.0,True
2,1,0.23000000417232513,accepted,340,0.6461635231971741,1.0,True
2,1,0.23000000417232513,accepted,341,0.6363980770111084,1.0,True
2,1,0.23000000417232513,accepted,342,0.6486998796463013,1.0,True
2,1,0.23000000417232513,accepted,343,0.6441577076911926,1.0,True
2,1,0.23000000417232513,accepted,344,0.6512736678123474,1.0,True
2,1,0.23000000417232513,accepted,345,0.6326438784599304,1.0,True
2,1,0.23000000417232513,accepted,346,0.639191210269928,1.0,True
2,1,0.23000000417232513,accepted,347,0.6239985227584839,1.0,True
2,1,0.23000000417232513,accepted,348,0.6402601003646851,1.0,True
2,1,0.23000000417232513,accepted,349,0.6203979849815369,1.0,True
2,1,0.23000000417232513,accepted,350,0.6285256743431091,1.0,True
2,1,0.23000000417232513,accepted,351,0.6412988901138306,1.0,True
2,1,0.23000000417232513,accepted,352,0.6516861915588379,1.0,True
2,1,0.23000000417232513,accepted,353,0.6282476186752319,1.0,True
2,1,0.23000000417232513,accepted,354,0.635917603969574,1.0,True
2,1,0.23000000417232513,accepted,355,0.6347396969795227,1.0,True
2,1,0.23000000417232513,accepted,356,0.6373674273490906,1.0,True
2,1,0.23000000417232513,accepted,357,0.6492940783500671,1.0,True
2,1,0.23000000417232513,accepted,358,0.6501020193099976,1.0,True
2,1,0.23000000417232513,accepted,359,0.632494330406189,1.0,True
2,1,0.23000000417232513,accepted,360,0.6187789440155029,1.0,True
2,1,0.23000000417232513,accepted,361,0.602605402469635,1.0,True
2,1,0.23000000417232513,accepted,362,0.6256431937217712,1.0,True
2,1,0.23000000417232513,accepted,363,0.6455377340316772,1.0,True
2,1,0.23000000417232513,accepted,364,0.63871830701828,1.0,True
2,1,0.23000000417232513,accepted,365,0.6370514631271362,1.0,True
2,1,0.23000000417232513,accepted,366,0.6455032229423523,1.0,True
2,1,0.23000000417232513,accepted,367,0.6476243734359741,1.0,True
2,1,0.23000000417232513,accepted,368,0.6432516574859619,1.0,True
2,1,0.23000000417232513,accepted,369,0.6409614086151123,1.0,True
2,1,0.23000000417232513,accepted,370,0.6496409177780151,1.0,True
2,1,0.23000000417232513,accepted,371,0.6401721239089966,1.0,True
2,1,0.23000000417232513,accepted,372,0.6486677527427673,1.0,True
2,1,0.23000000417232513,accepted,373,0.6454786062240601,1.0,True
2,1,0.23000000417232513,accepted,374,0.6334335207939148,1.0,True
2,1,0.23000000417232513,accepted,375,0.6443813443183899,1.0,True
2,1,0.23000000417232513,accepted,376,0.6423296332359314,1.0,False
2,1,0.23000000417232513,accepted,377,0.6329914927482605,1.0,True
2,1,0.23000000417232513,accepted,378,0.641000509262085,1.0,True
2,1,0.23000000417232513,accepted,379,0.6342290639877319,1.0,True
2,1,0.23000000417232513,accepted,380,0.6544190645217896,1.0,True
2,1,0.23000000417232513,accepted,381,0.6506131291389465,1.0,True
2,1,0.23000000417232513,accepted,382,0.6375595331192017,1.0,True
2,1,0.23000000417232513,accepted,383,0.6318503618240356,1.0,True
2,1,0.23000000417232513,accepted,384,0.5993637442588806,1.0,True
2,1,0.23000000417232513,accepted,385,0.6327573657035828,1.0,True
2,1,0.23000000417232513,accepted,386,0.6283243894577026,1.0,True
2,1,0.23000000417232513,accepted,387,0.6386939287185669,1.0,True
2,1,0.23000000417232513,accepted,388,0.6374744772911072,1.0,True
2,1,0.23000000417232513,accepted,389,0.6284393668174744,1.0,True
2,1,0.23000000417232513,accepted,390,0.6319757699966431,1.0,True
2,1,0.23000000417232513,accepted,391,0.648608386516571,1.0,True
2,1,0.23000000417232513,accepted,392,0.6428125500679016,1.0,True
2,1,0.23000000417232513,accepted,393,0.6358253955841064,1.0,True
2,1,0.23000000417232513,accepted,394,0.6372507810592651,1.0,True
2,1,0.23000000417232513,accepted,395,0.641494631767273,1.0,False
2,1,0.23000000417232513,accepted,396,0.6330905556678772,1.0,True
2,1,0.23000000417232513,accepted,397,0.6328707933425903,1.0,True
2,1,0.23000000417232513,accepted,398,0.6340500712394714,1.0,True
2,1,0.23000000417232513,accepted,399,0.6413013339042664,1.0,True
2,1,0.23000000417232513,accepted,400,0.6516165733337402,1.0,True
2,1,0.23000000417232513,accepted,401,0.6337695717811584,1.0,True
2,1,0.23000000417232513,accepted,402,0.6390668153762817,1.0,True
2,1,0.23000000417232513,accepted,403,0.6267204880714417,1.0,True
2,1,0.23000000417232513,accepted,404,0.6195135116577148,1.0,True
2,1,0.23000000417232513,accepted,405,0.6475329995155334,1.0,True
2,1,0.23000000417232513,accepted,406,0.6336438059806824,1.0,True
2,1,0.23000000417232513,accepted,407,0.6368303894996643,1.0,True
2,1,0.23000000417232513,accepted,408,0.6507943272590637,1.0,True
2,1,0.23000000417232513,accepted,409,0.6376495957374573,1.0,True
2,1,0.23000000417232513,accepted,410,0.6397644281387329,1.0,True
2,1,0.23000000417232513,accepted,411,0.6467059850692749,1.0,True
2,1,0.23000000417232513,accepted,412,0.6409687399864197,1.0,True
2,1,0.23000000417232513,accepted,413,0.6441405415534973,1.0,True
2,1,0.23000000417232513,accepted,414,0.6351248621940613,1.0,True
2,1,0.23000000417232513,accepted,415,0.6380583047866821,1.0,True
2,1,0.23000000417232513,accepted,416,0.6472934484481812,1.0,True
2,1,0.23000000417232513,accepted,417,0.6414212584495544,1.0,True
2,1,0.23000000417232513,accepted,418,0.6302639842033386,1.0,False
2,1,0.23000000417232513,accepted,419,0.6379902362823486,1.0,True
2,1,0.23000000417232513,accepted,420,0.6363082528114319,1.0,True
2,1,0.23000000417232513,accepted,421,0.6469181776046753,1.0,True
2,1,0.23000000417232513,accepted,422,0.6326463222503662,1.0,True
2,1,0.23000000417232513,accepted,423,0.6318672895431519,1.0,True
2,1,0.23000000417232513,accepted,424,0.648655354976654,1.0,True
2,1,0.23000000417232513,accepted,425,0.6322433948516846,1.0,True
2,1,0.23000000417232513,accepted,426,0.64439857006073,1.0,True
2,1,0.23000000417232513,accepted,427,0.6446468830108643,1.0,True
2,1,0.23000000417232513,accepted,428,0.6373844742774963,1.0,True
2,1,0.23000000417232513,accepted,429,0.6418887376785278,1.0,True
2,1,0.23000000417232513,accepted,430,0.6240580677986145,1.0,True
2,1,0.23000000417232513,accepted,431,0.6507670283317566,1.0,True
2,1,0.23000000417232513,accepted,432,0.6345532536506653,1.0,True
2,1,0.23000000417232513,accepted,433,0.6413306593894958,1.0,True
2,1,0.23000000417232513,accepted,434,0.6379172205924988,1.0,True
2,1,0.23000000417232513,accepted,435,0.6385502219200134,1.0,True
2,1,0.23000000417232513,accepted,436,0.632144570350647,1.0,True
2,1,0.23000000417232513,accepted,437,0.6556984186172485,1.0,True
2,1,0.23000000417232513,accepted,438,0.6401037573814392,1.0,True
2,1,0.23000000417232513,accepted,439,0.6391448378562927,1.0,True
2,1,0.23000000417232513,accepted,440,0.6258102655410767,1.0,True
2,1,0.23000000417232513,accepted,441,0.6490117907524109,1.0,True
2,1,0.23000000417232513,accepted,442,0.6554158329963684,1.0,True
2,1,0.23000000417232513,accepted,443,0.642449676990509,1.0,True
2,1,0.23000000417232513,accepted,444,0.6221280097961426,1.0,True
2,1,0.23000000417232513,accepted,445,0.6385794281959534,1.0,True
2,1,0.23000000417232513,accepted,446,0.6454958915710449,1.0,True
2,1,0.23000000417232513,accepted,447,0.6487889885902405,1.0,True
2,1,0.23000000417232513,accepted,448,0.6420160531997681,1.0,True
2,1,0.23000000417232513,accepted,449,0.6202631592750549,1.0,False
2,1,0.23000000417232513,accepted,450,0.6469305157661438,1.0,True
2,1,0.23000000417232513,accepted,451,0.6186208128929138,1.0,True
2,1,0.23000000417232513,accepted,452,0.6185051798820496,1.0,True
2,1,0.23000000417232513,accepted,453,0.6428812146186829,1.0,True
2,1,0.23000000417232513,accepted,454,0.6432393789291382,1.0,True
2,1,0.23000000417232513,accepted,455,0.6437892317771912,1.0,True
2,1,0.23000000417232513,accepted,456,0.6441429853439331,1.0,True
2,1,0.23000000417232513,accepted,457,0.6465999484062195,1.0,True
2,1,0.23000000417232513,accepted,458,0.6356823444366455,1.0,True
2,1,0.23000000417232513,accepted,459,0.6587571501731873,1.0,True
2,1,0.23000000417232513,accepted,460,0.6360728740692139,1.0,True
2,1,0.23000000417232513,accepted,461,0.623720109462738,1.0,True
2,1,0.23000000417232513,accepted,462,0.6607756018638611,1.0,True
2,1,0.23000000417232513,accepted,463,0.6423860192298889,1.0,True
2,1,0.23000000417232513,accepted,464,0.6502608060836792,1.0,True
2,1,0.23000000417232513,accepted,465,0.6451930403709412,1.0,True
2,1,0.23000000417232513,accepted,466,0.6239224076271057,1.0,True
2,1,0.23000000417232513,accepted,467,0.6364102363586426,1.0,False
2,1,0.23000000417232513,accepted,468,0.6447871327400208,1.0,True
2,1,0.23000000417232513,accepted,469,0.6282476186752319,1.0,True
2,1,0.23000000417232513,accepted,470,0.6330422759056091,1.0,False
2,1,0.23000000417232513,accepted,471,0.6331484913825989,1.0,True
2,1,0.23000000417232513,accepted,472,0.6304852366447449,1.0,True
2,1,0.23000000417232513,accepted,473,0.6419327855110168,1.0,True
2,1,0.23000000417232513,accepted,474,0.6387743353843689,1.0,True
2,1,0.23000000417232513,accepted,475,0.6297929286956787,1.0,True
2,1,0.23000000417232513,accepted,476,0.6473329067230225,1.0,True
2,1,0.23000000417232513,accepted,477,0.657012939453125,1.0,True
2,1,0.23000000417232513,accepted,478,0.6580061912536621,1.0,True
2,1,0.23000000417232513,accepted,479,0.6550009846687317,1.0,True
2,1,0.23000000417232513,accepted,480,0.6479134559631348,1.0,True
2,1,0.23000000417232513,accepted,481,0.6485390663146973,1.0,True
2,1,0.23000000417232513,accepted,482,0.6517010927200317,1.0,True
2,1,0.23000000417232513,accepted,483,0.6517707109451294,1.0,True
2,1,0.23000000417232513,accepted,484,0.6415044069290161,1.0,True
2,1,0.23000000417232513,accepted,485,0.621947705745697,1.0,True
2,1,0.23000000417232513,accepted,486,0.6469404101371765,1.0,True
2,1,0.23000000417232513,accepted,487,0.6538401246070862,1.0,True
2,1,0.23000000417232513,accepted,488,0.631214439868927,1.0,True
2,1,0.23000000417232513,accepted,489,0.6549684405326843,1.0,True
2,1,0.23000000417232513,accepted,490,0.6417711973190308,1.0,True
2,1,0.23000000417232513,accepted,491,0.6473502516746521,1.0,True
2,1,0.23000000417232513,accepted,492,0.6372726559638977,1.0,True
2,1,0.23000000417232513,accepted,493,0.6212244629859924,1.0,True
2,1,0.23000000417232513,accepted,494,0.661307692527771,1.0,True
2,1,0.23000000417232513,accepted,495,0.6372143030166626,1.0,True
2,1,0.23000000417232513,accepted,496,0.6338130831718445,1.0,True
2,1,0.23000000417232513,accepted,497,0.6441306471824646,1.0,True
2,1,0.23000000417232513,accepted,498,0.6544389724731445,1.0,True
2,1,0.23000000417232513,accepted,499,0.653802752494812,1.0,True
2,1,0.23000000417232513,accepted,500,0.6559937000274658,1.0,True
3,1,0.39899998903274536,rejected,1,0.015850380063056946,1.0,True
3,1,0.39899998903274536,rejected,2,0.01358830463141203,1.0,True
3,1,0.39899998903274536,rejected,3,0.017569418996572495,1.0,True
3,1,0.39899998903274536,rejected,4,0.02363412082195282,1.0,True
3,1,0.39899998903274536,rejected,5,0.02068336308002472,1.0,True
3,1,0.39899998903274536,rejected,6,0.02574911154806614,1.0,True
3,1,0.39899998903274536,rejected,7,0.01800679787993431,1.0,True
3,1,0.39899998903274536,rejected,8,0.02746588923037052,1.0,True
3,1,0.39899998903274536,rejected,9,0.02156463824212551,1.0,True
3,1,0.39899998903274536,rejected,10,0.018755991011857986,1.0,True
3,1,0.39899998903274536,rejected,11,0.01225308421999216,1.0,True
3,1,0.39899998903274536,rejected,12,0.008575661107897758,1.0,True
3,1,0.39899998903274536,rejected,13,0.021546384319663048,1.0,True
3,1,0.39899998903274536,rejected,14,0.01827516034245491,1.0,True
3,1,0.39899998903274536,rejected,15,0.01577209122478962,1.0,True
3,1,0.39899998903274536,rejected,16,0.018623949959874153,1.0,True
3,1,0.39899998903274536,rejected,17,0.02070404589176178,1.0,True
3,1,0.39899998903274536,rejected,18,0.016675051301717758,1.0,True
3,1,0.39899998903274536,rejected,19,0.02405378967523575,1.0,True
3,1,0.39899998903274536,rejected,20,0.024635108187794685,1.0,True
3,1,0.39899998903274536,rejected,21,0.016725124791264534,1.0,True
3,1,0.39899998903274536,rejected,22,0.018162710592150688,1.0,True
3,1,0.39899998903274536,rejected,23,0.013059472665190697,1.0,True
3,1,0.39899998903274536,rejected,24,0.01296525914222002,1.0,True
3,1,0.39899998903274536,rejected,25,0.02796127460896969,1.0,True
3,1,0.39899998903274536,rejected,26,0.023611774668097496,1.0,True
3,1,0.39899998903274536,rejected,27,0.033014874905347824,1.0,True
3,1,0.39899998903274536,rejected,28,0.034258343279361725,1.0,True
3,1,0.39899998903274536,rejected,29,0.028002049773931503,1.0,True
3,1,0.39899998903274536,rejected,30,0.026916366070508957,1.0,True
3,1,0.39899998903274536,rejected,31,0.04785455763339996,1.0,True
3,1,0.39899998903274536,rejected,32,0.04196363687515259,1.0,True
3,1,0.39899998903274536,rejected,33,0.04108516499400139,1.0,True
3,1,0.39899998903274536,rejected,34,0.04981974512338638,1.0,True
3,1,0.39899998903274536,rejected,35,0.041571684181690216,1.0,True
3,1,0.39899998903274536,rejected,36,0.05754420906305313,1.0,True
3,1,0.39899998903274536,rejected,37,0.052490223199129105,1.0,True
3,1,0.39899998903274536,rejected,38,0.039194170385599136,1.0,True
3,1,0.39899998903274536,rejected,39,0.03574637323617935,1.0,True
3,1,0.39899998903274536,rejected,40,0.08292911946773529,1.0,True
3,1,0.39899998903274536,rejected,41,0.0667407363653183,1.0,True
3,1,0.39899998903274536,rejected,42,0.04557473585009575,1.0,True
3,1,0.39899998903274536,rejected,43,0.02993907779455185,1.0,True
3,1,0.39899998903274536,rejected,44,0.06555680185556412,1.0,True
3,1,0.39899998903274536,rejected,45,0.07178943604230881,1.0,True
3,1,0.39899998903274536,rejected,46,0.06427901238203049,1.0,True
3,1,0.39899998903274536,rejected,47,0.05785500258207321,1.0,True
3,1,0.39899998903274536,rejected,48,0.06164555996656418,1.0,True
3,1,0.39899998903274536,rejected,49,0.07218707352876663,1.0,True
3,1,0.39899998903274536,rejected,50,0.07432243973016739,1.0,True
3,1,0.39899998903274536,rejected,51,0.07850313186645508,1.0,True
3,1,0.39899998903274536,rejected,52,0.06516137719154358,1.0,True
3,1,0.39899998903274536,rejected,53,0.06290555000305176,1.0,True
3,1,0.39899998903274536,rejected,54,0.05878850817680359,1.0,True
3,1,0.39899998903274536,rejected,55,0.07637806981801987,1.0,True
3,1,0.39899998903274536,rejected,56,0.07757197320461273,1.0,True
3,1,0.39899998903274536,rejected,57,0.0850454792380333,1.0,True
3,1,0.39899998903274536,rejected,58,0.08028082549571991,1.0,True
3,1,0.39899998903274536,rejected,59,0.03813028335571289,1.0,True
3,1,0.39899998903274536,rejected,60,0.07088975608348846,1.0,True
3,1,0.39899998903274536,rejected,61,0.09358036518096924,1.0,True
3,1,0.39899998903274536,rejected,62,0.054214734584093094,1.0,True
3,1,0.39899998903274536,rejected,63,0.0752105787396431,1.0,True
3,1,0.39899998903274536,rejected,64,0.09308121353387833,1.0,True
3,1,0.39899998903274536,rejected,65,0.07691488415002823,1.0,True
3,1,0.39899998903274536,rejected,66,0.09162065386772156,1.0,True
3,1,0.39899998903274536,rejected,67,0.07870343327522278,1.0,True
3,1,0.39899998903274536,rejected,68,0.1050315722823143,1.0,True
3,1,0.39899998903274536,rejected,69,0.09317856281995773,1.0,True
3,1,0.39899998903274536,rejected,70,0.09583611786365509,1.0,True
3,1,0.39899998903274536,rejected,71,0.07707937061786652,1.0,True
3,1,0.39899998903274536,rejected,72,0.09069082885980606,1.0,True
3,1,0.39899998903274536,rejected,73,0.07953401654958725,1.0,True
3,1,0.39899998903274536,rejected,74,0.09476151317358017,1.0,True
3,1,0.39899998903274536,rejected,75,0.08365737646818161,1.0,True
3,1,0.39899998903274536,rejected,76,0.07856305688619614,1.0,True
3,1,0.39899998903274536,rejected,77,0.11033783107995987,1.0,True
3,1,0.39899998903274536,rejected,78,0.10974762588739395,1.0,True
3,1,0.39899998903274536,rejected,79,0.09985547512769699,1.0,True
3,1,0.39899998903274536,rejected,80,0.09572723507881165,1.0,True
3,1,0.39899998903274536,rejected,81,0.10901160538196564,1.0,True
3,1,0.39899998903274536,rejected,82,0.11445779353380203,1.0,True
3,1,0.39899998903274536,rejected,83,0.08103650063276291,1.0,True
3,1,0.39899998903274536,rejected,84,0.10962963104248047,1.0,True
3,1,0.39899998903274536,rejected,85,0.11405506730079651,1.0,True
3,1,0.39899998903274536,rejected,86,0.10331804305315018,1.0,True
3,1,0.39899998903274536,rejected,87,0.11022509634494781,1.0,True
3,1,0.39899998903274536,rejected,88,0.11022593080997467,1.0,True
3,1,0.39899998903274536,rejected,89,0.1287021040916443,1.0,True
3,1,0.39899998903274536,rejected,90,0.12451795488595963,1.0,True
3,1,0.39899998903274536,rejected,91,0.12872567772865295,1.0,True
3,1,0.39899998903274536,rejected,92,0.11032773554325104,1.0,True
3,1,0.39899998903274536,rejected,93,0.08402518182992935,1.0,True
3,1,0.39899998903274536,rejected,94,0.11975779384374619,1.0,True
3,1,0.39899998903274536,rejected,95,0.045066460967063904,1.0,True
3,1,0.39899998903274536,rejected,96,0.1266941875219345,1.0,True
3,1,0.39899998903274536,rejected,97,0.1276099681854248,1.0,True
3,1,0.39899998903274536,rejected,98,0.13086259365081787,1.0,True
3,1,0.39899998903274536,rejected,99,0.09480345249176025,1.0,True
3,1,0.39899998903274536,rejected,100,0.09068944305181503,1.0,True
3,1,0.39899998903274536,rejected,101,0.09464952349662781,1.0,True
3,1,0.39899998903274536,rejected,102,0.0965251550078392,1.0,True
3,1,0.39899998903274536,rejected,103,0.09737428277730942,1.0,True
3,1,0.39899998903274536,rejected,104,0.09715241193771362,1.0,True
3,1,0.39899998903274536,rejected,105,0.061595723032951355,1.0,True
3,1,0.39899998903274536,rejected,106,0.11616093665361404,1.0,True
3,1,0.39899998903274536,rejected,107,0.05843434855341911,1.0,True
3,1,0.39899998903274536,rejected,108,0.12277185916900635,1.0,True
3,1,0.39899998903274536,rejected,109,0.1248137503862381,1.0,True
3,1,0.39899998903274536,rejected,110,0.10442592203617096,1.0,True
3,1,0.39899998903274536,rejected,111,0.12586084008216858,1.0,True
3,1,0.39899998903274536,rejected,112,0.11821817606687546,1.0,True
3,1,0.39899998903274536,rejected,113,0.13770583271980286,1.0,True
3,1,0.39899998903274536,rejected,114,0.1366998851299286,1.0,True
3,1,0.39899998903274536,rejected,115,0.11886028200387955,1.0,True
3,1,0.39899998903274536,rejected,116,0.11658444255590439,1.0,True
3,1,0.39899998903274536,rejected,117,0.13469868898391724,1.0,True
3,1,0.39899998903274536,rejected,118,0.12367437779903412,1.0,True
3,1,0.39899998903274536,rejected,119,0.12555202841758728,1.0,True
3,1,0.39899998903274536,rejected,120,0.09939411282539368,1.0,True
3,1,0.39899998903274536,rejected,121,0.10705820471048355,1.0,True
3,1,0.39899998903274536,rejected,122,0.14271262288093567,1.0,True
3,1,0.39899998903274536,rejected,123,0.12413948029279709,1.0,True
3,1,0.39899998903274536,rejected,124,0.1035705953836441,1.0,True
3,1,0.39899998903274536,rejected,125,0.12024670094251633,1.0,True
3,1,0.39899998903274536,rejected,126,0.131228506565094,1.0,True
3,1,0.39899998903274536,rejected,127,0.13466785848140717,1.0,True
3,1,0.39899998903274536,rejected,128,0.1253558099269867,1.0,True
3,1,0.39899998903274536,rejected,129,0.14185720682144165,1.0,True
3,1,0.39899998903274536,rejected,130,0.13585874438285828,1.0,True
3,1,0.39899998903274536,rejected,131,0.13460007309913635,1.0,True
3,1,0.39899998903274536,rejected,132,0.13546337187290192,1.0,True
3,1,0.39899998903274536,rejected,133,0.12677733600139618,1.0,True
3,1,0.39899998903274536,rejected,134,0.13425341248512268,1.0,True
3,1,0.39899998903274536,rejected,135,0.14033293724060059,1.0,True
3,1,0.39899998903274536,rejected,136,0.13463599979877472,1.0,True
3,1,0.39899998903274536,rejected,137,0.12997007369995117,1.0,True
3,1,0.39899998903274536,rejected,138,0.13130661845207214,1.0,False
3,1,0.39899998903274536,rejected,139,0.12220088392496109,1.0,True
3,1,0.39899998903274536,rejected,140,0.11420483142137527,1.0,True
3,1,0.39899998903274536,rejected,141,0.12986500561237335,1.0,True
3,1,0.39899998903274536,rejected,142,0.15423615276813507,1.0,True
3,1,0.39899998903274536,rejected,143,0.13506193459033966,1.0,True
3,1,0.39899998903274536,rejected,144,0.11028145253658295,1.0,True
3,1,0.39899998903274536,rejected,145,0.11775818467140198,1.0,True
3,1,0.39899998903274536,rejected,146,0.10531803965568542,1.0,True
3,1,0.39899998903274536,rejected,147,0.13438868522644043,1.0,True
3,1,0.39899998903274536,rejected,148,0.13369940221309662,1.0,True
3,1,0.39899998903274536,rejected,149,0.13635720312595367,1.0,True
3,1,0.39899998903274536,rejected,150,0.14035651087760925,1.0,True
3,1,0.39899998903274536,rejected,151,0.10204970836639404,1.0,True
3,1,0.39899998903274536,rejected,152,0.13963553309440613,1.0,True
3,1,0.39899998903274536,rejected,153,0.10736083984375,1.0,True
3,1,0.39899998903274536,rejected,154,0.14973166584968567,1.0,True
3,1,0.39899998903274536,rejected,155,0.15299385786056519,1.0,True
3,1,0.39899998903274536,rejected,156,0.141465961933136,1.0,True
3,1,0.39899998903274536,rejected,157,0.1342616081237793,1.0,True
3,1,0.39899998903274536,rejected,158,0.13159947097301483,1.0,True
3,1,0.39899998903274536,rejected,159,0.1474316567182541,1.0,True
3,1,0.39899998903274536,rejected,160,0.13441124558448792,1.0,True
3,1,0.39899998903274536,rejected,161,0.14744065701961517,1.0,True
3,1,0.39899998903274536,rejected,162,0.11720427125692368,1.0,True
3,1,0.39899998903274536,rejected,163,0.1399064064025879,1.0,True
3,1,0.39899998903274536,rejected,164,0.13546337187290192,1.0,True
3,1,0.39899998903274536,rejected,165,0.11123038083314896,1.0,True
3,1,0.39899998903274536,rejected,166,0.13238193094730377,1.0,True
3,1,0.39899998903274536,rejected,167,0.12692736089229584,1.0,True
3,1,0.39899998903274536,rejected,168,0.13498879969120026,1.0,True
3,1,0.39899998903274536,rejected,169,0.15172220766544342,1.0,False
3,1,0.39899998903274536,rejected,170,0.139606773853302,1.0,True
3,1,0.39899998903274536,rejected,171,0.14998432993888855,1.0,True
3,1,0.39899998903274536,rejected,172,0.1090141013264656,1.0,True
3,1,0.39899998903274536,rejected,173,0.14695662260055542,1.0,True
3,1,0.39899998903274536,rejected,174,0.13462881743907928,1.0,True
3,1,0.39899998903274536,rejected,175,0.13727469742298126,1.0,True
3,1,0.39899998903274536,rejected,176,0.14791612327098846,1.0,True
3,1,0.39899998903274536,rejected,177,0.13490232825279236,1.0,True
3,1,0.39899998903274536,rejected,178,0.1518913060426712,1.0,True
3,1,0.39899998903274536,rejected,179,0.15367236733436584,1.0,True
3,1,0.39899998903274536,rejected,180,0.1377321034669876,1.0,True
3,1,0.39899998903274536,rejected,181,0.1432296633720398,1.0,True
3,1,0.39899998903274536,rejected,182,0.13833869993686676,1.0,True
3,1,0.39899998903274536,rejected,183,0.13482515513896942,1.0,True
3,1,0.39899998903274536,rejected,184,0.145647332072258,1.0,True
3,1,0.39899998903274536,rejected,185,0.1387837678194046,1.0,True
3,1,0.39899998903274536,rejected,186,0.15367472171783447,1.0,True
3,1,0.39899998903274536,rejected,187,0.14241677522659302,1.0,True
3,1,0.39899998903274536,rejected,188,0.15338538587093353,1.0,True
3,1,0.39899998903274536,rejected,189,0.15507982671260834,1.0,True
3,1,0.39899998903274536,rejected,190,0.14460985362529755,1.0,True
3,1,0.39899998903274536,rejected,191,0.14954784512519836,1.0,True
3,1,0.39899998903274536,rejected,192,0.1347418576478958,1.0,True
3,1,0.39899998903274536,rejected,193,0.12977883219718933,1.0,True
3,1,0.39899998903274536,rejected,194,0.1299978494644165,1.0,True
3,1,0.39899998903274536,rejected,195,0.14272460341453552,1.0,True
3,1,0.39899998903274536,rejected,196,0.1399373561143875,1.0,True
3,1,0.39899998903274536,rejected,197,0.1349867433309555,1.0,True
3,1,0.39899998903274536,rejected,198,0.13963447511196136,1.0,True
3,1,0.39899998903274536,rejected,199,0.14581744372844696,1.0,True
3,1,0.39899998903274536,rejected,200,0.12754474580287933,1.0,True
3,1,0.39899998903274536,rejected,201,0.1428215503692627,1.0,True
3,1,0.39899998903274536,rejected,202,0.1101771667599678,1.0,True
3,1,0.39899998903274536,rejected,203,0.14400652050971985,1.0,True
3,1,0.39899998903274536,rejected,204,0.1525416374206543,1.0,True
3,1,0.39899998903274536,rejected,205,0.14159120619297028,1.0,True
3,1,0.39899998903274536,rejected,206,0.13644148409366608,1.0,True
3,1,0.39899998903274536,rejected,207,0.1454918533563614,1.0,True
3,1,0.39899998903274536,rejected,208,0.15115030109882355,1.0,True
3,1,0.39899998903274536,rejected,209,0.07120577245950699,1.0,True
3,1,0.39899998903274536,rejected,210,0.11308031529188156,1.0,True
3,1,0.39899998903274536,rejected,211,0.14705869555473328,1.0,True
3,1,0.39899998903274536,rejected,212,0.15634623169898987,1.0,True
3,1,0.39899998903274536,rejected,213,0.11915718764066696,1.0,True
3,1,0.39899998903274536,rejected,214,0.14253851771354675,1.0,True
3,1,0.39899998903274536,rejected,215,0.07431507110595703,1.0,True
3,1,0.39899998903274536,rejected,216,0.14375843107700348,1.0,True
3,1,0.39899998903274536,rejected,217,0.14528553187847137,1.0,True
3,1,0.39899998903274536,rejected,218,0.11502066254615784,1.0,True
3,1,0.39899998903274536,rejected,219,0.1619158238172531,1.0,True
3,1,0.39899998903274536,rejected,220,0.1569976657629013,1.0,True
3,1,0.39899998903274536,rejected,221,0.16188740730285645,1.0,True
3,1,0.39899998903274536,rejected,222,0.10631506890058517,1.0,True
3,1,0.39899998903274536,rejected,223,0.15567965805530548,1.0,True
3,1,0.39899998903274536,rejected,224,0.1331385374069214,1.0,True
3,1,0.39899998903274536,rejected,225,0.1775626689195633,1.0,True
3,1,0.39899998903274536,rejected,226,0.1378161907196045,1.0,True
3,1,0.39899998903274536,rejected,227,0.15377087891101837,1.0,True
3,1,0.39899998903274536,rejected,228,0.14302217960357666,1.0,True
3,1,0.39899998903274536,rejected,229,0.12723277509212494,1.0,True
3,1,0.39899998903274536,rejected,230,0.14150698482990265,1.0,True
3,1,0.39899998903274536,rejected,231,0.14230164885520935,1.0,True
3,1,0.39899998903274536,rejected,232,0.14142818748950958,1.0,True
3,1,0.39899998903274536,rejected,233,0.16249746084213257,1.0,True
3,1,0.39899998903274536,rejected,234,0.16057367622852325,1.0,True
3,1,0.39899998903274536,rejected,235,0.15222656726837158,1.0,True
3,1,0.39899998903274536,rejected,236,0.15248344838619232,1.0,True
3,1,0.39899998903274536,rejected,237,0.16364578902721405,1.0,True
3,1,0.39899998903274536,rejected,238,0.13753049075603485,1.0,True
3,1,0.39899998903274536,rejected,239,0.15871746838092804,1.0,True
3,1,0.39899998903274536,rejected,240,0.12536633014678955,1.0,True
3,1,0.39899998903274536,rejected,241,0.15452709794044495,1.0,True
3,1,0.39899998903274536,rejected,242,0.12784092128276825,1.0,True
3,1,0.39899998903274536,rejected,243,0.16120584309101105,1.0,True
3,1,0.39899998903274536,rejected,244,0.10692596435546875,1.0,True
3,1,0.39899998903274536,rejected,245,0.1516539305448532,1.0,True
3,1,0.39899998903274536,rejected,246,0.15929248929023743,1.0,True
3,1,0.39899998903274536,rejected,247,0.14952845871448517,1.0,True
3,1,0.39899998903274536,rejected,248,0.1614692658185959,1.0,True
3,1,0.39899998903274536,rejected,249,0.14003561437129974,1.0,True
3,1,0.39899998903274536,rejected,250,0.14595991373062134,1.0,True
3,1,0.39899998903274536,rejected,251,0.16285987198352814,1.0,True
3,1,0.39899998903274536,rejected,252,0.15576401352882385,1.0,True
3,1,0.39899998903274536,rejected,253,0.16024325788021088,1.0,True
3,1,0.39899998903274536,rejected,254,0.12893010675907135,1.0,True
3,1,0.39899998903274536,rejected,255,0.17184247076511383,1.0,True
3,1,0.39899998903274536,rejected,256,0.14790257811546326,1.0,True
3,1,0.39899998903274536,rejected,257,0.11570806801319122,1.0,True
3,1,0.39899998903274536,rejected,258,0.15069547295570374,1.0,True
3,1,0.39899998903274536,rejected,259,0.14075005054473877,1.0,True
3,1,0.39899998903274536,rejected,260,0.16439411044120789,1.0,True
3,1,0.39899998903274536,rejected,261,0.15031540393829346,1.0,True
3,1,0.39899998903274536,rejected,262,0.15681092441082,1.0,True
3,1,0.39899998903274536,rejected,263,0.1656038612127304,1.0,True
3,1,0.39899998903274536,rejected,264,0.14609472453594208,1.0,True
3,1,0.39899998903274536,rejected,265,0.15042324364185333,1.0,True
3,1,0.39899998903274536,rejected,266,0.16516350209712982,1.0,True
3,1,0.39899998903274536,rejected,267,0.14812617003917694,1.0,True
3,1,0.39899998903274536,rejected,268,0.12033296376466751,1.0,True
3,1,0.39899998903274536,rejected,269,0.16270214319229126,1.0,True
3,1,0.39899998903274536,rejected,270,0.1694612056016922,1.0,True
3,1,0.39899998903274536,rejected,271,0.1523590385913849,1.0,True
3,1,0.39899998903274536,rejected,272,0.14336958527565002,1.0,True
3,1,0.39899998903274536,rejected,273,0.15774928033351898,1.0,True
3,1,0.39899998903274536,rejected,274,0.15759168565273285,1.0,True
3,1,0.39899998903274536,rejected,275,0.14423741400241852,1.0,True
3,1,0.39899998903274536,rejected,276,0.12919498980045319,1.0,True
3,1,0.39899998903274536,rejected,277,0.1277931183576584,1.0,True
3,1,0.39899998903274536,rejected,278,0.15209074318408966,1.0,True
3,1,0.39899998903274536,rejected,279,0.17549265921115875,1.0,True
3,1,0.39899998903274536,rejected,280,0.15879498422145844,1.0,True
3,1,0.39899998903274536,rejected,281,0.14093486964702606,1.0,True
3,1,0.39899998903274536,rejected,282,0.1620393991470337,1.0,True
3,1,0.39899998903274536,rejected,283,0.15504907071590424,1.0,True
3,1,0.39899998903274536,rejected,284,0.11832103878259659,1.0,True
3,1,0.39899998903274536,rejected,285,0.15632952749729156,1.0,True
3,1,0.39899998903274536,rejected,286,0.15923051536083221,1.0,True
3,1,0.39899998903274536,rejected,287,0.14098326861858368,1.0,True
3,1,0.39899998903274536,rejected,288,0.14862540364265442,1.0,True
3,1,0.39899998903274536,rejected,289,0.15878771245479584,1.0,True
3,1,0.39899998903274536,rejected,290,0.12012016028165817,1.0,True
3,1,0.39899998903274536,rejected,291,0.15000951290130615,1.0,True
3,1,0.39899998903274536,rejected,292,0.139082670211792,1.0,True
3,1,0.39899998903274536,rejected,293,0.1704726666212082,1.0,True
3,1,0.39899998903274536,rejected,294,0.15819521248340607,1.0,True
3,1,0.39899998903274536,rejected,295,0.15571410953998566,1.0,True
3,1,0.39899998903274536,rejected,296,0.13837671279907227,1.0,True
3,1,0.39899998903274536,rejected,297,0.1538330614566803,1.0,True
3,1,0.39899998903274536,rejected,298,0.16072198748588562,1.0,True
3,1,0.39899998903274536,rejected,299,0.1615518182516098,1.0,True
3,1,0.39899998903274536,rejected,300,0.17325632274150848,1.0,True
3,1,0.39899998903274536,rejected,301,0.15712228417396545,1.0,True
3,1,0.39899998903274536,rejected,302,0.16086797416210175,1.0,True
3,1,0.39899998903274536,rejected,303,0.1526743769645691,1.0,True
3,1,0.39899998903274536,rejected,304,0.16700078547000885,1.0,True
3,1,0.39899998903274536,rejected,305,0.1568312644958496,1.0,True
3,1,0.39899998903274536,rejected,306,0.1569545567035675,1.0,True
3,1,0.39899998903274536,rejected,307,0.15526095032691956,1.0,True
3,1,0.39899998903274536,rejected,308,0.1511145532131195,1.0,True
3,1,0.39899998903274536,rejected,309,0.15004843473434448,1.0,True
3,1,0.39899998903274536,rejected,310,0.17994378507137299,1.0,True
3,1,0.39899998903274536,rejected,311,0.15932773053646088,1.0,True
3,1,0.39899998903274536,rejected,312,0.17335814237594604,1.0,True
3,1,0.39899998903274536,rejected,313,0.15901078283786774,1.0,True
3,1,0.39899998903274536,rejected,314,0.13970907032489777,1.0,True
3,1,0.39899998903274536,rejected,315,0.16076858341693878,1.0,True
3,1,0.39899998903274536,rejected,316,0.14348778128623962,1.0,True
3,1,0.39899998903274536,rejected,317,0.16261032223701477,1.0,True
3,1,0.39899998903274536,rejected,318,0.1660567969083786,1.0,True
3,1,0.39899998903274536,rejected,319,0.13504339754581451,1.0,True
3,1,0.39899998903274536,rejected,320,0.13734804093837738,1.0,True
3,1,0.39899998903274536,rejected,321,0.15430089831352234,1.0,True
3,1,0.39899998903274536,rejected,322,0.17105503380298615,1.0,True
3,1,0.39899998903274536,rejected,323,0.13657791912555695,1.0,True
3,1,0.39899998903274536,rejected,324,0.1405322253704071,1.0,True
3,1,0.39899998903274536,rejected,325,0.14175443351268768,1.0,True
3,1,0.39899998903274536,rejected,326,0.1638856828212738,1.0,True
3,1,0.39899998903274536,rejected,327,0.1684313416481018,1.0,True
3,1,0.39899998903274536,rejected,328,0.1676723062992096,1.0,True
3,1,0.39899998903274536,rejected,329,0.171505868434906,1.0,True
3,1,0.39899998903274536,rejected,330,0.17789623141288757,1.0,True
3,1,0.39899998903274536,rejected,331,0.11358613520860672,1.0,True
3,1,0.39899998903274536,rejected,332,0.1613793522119522,1.0,True
3,1,0.39899998903274536,rejected,333,0.13089554011821747,1.0,True
3,1,0.39899998903274536,rejected,334,0.1662735641002655,1.0,True
3,1,0.39899998903274536,rejected,335,0.1655571162700653,1.0,True
3,1,0.39899998903274536,rejected,336,0.15680015087127686,1.0,True
3,1,0.39899998903274536,rejected,337,0.16260536015033722,1.0,True
3,1,0.39899998903274536,rejected,338,0.14355675876140594,1.0,True
3,1,0.39899998903274536,rejected,339,0.15562741458415985,1.0,True
3,1,0.39899998903274536,rejected,340,0.1716223508119583,1.0,True
3,1,0.39899998903274536,rejected,341,0.15519818663597107,1.0,True
3,1,0.39899998903274536,rejected,342,0.17294466495513916,1.0,True
3,1,0.39899998903274536,rejected,343,0.1329456865787506,1.0,True
3,1,0.39899998903274536,rejected,344,0.16303765773773193,1.0,True
3,1,0.39899998903274536,rejected,345,0.15628302097320557,1.0,True
3,1,0.39899998903274536,rejected,346,0.1717730015516281,1.0,True
3,1,0.39899998903274536,rejected,347,0.12196338176727295,1.0,True
3,1,0.39899998903274536,rejected,348,0.16330406069755554,1.0,True
3,1,0.39899998903274536,rejected,349,0.16716395318508148,1.0,True
3,1,0.39899998903274536,rejected,350,0.17368513345718384,1.0,True
3,1,0.39899998903274536,rejected,351,0.1598586142063141,1.0,True
3,1,0.39899998903274536,rejected,352,0.15903261303901672,1.0,True
3,1,0.39899998903274536,rejected,353,0.14391644299030304,1.0,True
3,1,0.39899998903274536,rejected,354,0.13518358767032623,1.0,True
3,1,0.39899998903274536,rejected,355,0.14988254010677338,1.0,True
3,1,0.39899998903274536,rejected,356,0.1667194366455078,1.0,True
3,1,0.39899998903274536,rejected,357,0.16862806677818298,1.0,True
3,1,0.39899998903274536,rejected,358,0.1548268347978592,1.0,True
3,1,0.39899998903274536,rejected,359,0.1600733995437622,1.0,True
3,1,0.39899998903274536,rejected,360,0.15283286571502686,1.0,True
3,1,0.39899998903274536,rejected,361,0.15592928230762482,1.0,True
3,1,0.39899998903274536,rejected,362,0.15608520805835724,1.0,True
3,1,0.39899998903274536,rejected,363,0.17518097162246704,1.0,True
3,1,0.39899998903274536,rejected,364,0.14688712358474731,1.0,True
3,1,0.39899998903274536,rejected,365,0.15642018616199493,1.0,True
3,1,0.39899998903274536,rejected,366,0.15560483932495117,1.0,True
3,1,0.39899998903274536,rejected,367,0.13992241024971008,1.0,True
3,1,0.39899998903274536,rejected,368,0.16059082746505737,1.0,True
3,1,0.39899998903274536,rejected,369,0.1397613137960434,1.0,True
3,1,0.39899998903274536,rejected,370,0.166749969124794,1.0,True
3,1,0.39899998903274536,rejected,371,0.14111563563346863,1.0,True
3,1,0.39899998903274536,rejected,372,0.17482048273086548,1.0,True
3,1,0.39899998903274536,rejected,373,0.15041863918304443,1.0,True
3,1,0.39899998903274536,rejected,374,0.1439647674560547,1.0,True
3,1,0.39899998903274536,rejected,375,0.17269150912761688,1.0,True
3,1,0.39899998903274536,rejected,376,0.17424391210079193,1.0,False
3,1,0.39899998903274536,rejected,377,0.16915248334407806,1.0,True
3,1,0.39899998903274536,rejected,378,0.18853919208049774,1.0,False
3,1,0.39899998903274536,rejected,379,0.17748680710792542,1.0,True
3,1,0.39899998903274536,rejected,380,0.16790786385536194,1.0,True
3,1,0.39899998903274536,rejected,381,0.16531477868556976,1.0,True
3,1,0.39899998903274536,rejected,382,0.18678103387355804,1.0,True
3,1,0.39899998903274536,rejected,383,0.16393069922924042,1.0,True
3,1,0.39899998903274536,rejected,384,0.17379117012023926,1.0,True
3,1,0.39899998903274536,rejected,385,0.1601552516222,1.0,True
3,1,0.39899998903274536,rejected,386,0.17192639410495758,1.0,True
3,1,0.39899998903274536,rejected,387,0.1457696259021759,1.0,True
3,1,0.39899998903274536,rejected,388,0.16200849413871765,1.0,True
3,1,0.39899998903274536,rejected,389,0.1759793609380722,1.0,True
3,1,0.39899998903274536,rejected,390,0.16224227845668793,1.0,True
3,1,0.39899998903274536,rejected,391,0.18314599990844727,1.0,True
3,1,0.39899998903274536,rejected,392,0.1726519912481308,1.0,True
3,1,0.39899998903274536,rejected,393,0.16816939413547516,1.0,True
3,1,0.39899998903274536,rejected,394,0.18059982359409332,1.0,True
3,1,0.39899998903274536,rejected,395,0.15696173906326294,1.0,True
3,1,0.39899998903274536,rejected,396,0.12878559529781342,1.0,True
3,1,0.39899998903274536,rejected,397,0.17117121815681458,1.0,True
3,1,0.39899998903274536,rejected,398,0.1750500351190567,1.0,True
3,1,0.39899998903274536,rejected,399,0.15006674826145172,1.0,True
3,1,0.39899998903274536,rejected,400,0.17875471711158752,1.0,True
3,1,0.39899998903274536,rejected,401,0.16881342232227325,1.0,True
3,1,0.39899998903274536,rejected,402,0.17030367255210876,1.0,True
3,1,0.39899998903274536,rejected,403,0.17254532873630524,1.0,True
3,1,0.39899998903274536,rejected,404,0.16112715005874634,1.0,True
3,1,0.39899998903274536,rejected,405,0.1772053837776184,1.0,True
3,1,0.39899998903274536,rejected,406,0.15976716578006744,1.0,True
3,1,0.39899998903274536,rejected,407,0.1577901989221573,1.0,True
3,1,0.39899998903274536,rejected,408,0.18185390532016754,1.0,True
3,1,0.39899998903274536,rejected,409,0.17194607853889465,1.0,True
3,1,0.39899998903274536,rejected,410,0.17289979755878448,1.0,True
3,1,0.39899998903274536,rejected,411,0.17997673153877258,1.0,True
3,1,0.39899998903274536,rejected,412,0.1827021986246109,1.0,True
3,1,0.39899998903274536,rejected,413,0.1584005206823349,1.0,True
3,1,0.39899998903274536,rejected,414,0.1783583015203476,1.0,True
3,1,0.39899998903274536,rejected,415,0.14589646458625793,1.0,True
3,1,0.39899998903274536,rejected,416,0.17675304412841797,1.0,True
3,1,0.39899998903274536,rejected,417,0.17317968606948853,1.0,True
3,1,0.39899998903274536,rejected,418,0.17915475368499756,1.0,True
3,1,0.39899998903274536,rejected,419,0.1750860959291458,1.0,True
3,1,0.39899998903274536,rejected,420,0.19178606569766998,1.0,True
3,1,0.39899998903274536,rejected,421,0.17423991858959198,1.0,True
3,1,0.39899998903274536,rejected,422,0.17258350551128387,1.0,True
3,1,0.39899998903274536,rejected,423,0.16504257917404175,1.0,True
3,1,0.39899998903274536,rejected,424,0.17557702958583832,1.0,True
3,1,0.39899998903274536,rejected,425,0.15807577967643738,1.0,True
3,1,0.39899998903274536,rejected,426,0.16564428806304932,1.0,True
3,1,0.39899998903274536,rejected,427,0.17242030799388885,1.0,True
3,1,0.39899998903274536,rejected,428,0.15648464858531952,1.0,True
3,1,0.39899998903274536,rejected,429,0.16991432011127472,1.0,True
3,1,0.39899998903274536,rejected,430,0.17454327642917633,1.0,True
3,1,0.39899998903274536,rejected,431,0.16390319168567657,1.0,True
3,1,0.39899998903274536,rejected,432,0.17752474546432495,1.0,True
3,1,0.39899998903274536,rejected,433,0.17978323996067047,1.0,True
3,1,0.39899998903274536,rejected,434,0.16014914214611053,1.0,True
3,1,0.39899998903274536,rejected,435,0.18088389933109283,1.0,True
3,1,0.39899998903274536,rejected,436,0.17185820639133453,1.0,True
3,1,0.39899998903274536,rejected,437,0.19073106348514557,1.0,True
3,1,0.39899998903274536,rejected,438,0.1675303876399994,1.0,True
3,1,0.39899998903274536,rejected,439,0.18325082957744598,1.0,True
3,1,0.39899998903274536,rejected,440,0.16991043090820312,1.0,True
3,1,0.39899998903274536,rejected,441,0.16477333009243011,1.0,True
3,1,0.39899998903274536,rejected,442,0.15230673551559448,1.0,True
3,1,0.39899998903274536,rejected,443,0.16200107336044312,1.0,True
3,1,0.39899998903274536,rejected,444,0.1590471863746643,1.0,True
3,1,0.39899998903274536,rejected,445,0.16228806972503662,1.0,True
3,1,0.39899998903274536,rejected,446,0.18018832802772522,1.0,True
3,1,0.39899998903274536,rejected,447,0.16513703763484955,1.0,True
3,1,0.39899998903274536,rejected,448,0.16273939609527588,1.0,True
3,1,0.39899998903274536,rejected,449,0.14803239703178406,1.0,True
3,1,0.39899998903274536,rejected,450,0.1726638525724411,1.0,True
3,1,0.39899998903274536,rejected,451,0.17701080441474915,1.0,True
3,1,0.39899998903274536,rejected,452,0.15828938782215118,1.0,True
3,1,0.39899998903274536,rejected,453,0.1695944219827652,1.0,True
3,1,0.39899998903274536,rejected,454,0.14153505861759186,1.0,True
3,1,0.39899998903274536,rejected,455,0.1507253646850586,1.0,True
3,1,0.39899998903274536,rejected,456,0.1614113599061966,1.0,True
3,1,0.39899998903274536,rejected,457,0.18090321123600006,1.0,True
3,1,0.39899998903274536,rejected,458,0.1750633865594864,1.0,True
3,1,0.39899998903274536,rejected,459,0.16632559895515442,1.0,True
3,1,0.39899998903274536,rejected,460,0.11182856559753418,1.0,True
3,1,0.39899998903274536,rejected,461,0.17252032458782196,1.0,True
3,1,0.39899998903274536,rejected,462,0.17479246854782104,1.0,True
3,1,0.39899998903274536,rejected,463,0.15226605534553528,1.0,True
3,1,0.39899998903274536,rejected,464,0.17647682130336761,1.0,True
3,1,0.39899998903274536,rejected,465,0.16340376436710358,1.0,True
3,1,0.39899998903274536,rejected,466,0.15021337568759918,1.0,True
3,1,0.39899998903274536,rejected,467,0.1618800014257431,1.0,True
3,1,0.39899998903274536,rejected,468,0.17452995479106903,1.0,True
3,1,0.39899998903274536,rejected,469,0.16549398005008698,1.0,True
3,1,0.39899998903274536,rejected,470,0.17500998079776764,1.0,True
3,1,0.39899998903274536,rejected,471,0.1650576889514923,1.0,True
3,1,0.39899998903274536,rejected,472,0.16938623785972595,1.0,True
3,1,0.39899998903274536,rejected,473,0.18939554691314697,1.0,True
3,1,0.39899998903274536,rejected,474,0.16777341067790985,1.0,True
3,1,0.39899998903274536,rejected,475,0.17557300627231598,1.0,True
3,1,0.39899998903274536,rejected,476,0.1676224321126938,1.0,True
3,1,0.39899998903274536,rejected,477,0.17373284697532654,1.0,True
3,1,0.39899998903274536,rejected,478,0.17389728128910065,1.0,True
3,1,0.39899998903274536,rejected,479,0.1844177395105362,1.0,True
3,1,0.39899998903274536,rejected,480,0.15794315934181213,1.0,True
3,1,0.39899998903274536,rejected,481,0.154705211520195,1.0,True
3,1,0.39899998903274536,rejected,482,0.1793886423110962,1.0,True
3,1,0.39899998903274536,rejected,483,0.18104957044124603,1.0,True
3,1,0.39899998903274536,rejected,484,0.17047657072544098,1.0,True
3,1,0.39899998903274536,rejected,485,0.16521894931793213,1.0,True
3,1,0.39899998903274536,rejected,486,0.16713334619998932,1.0,True
3,1,0.39899998903274536,rejected,487,0.1109752357006073,1.0,True
3,1,0.39899998903274536,rejected,488,0.19340826570987701,1.0,True
3,1,0.39899998903274536,rejected,489,0.1642649918794632,1.0,True
3,1,0.39899998903274536,rejected,490,0.1873604953289032,1.0,True
3,1,0.39899998903274536,rejected,491,0.16038267314434052,1.0,True
3,1,0.39899998903274536,rejected,492,0.1477818787097931,1.0,True
3,1,0.39899998903274536,rejected,493,0.17493656277656555,1.0,True
3,1,0.39899998903274536,rejected,494,0.156534805893898,1.0,True
3,1,0.39899998903274536,rejected,495,0.1667652428150177,1.0,True
3,1,0.39899998903274536,rejected,496,0.1668403297662735,1.0,True
3,1,0.39899998903274536,rejected,497,0.15020763874053955,1.0,True
3,1,0.39899998903274536,rejected,498,0.147759348154068,1.0,True
3,1,0.39899998903274536,rejected,499,0.17219683527946472,1.0,True
3,1,0.39899998903274536,rejected,500,0.1665922999382019,1.0,True
3,2,0.3483000099658966,rejected,1,0.09650416672229767,1.0,True
3,2,0.3483000099658966,rejected,2,0.10189256072044373,1.0,True
3,2,0.3483000099658966,rejected,3,0.09741070121526718,1.0,True
3,2,0.3483000099658966,rejected,4,0.08169856667518616,1.0,True
3,2,0.3483000099658966,rejected,5,0.1028100922703743,1.0,True
3,2,0.3483000099658966,rejected,6,0.12359561771154404,1.0,True
3,2,0.3483000099658966,rejected,7,0.09814736247062683,1.0,True
3,2,0.3483000099658966,rejected,8,0.1003580316901207,1.0,True
3,2,0.3483000099658966,rejected,9,0.13160449266433716,1.0,True
3,2,0.3483000099658966,rejected,10,0.10684441775083542,1.0,True
3,2,0.3483000099658966,rejected,11,0.11442767083644867,1.0,True
3,2,0.3483000099658966,rejected,12,0.09834036976099014,1.0,True
3,2,0.3483000099658966,rejected,13,0.10278733819723129,1.0,True
3,2,0.3483000099658966,rejected,14,0.11084576696157455,1.0,True
3,2,0.3483000099658966,rejected,15,0.09617047756910324,1.0,True
3,2,0.3483000099658966,rejected,16,0.10235028713941574,1.0,True
3,2,0.3483000099658966,rejected,17,0.11397112905979156,1.0,True
3,2,0.3483000099658966,rejected,18,0.093047134578228,1.0,True
3,2,0.3483000099658966,rejected,19,0.11255311965942383,1.0,True
3,2,0.3483000099658966,rejected,20,0.1155105009675026,1.0,True
3,2,0.3483000099658966,rejected,21,0.09912905842065811,1.0,True
3,2,0.3483000099658966,rejected,22,0.10715381056070328,1.0,True
3,2,0.3483000099658966,rejected,23,0.10211356729269028,1.0,True
3,2,0.3483000099658966,rejected,24,0.1272749900817871,1.0,True
3,2,0.3483000099658966,rejected,25,0.12540219724178314,1.0,True
3,2,0.3483000099658966,rejected,26,0.14767538011074066,1.0,True
3,2,0.3483000099658966,rejected,27,0.11150439828634262,1.0,True
3,2,0.3483000099658966,rejected,28,0.1774103343486786,1.0,True
3,2,0.3483000099658966,rejected,29,0.16523344814777374,1.0,True
3,2,0.3483000099658966,rejected,30,0.15316671133041382,1.0,False
3,2,0.3483000099658966,rejected,31,0.1403554230928421,1.0,True
3,2,0.3483000099658966,rejected,32,0.20628610253334045,1.0,True
3,2,0.3483000099658966,rejected,33,0.17872199416160583,1.0,True
3,2,0.3483000099658966,rejected,34,0.19851815700531006,1.0,True
3,2,0.3483000099658966,rejected,35,0.2150353342294693,1.0,True
3,2,0.3483000099658966,rejected,36,0.206993967294693,1.0,True
3,2,0.3483000099658966,rejected,37,0.18889769911766052,1.0,True
3,2,0.3483000099658966,rejected,38,0.21119575202465057,1.0,True
3,2,0.3483000099658966,rejected,39,0.22573021054267883,1.0,True
3,2,0.3483000099658966,rejected,40,0.21850331127643585,1.0,True
3,2,0.3483000099658966,rejected,41,0.24435016512870789,1.0,True
3,2,0.3483000099658966,rejected,42,0.14907623827457428,1.0,False
3,2,0.3483000099658966,rejected,43,0.21852582693099976,1.0,True
3,2,0.3483000099658966,rejected,44,0.20269399881362915,1.0,True
3,2,0.3483000099658966,rejected,45,0.205997496843338,1.0,True
3,2,0.3483000099658966,rejected,46,0.20931334793567657,1.0,True
3,2,0.3483000099658966,rejected,47,0.24141129851341248,1.0,True
3,2,0.3483000099658966,rejected,48,0.25883352756500244,1.0,True
3,2,0.3483000099658966,rejected,49,0.2502010762691498,1.0,True
3,2,0.3483000099658966,rejected,50,0.26377955079078674,1.0,True
3,2,0.3483000099658966,rejected,51,0.24954433739185333,1.0,True
3,2,0.3483000099658966,rejected,52,0.2448129504919052,1.0,True
3,2,0.3483000099658966,rejected,53,0.25883156061172485,1.0,True
3,2,0.3483000099658966,rejected,54,0.27889275550842285,1.0,True
3,2,0.3483000099658966,rejected,55,0.2614433765411377,1.0,True
3,2,0.3483000099658966,rejected,56,0.19672398269176483,1.0,True
3,2,0.3483000099658966,rejected,57,0.2122570425271988,1.0,True
3,2,0.3483000099658966,rejected,58,0.29247674345970154,1.0,True
3,2,0.3483000099658966,rejected,59,0.2733388841152191,1.0,True
3,2,0.3483000099658966,rejected,60,0.2933807373046875,1.0,True
3,2,0.3483000099658966,rejected,61,0.2281968593597412,1.0,False
3,2,0.3483000099658966,rejected,62,0.24721068143844604,1.0,True
3,2,0.3483000099658966,rejected,63,0.28298333287239075,1.0,True
3,2,0.3483000099658966,rejected,64,0.2837226688861847,1.0,True
3,2,0.3483000099658966,rejected,65,0.2787863612174988,1.0,True
3,2,0.3483000099658966,rejected,66,0.26940417289733887,1.0,True
3,2,0.3483000099658966,rejected,67,0.3069072663784027,1.0,True
3,2,0.3483000099658966,rejected,68,0.273336797952652,1.0,True
3,2,0.3483000099658966,rejected,69,0.27042248845100403,1.0,True
3,2,0.3483000099658966,rejected,70,0.2833300530910492,1.0,True
3,2,0.3483000099658966,rejected,71,0.2814299166202545,1.0,True
3,2,0.3483000099658966,rejected,72,0.2908112704753876,1.0,True
3,2,0.3483000099658966,rejected,73,0.28356361389160156,1.0,True
3,2,0.3483000099658966,rejected,74,0.29002803564071655,1.0,True
3,2,0.3483000099658966,rejected,75,0.2790428102016449,1.0,True
3,2,0.3483000099658966,rejected,76,0.3039397895336151,1.0,True
3,2,0.3483000099658966,rejected,77,0.25961968302726746,1.0,False
3,2,0.3483000099658966,rejected,78,0.295434832572937,1.0,True
3,2,0.3483000099658966,rejected,79,0.2569623589515686,1.0,True
3,2,0.3483000099658966,rejected,80,0.2761371433734894,1.0,False
3,2,0.3483000099658966,rejected,81,0.29068151116371155,1.0,False
3,2,0.3483000099658966,rejected,82,0.3085884153842926,1.0,True
3,2,0.3483000099658966,rejected,83,0.265154629945755,1.0,True
3,2,0.3483000099658966,rejected,84,0.275043785572052,1.0,True
3,2,0.3483000099658966,rejected,85,0.2985526919364929,1.0,True
3,2,0.3483000099658966,rejected,86,0.28645890951156616,1.0,True
3,2,0.3483000099658966,rejected,87,0.2955035865306854,1.0,True
3,2,0.3483000099658966,rejected,88,0.3201988637447357,1.0,True
3,2,0.3483000099658966,rejected,89,0.30445271730422974,1.0,True
3,2,0.3483000099658966,rejected,90,0.3126561939716339,1.0,True
3,2,0.3483000099658966,rejected,91,0.31702306866645813,1.0,True
3,2,0.3483000099658966,rejected,92,0.2935430705547333,1.0,True
3,2,0.3483000099658966,rejected,93,0.3039827048778534,1.0,True
3,2,0.3483000099658966,rejected,94,0.29843994975090027,1.0,True
3,2,0.3483000099658966,rejected,95,0.31325671076774597,1.0,True
3,2,0.3483000099658966,rejected,96,0.338091641664505,1.0,True
3,2,0.3483000099658966,rejected,97,0.30629441142082214,1.0,True
3,2,0.3483000099658966,rejected,98,0.301985502243042,1.0,True
3,2,0.3483000099658966,rejected,99,0.3413443863391876,1.0,True
3,2,0.3483000099658966,rejected,100,0.3241586983203888,1.0,True
3,2,0.3483000099658966,rejected,101,0.2918470501899719,1.0,True
3,2,0.3483000099658966,rejected,102,0.321787029504776,1.0,True
3,2,0.3483000099658966,rejected,103,0.23692898452281952,1.0,True
3,2,0.3483000099658966,rejected,104,0.31888967752456665,1.0,True
3,2,0.3483000099658966,rejected,105,0.33394503593444824,1.0,True
3,2,0.3483000099658966,rejected,106,0.28348034620285034,1.0,True
3,2,0.3483000099658966,rejected,107,0.35427913069725037,1.0,True
3,2,0.3483000099658966,rejected,108,0.3234287202358246,1.0,True
3,2,0.3483000099658966,rejected,109,0.3349069356918335,1.0,True
3,2,0.3483000099658966,rejected,110,0.32835909724235535,1.0,True
3,2,0.3483000099658966,rejected,111,0.3268719017505646,1.0,True
3,2,0.3483000099658966,rejected,112,0.3439743220806122,1.0,True
3,2,0.3483000099658966,rejected,113,0.33618825674057007,1.0,True
3,2,0.3483000099658966,rejected,114,0.32238662242889404,1.0,True
3,2,0.3483000099658966,rejected,115,0.31407153606414795,1.0,True
3,2,0.3483000099658966,rejected,116,0.3303164541721344,1.0,True
3,2,0.3483000099658966,rejected,117,0.3295021951198578,1.0,True
3,2,0.3483000099658966,rejected,118,0.3088604509830475,1.0,True
3,2,0.3483000099658966,rejected,119,0.28150829672813416,1.0,True
3,2,0.3483000099658966,rejected,120,0.334550678730011,1.0,True
3,2,0.3483000099658966,rejected,121,0.3073243796825409,1.0,True
3,2,0.3483000099658966,rejected,122,0.33798331022262573,1.0,True
3,2,0.3483000099658966,rejected,123,0.33613821864128113,1.0,True
3,2,0.3483000099658966,rejected,124,0.32450634241104126,1.0,True
3,2,0.3483000099658966,rejected,125,0.3505927324295044,1.0,True
3,2,0.3483000099658966,rejected,126,0.3081214427947998,1.0,True
3,2,0.3483000099658966,rejected,127,0.28776663541793823,1.0,True
3,2,0.3483000099658966,rejected,128,0.34555384516716003,1.0,True
3,2,0.3483000099658966,rejected,129,0.33692002296447754,1.0,True
3,2,0.3483000099658966,rejected,130,0.30177244544029236,1.0,True
3,2,0.3483000099658966,rejected,131,0.36341187357902527,1.0,True
3,2,0.3483000099658966,rejected,132,0.3335414528846741,1.0,True
3,2,0.3483000099658966,rejected,133,0.3306227922439575,1.0,True
3,2,0.3483000099658966,rejected,134,0.3558788299560547,1.0,True
3,2,0.3483000099658966,rejected,135,0.33999931812286377,1.0,True
3,2,0.3483000099658966,rejected,136,0.3020200729370117,1.0,True
3,2,0.3483000099658966,rejected,137,0.3247317373752594,1.0,True
3,2,0.3483000099658966,rejected,138,0.3654944896697998,1.0,True
3,2,0.3483000099658966,rejected,139,0.3548268973827362,1.0,True
3,2,0.3483000099658966,rejected,140,0.31300586462020874,1.0,True
3,2,0.3483000099658966,rejected,141,0.3140428066253662,1.0,True
3,2,0.3483000099658966,rejected,142,0.330379456281662,1.0,True
3,2,0.3483000099658966,rejected,143,0.34125062823295593,1.0,True
3,2,0.3483000099658966,rejected,144,0.29688432812690735,1.0,True
3,2,0.3483000099658966,rejected,145,0.3321954607963562,1.0,True
3,2,0.3483000099658966,rejected,146,0.3356756269931793,1.0,True
3,2,0.3483000099658966,rejected,147,0.3325936198234558,1.0,True
3,2,0.3483000099658966,rejected,148,0.33692261576652527,1.0,True
3,2,0.3483000099658966,rejected,149,0.3495177626609802,1.0,True
3,2,0.3483000099658966,rejected,150,0.3447520136833191,1.0,True
3,2,0.3483000099658966,rejected,151,0.3163730800151825,1.0,True
3,2,0.3483000099658966,rejected,152,0.3285733461380005,1.0,True
3,2,0.3483000099658966,rejected,153,0.3214655816555023,1.0,True
3,2,0.3483000099658966,rejected,154,0.36151209473609924,1.0,True
3,2,0.3483000099658966,rejected,155,0.33289825916290283,1.0,True
3,2,0.3483000099658966,rejected,156,0.34196215867996216,1.0,True
3,2,0.3483000099658966,rejected,157,0.3492272198200226,1.0,True
3,2,0.3483000099658966,rejected,158,0.33152955770492554,1.0,True
3,2,0.3483000099658966,rejected,159,0.3601040542125702,1.0,True
3,2,0.3483000099658966,rejected,160,0.3194924294948578,1.0,True
3,2,0.3483000099658966,rejected,161,0.36163485050201416,1.0,True
3,2,0.3483000099658966,rejected,162,0.3492964804172516,1.0,False
3,2,0.3483000099658966,rejected,163,0.3383883833885193,1.0,True
3,2,0.3483000099658966,rejected,164,0.3595755696296692,1.0,True
3,2,0.3483000099658966,rejected,165,0.35566848516464233,1.0,True
3,2,0.3483000099658966,rejected,166,0.354312926530838,1.0,True
3,2,0.3483000099658966,rejected,167,0.36806052923202515,1.0,True
3,2,0.3483000099658966,rejected,168,0.32715630531311035,1.0,True
3,2,0.3483000099658966,rejected,169,0.34785374999046326,1.0,True
3,2,0.3483000099658966,rejected,170,0.35300159454345703,1.0,True
3,2,0.3483000099658966,rejected,171,0.3577995300292969,1.0,True
3,2,0.3483000099658966,rejected,172,0.3335948884487152,1.0,True
3,2,0.3483000099658966,rejected,173,0.332646906375885,1.0,True
3,2,0.3483000099658966,rejected,174,0.3439638316631317,1.0,True
3,2,0.3483000099658966,rejected,175,0.34957778453826904,1.0,True
3,2,0.3483000099658966,rejected,176,0.36184871196746826,1.0,True
3,2,0.3483000099658966,rejected,177,0.3430020809173584,1.0,True
3,2,0.3483000099658966,rejected,178,0.29377496242523193,1.0,True
3,2,0.3483000099658966,rejected,179,0.33901891112327576,1.0,True
3,2,0.3483000099658966,rejected,180,0.3110312223434448,1.0,True
3,2,0.3483000099658966,rejected,181,0.31554144620895386,1.0,True
3,2,0.3483000099658966,rejected,182,0.34561973810195923,1.0,True
3,2,0.3483000099658966,rejected,183,0.3158738315105438,1.0,True
3,2,0.3483000099658966,rejected,184,0.34839025139808655,1.0,True
3,2,0.3483000099658966,rejected,185,0.3537012040615082,1.0,True
3,2,0.3483000099658966,rejected,186,0.36619508266448975,1.0,True
3,2,0.3483000099658966,rejected,187,0.3471406102180481,1.0,True
3,2,0.3483000099658966,rejected,188,0.3312249183654785,1.0,False
3,2,0.3483000099658966,rejected,189,0.36239853501319885,1.0,True
3,2,0.3483000099658966,rejected,190,0.361563116312027,1.0,True
3,2,0.3483000099658966,rejected,191,0.35930135846138,1.0,True
3,2,0.3483000099658966,rejected,192,0.3733464479446411,1.0,True
3,2,0.3483000099658966,rejected,193,0.34780335426330566,1.0,True
3,2,0.3483000099658966,rejected,194,0.36301422119140625,1.0,True
3,2,0.3483000099658966,rejected,195,0.3505539298057556,1.0,True
3,2,0.3483000099658966,rejected,196,0.32612958550453186,1.0,True
3,2,0.3483000099658966,rejected,197,0.35317671298980713,1.0,True
3,2,0.3483000099658966,rejected,198,0.35255348682403564,1.0,True
3,2,0.3483000099658966,rejected,199,0.3598719835281372,1.0,True
3,2,0.3483000099658966,rejected,200,0.31500864028930664,1.0,True
3,2,0.3483000099658966,rejected,201,0.36610010266304016,1.0,True
3,2,0.3483000099658966,rejected,202,0.3511655926704407,1.0,True
3,2,0.3483000099658966,rejected,203,0.37465327978134155,1.0,True
3,2,0.3483000099658966,rejected,204,0.3448598384857178,1.0,True
3,2,0.3483000099658966,rejected,205,0.3599969148635864,1.0,True
3,2,0.3483000099658966,rejected,206,0.3353646397590637,1.0,True
3,2,0.3483000099658966,rejected,207,0.35459282994270325,1.0,True
3,2,0.3483000099658966,rejected,208,0.3523760139942169,1.0,True
3,2,0.3483000099658966,rejected,209,0.34512439370155334,1.0,True
3,2,0.3483000099658966,rejected,210,0.3493671119213104,1.0,True
3,2,0.3483000099658966,rejected,211,0.3414068818092346,1.0,True
3,2,0.3483000099658966,rejected,212,0.3598843216896057,1.0,True
3,2,0.3483000099658966,rejected,213,0.3575811982154846,1.0,True
3,2,0.3483000099658966,rejected,214,0.33492353558540344,1.0,True
3,2,0.3483000099658966,rejected,215,0.3499874174594879,1.0,True
3,2,0.3483000099658966,rejected,216,0.3551654815673828,1.0,True
3,2,0.3483000099658966,rejected,217,0.32854077219963074,1.0,True
3,2,0.3483000099658966,rejected,218,0.35700467228889465,1.0,True
3,2,0.3483000099658966,rejected,219,0.32635608315467834,1.0,True
3,2,0.3483000099658966,rejected,220,0.36319705843925476,1.0,True
3,2,0.3483000099658966,rejected,221,0.3570510149002075,1.0,True
3,2,0.3483000099658966,rejected,222,0.3644920289516449,1.0,True
3,2,0.3483000099658966,rejected,223,0.3611440360546112,1.0,True
3,2,0.3483000099658966,rejected,224,0.3731299936771393,1.0,True
3,2,0.3483000099658966,rejected,225,0.3765057921409607,1.0,True
3,2,0.3483000099658966,rejected,226,0.34214481711387634,1.0,True
3,2,0.3483000099658966,rejected,227,0.37336495518684387,1.0,True
3,2,0.3483000099658966,rejected,228,0.36701321601867676,1.0,True
3,2,0.3483000099658966,rejected,229,0.3639848828315735,1.0,True
3,2,0.3483000099658966,rejected,230,0.336020290851593,1.0,True
3,2,0.3483000099658966,rejected,231,0.35349613428115845,1.0,True
3,2,0.3483000099658966,rejected,232,0.3545495271682739,1.0,True
3,2,0.3483000099658966,rejected,233,0.37472331523895264,1.0,True
3,2,0.3483000099658966,rejected,234,0.3642306923866272,1.0,True
3,2,0.3483000099658966,rejected,235,0.36617833375930786,1.0,True
3,2,0.3483000099658966,rejected,236,0.35996946692466736,1.0,True
3,2,0.3483000099658966,rejected,237,0.37545448541641235,1.0,True
3,2,0.3483000099658966,rejected,238,0.3636046051979065,1.0,True
3,2,0.3483000099658966,rejected,239,0.38012808561325073,1.0,True
3,2,0.3483000099658966,rejected,240,0.3851594924926758,1.0,True
3,2,0.3483000099658966,rejected,241,0.31253814697265625,1.0,True
3,2,0.3483000099658966,rejected,242,0.36680465936660767,1.0,True
3,2,0.3483000099658966,rejected,243,0.379199743270874,1.0,True
3,2,0.3483000099658966,rejected,244,0.389552503824234,1.0,True
3,2,0.3483000099658966,rejected,245,0.38067373633384705,1.0,True
3,2,0.3483000099658966,rejected,246,0.36579999327659607,1.0,True
3,2,0.3483000099658966,rejected,247,0.37321680784225464,1.0,True
3,2,0.3483000099658966,rejected,248,0.36203786730766296,1.0,True
3,2,0.3483000099658966,rejected,249,0.36707761883735657,1.0,True
3,2,0.3483000099658966,rejected,250,0.3742047846317291,1.0,True
3,2,0.3483000099658966,rejected,251,0.3557553291320801,1.0,True
3,2,0.3483000099658966,rejected,252,0.35211533308029175,1.0,True
3,2,0.3483000099658966,rejected,253,0.3674502968788147,1.0,True
3,2,0.3483000099658966,rejected,254,0.34125974774360657,1.0,True
3,2,0.3483000099658966,rejected,255,0.37318122386932373,1.0,True
3,2,0.3483000099658966,rejected,256,0.37129127979278564,1.0,True
3,2,0.3483000099658966,rejected,257,0.351398766040802,1.0,True
3,2,0.3483000099658966,rejected,258,0.36517953872680664,1.0,True
3,2,0.3483000099658966,rejected,259,0.37828516960144043,1.0,True
3,2,0.3483000099658966,rejected,260,0.31475400924682617,1.0,True
3,2,0.3483000099658966,rejected,261,0.37746500968933105,1.0,True
3,2,0.3483000099658966,rejected,262,0.373923659324646,1.0,True
3,2,0.3483000099658966,rejected,263,0.3752311170101166,1.0,True
3,2,0.3483000099658966,rejected,264,0.37741604447364807,1.0,True
3,2,0.3483000099658966,rejected,265,0.37160158157348633,1.0,True
3,2,0.3483000099658966,rejected,266,0.3348967134952545,1.0,True
3,2,0.3483000099658966,rejected,267,0.3695884943008423,1.0,True
3,2,0.3483000099658966,rejected,268,0.355562686920166,1.0,True
3,2,0.3483000099658966,rejected,269,0.33351218700408936,1.0,True
3,2,0.3483000099658966,rejected,270,0.3604256510734558,1.0,True
3,2,0.3483000099658966,rejected,271,0.3105581998825073,1.0,True
3,2,0.3483000099658966,rejected,272,0.30841773748397827,1.0,True
3,2,0.3483000099658966,rejected,273,0.36524221301078796,1.0,True
3,2,0.3483000099658966,rejected,274,0.38263043761253357,1.0,True
3,2,0.3483000099658966,rejected,275,0.3601589798927307,1.0,True
3,2,0.3483000099658966,rejected,276,0.359213650226593,1.0,True
3,2,0.3483000099658966,rejected,277,0.37431326508522034,1.0,True
3,2,0.3483000099658966,rejected,278,0.3626349866390228,1.0,True
3,2,0.3483000099658966,rejected,279,0.3569679260253906,1.0,True
3,2,0.3483000099658966,rejected,280,0.3759130835533142,1.0,True
3,2,0.3483000099658966,rejected,281,0.36293667554855347,1.0,True
3,2,0.3483000099658966,rejected,282,0.340596467256546,1.0,True
3,2,0.3483000099658966,rejected,283,0.35657596588134766,1.0,True
3,2,0.3483000099658966,rejected,284,0.3542994260787964,1.0,True
3,2,0.3483000099658966,rejected,285,0.3737097680568695,1.0,True
3,2,0.3483000099658966,rejected,286,0.35052987933158875,1.0,True
3,2,0.3483000099658966,rejected,287,0.3875589370727539,1.0,True
3,2,0.3483000099658966,rejected,288,0.3582543432712555,1.0,True
3,2,0.3483000099658966,rejected,289,0.37623730301856995,1.0,True
3,2,0.3483000099658966,rejected,290,0.36209726333618164,1.0,True
3,2,0.3483000099658966,rejected,291,0.3799860179424286,1.0,True
3,2,0.3483000099658966,rejected,292,0.3780384957790375,1.0,True
3,2,0.3483000099658966,rejected,293,0.3413964807987213,1.0,True
3,2,0.3483000099658966,rejected,294,0.3624468743801117,1.0,True
3,2,0.3483000099658966,rejected,295,0.3690953552722931,1.0,True
3,2,0.3483000099658966,rejected,296,0.3705611526966095,1.0,True
3,2,0.3483000099658966,rejected,297,0.35665759444236755,1.0,True
3,2,0.3483000099658966,rejected,298,0.3658432364463806,1.0,True
3,2,0.3483000099658966,rejected,299,0.3577340245246887,1.0,True
3,2,0.3483000099658966,rejected,300,0.3752855062484741,1.0,True
3,2,0.3483000099658966,rejected,301,0.35452115535736084,1.0,True
3,2,0.3483000099658966,rejected,302,0.3534287214279175,1.0,True
3,2,0.3483000099658966,rejected,303,0.370383083820343,1.0,True
3,2,0.3483000099658966,rejected,304,0.3506074547767639,1.0,True
3,2,0.3483000099658966,rejected,305,0.3751366436481476,1.0,False
3,2,0.3483000099658966,rejected,306,0.35019707679748535,1.0,True
3,2,0.3483000099658966,rejected,307,0.3490101397037506,1.0,True
3,2,0.3483000099658966,rejected,308,0.37927931547164917,1.0,True
3,2,0.3483000099658966,rejected,309,0.3731299936771393,1.0,True
3,2,0.3483000099658966,rejected,310,0.31609562039375305,1.0,True
3,2,0.3483000099658966,rejected,311,0.3832980692386627,1.0,True
3,2,0.3483000099658966,rejected,312,0.3619370758533478,1.0,True
3,2,0.3483000099658966,rejected,313,0.36943763494491577,1.0,True
3,2,0.3483000099658966,rejected,314,0.37626171112060547,1.0,True
3,2,0.3483000099658966,rejected,315,0.38122594356536865,1.0,True
3,2,0.3483000099658966,rejected,316,0.3720455467700958,1.0,True
3,2,0.3483000099658966,rejected,317,0.3879035413265228,1.0,True
3,2,0.3483000099658966,rejected,318,0.367803692817688,1.0,True
3,2,0.3483000099658966,rejected,319,0.3807593882083893,1.0,True
3,2,0.3483000099658966,rejected,320,0.3318079113960266,1.0,True
3,2,0.3483000099658966,rejected,321,0.37246447801589966,1.0,True
3,2,0.3483000099658966,rejected,322,0.364145964384079,1.0,True
3,2,0.3483000099658966,rejected,323,0.3757309913635254,1.0,True
3,2,0.3483000099658966,rejected,324,0.3657037019729614,1.0,True
3,2,0.3483000099658966,rejected,325,0.3807899057865143,1.0,True
3,2,0.3483000099658966,rejected,326,0.34949108958244324,1.0,False
3,2,0.3483000099658966,rejected,327,0.38412362337112427,1.0,True
3,2,0.3483000099658966,rejected,328,0.37117940187454224,1.0,True
3,2,0.3483000099658966,rejected,329,0.35213950276374817,1.0,True
3,2,0.3483000099658966,rejected,330,0.3828187584877014,1.0,True
3,2,0.3483000099658966,rejected,331,0.3921048939228058,1.0,True
3,2,0.3483000099658966,rejected,332,0.3337387144565582,1.0,True
3,2,0.3483000099658966,rejected,333,0.3544873297214508,1.0,True
3,2,0.3483000099658966,rejected,334,0.3716781437397003,1.0,True
3,2,0.3483000099658966,rejected,335,0.37211084365844727,1.0,True
3,2,0.3483000099658966,rejected,336,0.3550259470939636,1.0,True
3,2,0.3483000099658966,rejected,337,0.3621704876422882,1.0,True
3,2,0.3483000099658966,rejected,338,0.3792778551578522,1.0,True
3,2,0.3483000099658966,rejected,339,0.39199572801589966,1.0,True
3,2,0.3483000099658966,rejected,340,0.3602098524570465,1.0,True
3,2,0.3483000099658966,rejected,341,0.3678934872150421,1.0,True
3,2,0.3483000099658966,rejected,342,0.3798440098762512,1.0,True
3,2,0.3483000099658966,rejected,343,0.3822554647922516,1.0,True
3,2,0.3483000099658966,rejected,344,0.38717472553253174,1.0,True
3,2,0.3483000099658966,rejected,345,0.35746121406555176,1.0,True
3,2,0.3483000099658966,rejected,346,0.34454822540283203,1.0,True
3,2,0.3483000099658966,rejected,347,0.38350868225097656,1.0,True
3,2,0.3483000099658966,rejected,348,0.3850405216217041,1.0,True
3,2,0.3483000099658966,rejected,349,0.3594658672809601,1.0,True
3,2,0.3483000099658966,rejected,350,0.31249406933784485,1.0,True
3,2,0.3483000099658966,rejected,351,0.3641737699508667,1.0,True
3,2,0.3483000099658966,rejected,352,0.36722466349601746,1.0,True
3,2,0.3483000099658966,rejected,353,0.38205721974372864,1.0,True
3,2,0.3483000099658966,rejected,354,0.36860570311546326,1.0,True
3,2,0.3483000099658966,rejected,355,0.3497992157936096,1.0,True
3,2,0.3483000099658966,rejected,356,0.33279794454574585,1.0,True
3,2,0.3483000099658966,rejected,357,0.38284212350845337,1.0,True
3,2,0.3483000099658966,rejected,358,0.3449901342391968,1.0,True
3,2,0.3483000099658966,rejected,359,0.34642890095710754,1.0,True
3,2,0.3483000099658966,rejected,360,0.37962523102760315,1.0,True
3,2,0.3483000099658966,rejected,361,0.3653634786605835,1.0,True
3,2,0.3483000099658966,rejected,362,0.40183237195014954,1.0,True
3,2,0.3483000099658966,rejected,363,0.37029409408569336,1.0,True
3,2,0.3483000099658966,rejected,364,0.35682767629623413,1.0,True
3,2,0.3483000099658966,rejected,365,0.3946770429611206,1.0,True
3,2,0.3483000099658966,rejected,366,0.37204980850219727,1.0,True
3,2,0.3483000099658966,rejected,367,0.3635644018650055,1.0,True
3,2,0.3483000099658966,rejected,368,0.37449324131011963,1.0,True
3,2,0.3483000099658966,rejected,369,0.3993704915046692,1.0,True
3,2,0.3483000099658966,rejected,370,0.37605220079421997,1.0,True
3,2,0.3483000099658966,rejected,371,0.3390434682369232,1.0,True
3,2,0.3483000099658966,rejected,372,0.35816553235054016,1.0,True
3,2,0.3483000099658966,rejected,373,0.3605920374393463,1.0,True
3,2,0.3483000099658966,rejected,374,0.3864119052886963,1.0,True
3,2,0.3483000099658966,rejected,375,0.38146740198135376,1.0,True
3,2,0.3483000099658966,rejected,376,0.3792908787727356,1.0,True
3,2,0.3483000099658966,rejected,377,0.3784511387348175,1.0,True
3,2,0.3483000099658966,rejected,378,0.37359288334846497,1.0,True
3,2,0.3483000099658966,rejected,379,0.38163915276527405,1.0,True
3,2,0.3483000099658966,rejected,380,0.3477768003940582,1.0,True
3,2,0.3483000099658966,rejected,381,0.3551817238330841,1.0,True
3,2,0.3483000099658966,rejected,382,0.35389554500579834,1.0,True
3,2,0.3483000099658966,rejected,383,0.4042338728904724,1.0,True
3,2,0.3483000099658966,rejected,384,0.34839293360710144,1.0,True
3,2,0.3483000099658966,rejected,385,0.3734503984451294,1.0,True
3,2,0.3483000099658966,rejected,386,0.34893694519996643,1.0,False
3,2,0.3483000099658966,rejected,387,0.36259764432907104,1.0,True
3,2,0.3483000099658966,rejected,388,0.36834847927093506,1.0,True
3,2,0.3483000099658966,rejected,389,0.3792243003845215,1.0,True
3,2,0.3483000099658966,rejected,390,0.4025534689426422,1.0,True
3,2,0.3483000099658966,rejected,391,0.37662070989608765,1.0,True
3,2,0.3483000099658966,rejected,392,0.3865150809288025,1.0,True
3,2,0.3483000099658966,rejected,393,0.3653244376182556,1.0,True
3,2,0.3483000099658966,rejected,394,0.32247763872146606,1.0,True
3,2,0.3483000099658966,rejected,395,0.3906864821910858,1.0,True
3,2,0.3483000099658966,rejected,396,0.38919752836227417,1.0,True
3,2,0.3483000099658966,rejected,397,0.39444074034690857,1.0,True
3,2,0.3483000099658966,rejected,398,0.35551655292510986,1.0,True
3,2,0.3483000099658966,rejected,399,0.3913308382034302,1.0,True
3,2,0.3483000099658966,rejected,400,0.3884395956993103,1.0,True
3,2,0.3483000099658966,rejected,401,0.3573930263519287,1.0,True
3,2,0.3483000099658966,rejected,402,0.36429187655448914,1.0,True
3,2,0.3483000099658966,rejected,403,0.36530354619026184,1.0,True
3,2,0.3483000099658966,rejected,404,0.34831053018569946,1.0,True
3,2,0.3483000099658966,rejected,405,0.35867276787757874,1.0,True
3,2,0.3483000099658966,rejected,406,0.37660345435142517,1.0,True
3,2,0.3483000099658966,rejected,407,0.38736236095428467,1.0,True
3,2,0.3483000099658966,rejected,408,0.38587716221809387,1.0,True
3,2,0.3483000099658966,rejected,409,0.38027170300483704,1.0,True
3,2,0.3483000099658966,rejected,410,0.3511120080947876,1.0,True
3,2,0.3483000099658966,rejected,411,0.34701746702194214,1.0,True
3,2,0.3483000099658966,rejected,412,0.3495497703552246,1.0,True
3,2,0.3483000099658966,rejected,413,0.3889541029930115,1.0,True
3,2,0.3483000099658966,rejected,414,0.35257768630981445,1.0,True
3,2,0.3483000099658966,rejected,415,0.3572281002998352,1.0,True
3,2,0.3483000099658966,rejected,416,0.37914618849754333,1.0,True
3,2,0.3483000099658966,rejected,417,0.39724788069725037,1.0,True
3,2,0.3483000099658966,rejected,418,0.389194518327713,1.0,True
3,2,0.3483000099658966,rejected,419,0.3496524691581726,1.0,True
3,2,0.3483000099658966,rejected,420,0.36638233065605164,1.0,True
3,2,0.3483000099658966,rejected,421,0.37555617094039917,1.0,True
3,2,0.3483000099658966,rejected,422,0.3910398483276367,1.0,True
3,2,0.3483000099658966,rejected,423,0.3713776767253876,1.0,True
3,2,0.3483000099658966,rejected,424,0.3397270739078522,1.0,False
3,2,0.3483000099658966,rejected,425,0.34364381432533264,1.0,True
3,2,0.3483000099658966,rejected,426,0.36386269330978394,1.0,True
3,2,0.3483000099658966,rejected,427,0.3991679251194,1.0,True
3,2,0.3483000099658966,rejected,428,0.35377272963523865,1.0,True
3,2,0.3483000099658966,rejected,429,0.3455393314361572,1.0,True
3,2,0.3483000099658966,rejected,430,0.36817145347595215,1.0,True
3,2,0.3483000099658966,rejected,431,0.35950013995170593,1.0,True
3,2,0.3483000099658966,rejected,432,0.36219534277915955,1.0,True
3,2,0.3483000099658966,rejected,433,0.36123359203338623,1.0,True
3,2,0.3483000099658966,rejected,434,0.3709486722946167,1.0,True
3,2,0.3483000099658966,rejected,435,0.39453253149986267,1.0,True
3,2,0.3483000099658966,rejected,436,0.37829238176345825,1.0,True
3,2,0.3483000099658966,rejected,437,0.38916632533073425,1.0,True
3,2,0.3483000099658966,rejected,438,0.3392711877822876,1.0,True
3,2,0.3483000099658966,rejected,439,0.3518964648246765,1.0,True
3,2,0.3483000099658966,rejected,440,0.3717944324016571,1.0,True
3,2,0.3483000099658966,rejected,441,0.34734195470809937,1.0,True
3,2,0.3483000099658966,rejected,442,0.35147249698638916,1.0,True
3,2,0.3483000099658966,rejected,443,0.3805982172489166,1.0,True
3,2,0.3483000099658966,rejected,444,0.36087414622306824,1.0,True
3,2,0.3483000099658966,rejected,445,0.389619380235672,1.0,True
3,2,0.3483000099658966,rejected,446,0.3857138156890869,1.0,True
3,2,0.3483000099658966,rejected,447,0.36871540546417236,1.0,True
3,2,0.3483000099658966,rejected,448,0.3573493957519531,1.0,True
3,2,0.3483000099658966,rejected,449,0.38233423233032227,1.0,True
3,2,0.3483000099658966,rejected,450,0.3939204514026642,1.0,True
3,2,0.3483000099658966,rejected,451,0.3566235899925232,1.0,True
3,2,0.3483000099658966,rejected,452,0.38691630959510803,1.0,True
3,2,0.3483000099658966,rejected,453,0.366306871175766,1.0,True
3,2,0.3483000099658966,rejected,454,0.3585592210292816,1.0,True
3,2,0.3483000099658966,rejected,455,0.3646658658981323,1.0,True
3,2,0.3483000099658966,rejected,456,0.355649471282959,1.0,True
3,2,0.3483000099658966,rejected,457,0.3808203935623169,1.0,True
3,2,0.3483000099658966,rejected,458,0.3871614336967468,1.0,True
3,2,0.3483000099658966,rejected,459,0.34302300214767456,1.0,True
3,2,0.3483000099658966,rejected,460,0.3637849688529968,1.0,True
3,2,0.3483000099658966,rejected,461,0.37772858142852783,1.0,True
3,2,0.3483000099658966,rejected,462,0.3501850366592407,1.0,True
3,2,0.3483000099658966,rejected,463,0.387226402759552,1.0,True
3,2,0.3483000099658966,rejected,464,0.3424973785877228,1.0,True
3,2,0.3483000099658966,rejected,465,0.3359766900539398,1.0,True
3,2,0.3483000099658966,rejected,466,0.3526543378829956,1.0,True
3,2,0.3483000099658966,rejected,467,0.38619086146354675,1.0,True
3,2,0.3483000099658966,rejected,468,0.3805067539215088,1.0,True
3,2,0.3483000099658966,rejected,469,0.36116471886634827,1.0,True
3,2,0.3483000099658966,rejected,470,0.40277618169784546,1.0,True
3,2,0.3483000099658966,rejected,471,0.3852843940258026,1.0,True
3,2,0.3483000099658966,rejected,472,0.3798048496246338,1.0,True
3,2,0.3483000099658966,rejected,473,0.40490368008613586,1.0,True
3,2,0.3483000099658966,rejected,474,0.31425368785858154,1.0,True
3,2,0.3483000099658966,rejected,475,0.3946725130081177,1.0,True
3,2,0.3483000099658966,rejected,476,0.36987337470054626,1.0,True
3,2,0.3483000099658966,rejected,477,0.36721065640449524,1.0,True
3,2,0.3483000099658966,rejected,478,0.3845546543598175,1.0,True
3,2,0.3483000099658966,rejected,479,0.3650778830051422,1.0,True
3,2,0.3483000099658966,rejected,480,0.3658292591571808,1.0,True
3,2,0.3483000099658966,rejected,481,0.3478100001811981,1.0,True
3,2,0.3483000099658966,rejected,482,0.3420717418193817,1.0,True
3,2,0.3483000099658966,rejected,483,0.3835364580154419,1.0,True
3,2,0.3483000099658966,rejected,484,0.31598952412605286,1.0,True
3,2,0.3483000099658966,rejected,485,0.3938243091106415,1.0,True
3,2,0.3483000099658966,rejected,486,0.3837032914161682,1.0,True
3,2,0.3483000099658966,rejected,487,0.37601345777511597,1.0,False
3,2,0.3483000099658966,rejected,488,0.352624773979187,1.0,True
3,2,0.3483000099658966,rejected,489,0.3531228303909302,1.0,True
3,2,0.3483000099658966,rejected,490,0.3365500569343567,1.0,True
3,2,0.3483000099658966,rejected,491,0.3930198848247528,1.0,True
3,2,0.3483000099658966,rejected,492,0.317110151052475,1.0,True
3,2,0.3483000099658966,rejected,493,0.36946722865104675,1.0,True
3,2,0.3483000099658966,rejected,494,0.37877902388572693,1.0,True
3,2,0.3483000099658966,rejected,495,0.4060870110988617,1.0,True
3,2,0.3483000099658966,rejected,496,0.37235790491104126,1.0,True
3,2,0.3483000099658966,rejected,497,0.3957444429397583,1.0,True
3,2,0.3483000099658966,rejected,498,0.39763903617858887,1.0,True
3,2,0.3483000099658966,rejected,499,0.38655784726142883,1.0,True
3,2,0.3483000099658966,rejected,500,0.3970751464366913,1.0,True
3,3,0.3128100037574768,accepted,1,0.3482813239097595,1.0,True
3,3,0.3128100037574768,accepted,2,0.3470135033130646,1.0,False
3,3,0.3128100037574768,accepted,3,0.3439677655696869,1.0,True
3,3,0.3128100037574768,accepted,4,0.3591698110103607,1.0,True
3,3,0.3128100037574768,accepted,5,0.3570033311843872,1.0,True
3,3,0.3128100037574768,accepted,6,0.36283770203590393,1.0,True
3,3,0.3128100037574768,accepted,7,0.3524230718612671,1.0,True
3,3,0.3128100037574768,accepted,8,0.34837833046913147,1.0,True
3,3,0.3128100037574768,accepted,9,0.3424164056777954,1.0,True
3,3,0.3128100037574768,accepted,10,0.34565073251724243,1.0,True
3,3,0.3128100037574768,accepted,11,0.3577299416065216,1.0,True
3,3,0.3128100037574768,accepted,12,0.33859241008758545,1.0,True
3,3,0.3128100037574768,accepted,13,0.3077848553657532,1.0,True
3,3,0.3128100037574768,accepted,14,0.3507579267024994,1.0,True
3,3,0.3128100037574768,accepted,15,0.3524869382381439,1.0,True
3,3,0.3128100037574768,accepted,16,0.3243708312511444,1.0,True
3,3,0.3128100037574768,accepted,17,0.353767991065979,1.0,True
3,3,0.3128100037574768,accepted,18,0.3356628119945526,1.0,True
3,3,0.3128100037574768,accepted,19,0.3271438181400299,1.0,False
3,3,0.3128100037574768,accepted,20,0.38213884830474854,1.0,True
3,3,0.3128100037574768,accepted,21,0.35955020785331726,1.0,True
3,3,0.3128100037574768,accepted,22,0.3697407841682434,1.0,True
3,3,0.3128100037574768,accepted,23,0.3764806389808655,1.0,True
3,3,0.3128100037574768,accepted,24,0.38147684931755066,1.0,True
3,3,0.3128100037574768,accepted,25,0.4221605956554413,1.0,True
3,3,0.3128100037574768,accepted,26,0.4100079834461212,1.0,True
3,3,0.3128100037574768,accepted,27,0.43640628457069397,1.0,True
3,3,0.3128100037574768,accepted,28,0.4218490719795227,1.0,True
3,3,0.3128100037574768,accepted,29,0.4430859386920929,1.0,True
3,3,0.3128100037574768,accepted,30,0.43600359559059143,1.0,True
3,3,0.3128100037574768,accepted,31,0.4542895555496216,1.0,False
3,3,0.3128100037574768,accepted,32,0.46702542901039124,1.0,True
3,3,0.3128100037574768,accepted,33,0.4683670699596405,1.0,True
3,3,0.3128100037574768,accepted,34,0.43302831053733826,1.0,True
3,3,0.3128100037574768,accepted,35,0.4837556779384613,1.0,True
3,3,0.3128100037574768,accepted,36,0.488220751285553,1.0,True
3,3,0.3128100037574768,accepted,37,0.48797497153282166,1.0,True
3,3,0.3128100037574768,accepted,38,0.5020639300346375,1.0,True
3,3,0.3128100037574768,accepted,39,0.4760441184043884,1.0,True
3,3,0.3128100037574768,accepted,40,0.48372891545295715,1.0,True
3,3,0.3128100037574768,accepted,41,0.48558512330055237,1.0,True
3,3,0.3128100037574768,accepted,42,0.5043386220932007,1.0,True
3,3,0.3128100037574768,accepted,43,0.4792391061782837,1.0,True
3,3,0.3128100037574768,accepted,44,0.5217145085334778,1.0,True
3,3,0.3128100037574768,accepted,45,0.5169411301612854,1.0,True
3,3,0.3128100037574768,accepted,46,0.5013567805290222,1.0,True
3,3,0.3128100037574768,accepted,47,0.49928024411201477,1.0,True
3,3,0.3128100037574768,accepted,48,0.5218777060508728,1.0,True
3,3,0.3128100037574768,accepted,49,0.5015155673027039,1.0,True
3,3,0.3128100037574768,accepted,50,0.520286500453949,1.0,True
3,3,0.3128100037574768,accepted,51,0.5343922972679138,1.0,True
3,3,0.3128100037574768,accepted,52,0.5222830176353455,1.0,True
3,3,0.3128100037574768,accepted,53,0.4962828755378723,1.0,True
3,3,0.3128100037574768,accepted,54,0.5222710967063904,1.0,True
3,3,0.3128100037574768,accepted,55,0.520508885383606,1.0,False
3,3,0.3128100037574768,accepted,56,0.5350940227508545,1.0,True
3,3,0.3128100037574768,accepted,57,0.47675925493240356,1.0,True
3,3,0.3128100037574768,accepted,58,0.5147048234939575,1.0,True
3,3,0.3128100037574768,accepted,59,0.5196795463562012,1.0,True
3,3,0.3128100037574768,accepted,60,0.5476705431938171,1.0,True
3,3,0.3128100037574768,accepted,61,0.547394871711731,1.0,True
3,3,0.3128100037574768,accepted,62,0.5419439673423767,1.0,True
3,3,0.3128100037574768,accepted,63,0.5435184836387634,1.0,True
3,3,0.3128100037574768,accepted,64,0.5513357520103455,1.0,True
3,3,0.3128100037574768,accepted,65,0.5276015996932983,1.0,True
3,3,0.3128100037574768,accepted,66,0.5508679747581482,1.0,True
3,3,0.3128100037574768,accepted,67,0.5547237992286682,1.0,True
3,3,0.3128100037574768,accepted,68,0.5488542914390564,1.0,True
3,3,0.3128100037574768,accepted,69,0.5434376001358032,1.0,True
3,3,0.3128100037574768,accepted,70,0.556541383266449,1.0,True
3,3,0.3128100037574768,accepted,71,0.5601130723953247,1.0,True
3,3,0.3128100037574768,accepted,72,0.5239322781562805,1.0,True
3,3,0.3128100037574768,accepted,73,0.5447555780410767,1.0,True
3,3,0.3128100037574768,accepted,74,0.5484817624092102,1.0,True
3,3,0.3128100037574768,accepted,75,0.5243621468544006,1.0,True
3,3,0.3128100037574768,accepted,76,0.5466050505638123,1.0,True
3,3,0.3128100037574768,accepted,77,0.5477123856544495,1.0,True
3,3,0.3128100037574768,accepted,78,0.5593999028205872,1.0,True
3,3,0.3128100037574768,accepted,79,0.5589807033538818,1.0,True
3,3,0.3128100037574768,accepted,80,0.5650997161865234,1.0,True
3,3,0.3128100037574768,accepted,81,0.57867830991745,1.0,True
3,3,0.3128100037574768,accepted,82,0.5602445602416992,1.0,True
3,3,0.3128100037574768,accepted,83,0.5609897971153259,1.0,True
3,3,0.3128100037574768,accepted,84,0.5663427114486694,1.0,True
3,3,0.3128100037574768,accepted,85,0.5730306506156921,1.0,True
3,3,0.3128100037574768,accepted,86,0.5489380955696106,1.0,True
3,3,0.3128100037574768,accepted,87,0.5670204162597656,1.0,True
3,3,0.3128100037574768,accepted,88,0.5817226767539978,1.0,True
3,3,0.3128100037574768,accepted,89,0.5751176476478577,1.0,True
3,3,0.3128100037574768,accepted,90,0.5695416331291199,1.0,True
3,3,0.3128100037574768,accepted,91,0.5780848264694214,1.0,True
3,3,0.3128100037574768,accepted,92,0.5791155695915222,1.0,True
3,3,0.3128100037574768,accepted,93,0.5618464946746826,1.0,True
3,3,0.3128100037574768,accepted,94,0.5814797878265381,1.0,True
3,3,0.3128100037574768,accepted,95,0.5830078721046448,1.0,True
3,3,0.3128100037574768,accepted,96,0.5702710151672363,1.0,True
3,3,0.3128100037574768,accepted,97,0.549908459186554,1.0,True
3,3,0.3128100037574768,accepted,98,0.58278888463974,1.0,True
3,3,0.3128100037574768,accepted,99,0.5779502987861633,1.0,True
3,3,0.3128100037574768,accepted,100,0.5710296630859375,1.0,True
3,3,0.3128100037574768,accepted,101,0.5928036570549011,1.0,True
3,3,0.3128100037574768,accepted,102,0.5727181434631348,1.0,True
3,3,0.3128100037574768,accepted,103,0.5899994969367981,1.0,True
3,3,0.3128100037574768,accepted,104,0.5706855654716492,1.0,True
3,3,0.3128100037574768,accepted,105,0.5675278902053833,1.0,True
3,3,0.3128100037574768,accepted,106,0.5738411545753479,1.0,True
3,3,0.3128100037574768,accepted,107,0.5686472058296204,1.0,True
3,3,0.3128100037574768,accepted,108,0.5856671333312988,1.0,True
3,3,0.3128100037574768,accepted,109,0.583864688873291,1.0,True
3,3,0.3128100037574768,accepted,110,0.5664929151535034,1.0,True
3,3,0.3128100037574768,accepted,111,0.5710503458976746,1.0,True
3,3,0.3128100037574768,accepted,112,0.5741487741470337,1.0,True
3,3,0.3128100037574768,accepted,113,0.5907065868377686,1.0,True
3,3,0.3128100037574768,accepted,114,0.5763189196586609,1.0,True
3,3,0.3128100037574768,accepted,115,0.5902639627456665,1.0,True
3,3,0.3128100037574768,accepted,116,0.5775690674781799,1.0,True
3,3,0.3128100037574768,accepted,117,0.5827721953392029,1.0,True
3,3,0.3128100037574768,accepted,118,0.5851222276687622,1.0,True
3,3,0.3128100037574768,accepted,119,0.5916537642478943,1.0,True
3,3,0.3128100037574768,accepted,120,0.5877441167831421,1.0,True
3,3,0.3128100037574768,accepted,121,0.575903594493866,1.0,True
3,3,0.3128100037574768,accepted,122,0.5905646085739136,1.0,True
3,3,0.3128100037574768,accepted,123,0.5947062969207764,1.0,True
3,3,0.3128100037574768,accepted,124,0.5961986184120178,1.0,True
3,3,0.3128100037574768,accepted,125,0.5817548632621765,1.0,True
3,3,0.3128100037574768,accepted,126,0.5989775061607361,1.0,True
3,3,0.3128100037574768,accepted,127,0.5963157415390015,1.0,True
3,3,0.3128100037574768,accepted,128,0.5974223613739014,1.0,True
3,3,0.3128100037574768,accepted,129,0.5901457667350769,1.0,True
3,3,0.3128100037574768,accepted,130,0.590695321559906,1.0,True
3,3,0.3128100037574768,accepted,131,0.5893145203590393,1.0,True
3,3,0.3128100037574768,accepted,132,0.5889987945556641,1.0,True
3,3,0.3128100037574768,accepted,133,0.5968710780143738,1.0,False
3,3,0.3128100037574768,accepted,134,0.5971431732177734,1.0,True
3,3,0.3128100037574768,accepted,135,0.6016338467597961,1.0,True
3,3,0.3128100037574768,accepted,136,0.5984601378440857,1.0,True
3,3,0.3128100037574768,accepted,137,0.5926770567893982,1.0,True
3,3,0.3128100037574768,accepted,138,0.5915713906288147,1.0,True
3,3,0.3128100037574768,accepted,139,0.59543377161026,1.0,True
3,3,0.3128100037574768,accepted,140,0.5933194756507874,1.0,True
3,3,0.3128100037574768,accepted,141,0.5603086352348328,1.0,True
3,3,0.3128100037574768,accepted,142,0.5928964018821716,1.0,True
3,3,0.3128100037574768,accepted,143,0.5942277908325195,1.0,True
3,3,0.3128100037574768,accepted,144,0.5904677510261536,1.0,True
3,3,0.3128100037574768,accepted,145,0.6109007596969604,1.0,True
3,3,0.3128100037574768,accepted,146,0.6011578440666199,1.0,True
3,3,0.3128100037574768,accepted,147,0.596463680267334,1.0,True
3,3,0.3128100037574768,accepted,148,0.6015661954879761,1.0,True
3,3,0.3128100037574768,accepted,149,0.5960372090339661,1.0,True
3,3,0.3128100037574768,accepted,150,0.591394305229187,1.0,True
3,3,0.3128100037574768,accepted,151,0.5872868895530701,1.0,True
3,3,0.3128100037574768,accepted,152,0.5939342975616455,1.0,True
3,3,0.3128100037574768,accepted,153,0.5995375514030457,1.0,True
3,3,0.3128100037574768,accepted,154,0.6010626554489136,1.0,True
3,3,0.3128100037574768,accepted,155,0.6016682982444763,1.0,True
3,3,0.3128100037574768,accepted,156,0.5783671736717224,1.0,True
3,3,0.3128100037574768,accepted,157,0.596444308757782,1.0,True
3,3,0.3128100037574768,accepted,158,0.6087744832038879,1.0,True
3,3,0.3128100037574768,accepted,159,0.6013791561126709,1.0,True
3,3,0.3128100037574768,accepted,160,0.6054349541664124,1.0,True
3,3,0.3128100037574768,accepted,161,0.5968471765518188,1.0,True
3,3,0.3128100037574768,accepted,162,0.6131654381752014,1.0,True
3,3,0.3128100037574768,accepted,163,0.6038838028907776,1.0,True
3,3,0.3128100037574768,accepted,164,0.602274477481842,1.0,True
3,3,0.3128100037574768,accepted,165,0.6085782647132874,1.0,True
3,3,0.3128100037574768,accepted,166,0.6158729791641235,1.0,True
3,3,0.3128100037574768,accepted,167,0.6120741367340088,1.0,True
3,3,0.3128100037574768,accepted,168,0.6092159152030945,1.0,True
3,3,0.3128100037574768,accepted,169,0.5909500122070312,1.0,True
3,3,0.3128100037574768,accepted,170,0.5949332118034363,1.0,True
3,3,0.3128100037574768,accepted,171,0.6109870076179504,1.0,True
3,3,0.3128100037574768,accepted,172,0.6018611192703247,1.0,True
3,3,0.3128100037574768,accepted,173,0.602974534034729,1.0,True
3,3,0.3128100037574768,accepted,174,0.5990734696388245,1.0,True
3,3,0.3128100037574768,accepted,175,0.600903332233429,1.0,True
3,3,0.3128100037574768,accepted,176,0.6073364019393921,1.0,True
3,3,0.3128100037574768,accepted,177,0.5924634337425232,1.0,True
3,3,0.3128100037574768,accepted,178,0.6128579378128052,1.0,True
3,3,0.3128100037574768,accepted,179,0.6036649346351624,1.0,True
3,3,0.3128100037574768,accepted,180,0.6035003066062927,1.0,True
3,3,0.3128100037574768,accepted,181,0.5833026170730591,1.0,True
3,3,0.3128100037574768,accepted,182,0.6090834140777588,1.0,True
3,3,0.3128100037574768,accepted,183,0.6016843914985657,1.0,True
3,3,0.3128100037574768,accepted,184,0.6005000472068787,1.0,True
3,3,0.3128100037574768,accepted,185,0.5989089608192444,1.0,True
3,3,0.3128100037574768,accepted,186,0.5987673401832581,1.0,True
3,3,0.3128100037574768,accepted,187,0.6021987199783325,1.0,True
3,3,0.3128100037574768,accepted,188,0.5930050015449524,1.0,True
3,3,0.3128100037574768,accepted,189,0.6069055795669556,1.0,True
3,3,0.3128100037574768,accepted,190,0.5790029168128967,1.0,True
3,3,0.3128100037574768,accepted,191,0.6038584113121033,1.0,True
3,3,0.3128100037574768,accepted,192,0.5864943265914917,1.0,True
3,3,0.3128100037574768,accepted,193,0.6077419519424438,1.0,True
3,3,0.3128100037574768,accepted,194,0.6107702851295471,1.0,True
3,3,0.3128100037574768,accepted,195,0.6035405993461609,1.0,True
3,3,0.3128100037574768,accepted,196,0.6188780665397644,1.0,True
3,3,0.3128100037574768,accepted,197,0.6053506135940552,1.0,True
3,3,0.3128100037574768,accepted,198,0.6131011843681335,1.0,True
3,3,0.3128100037574768,accepted,199,0.611231803894043,1.0,True
3,3,0.3128100037574768,accepted,200,0.6096506714820862,1.0,True
3,3,0.3128100037574768,accepted,201,0.6176952719688416,1.0,True
3,3,0.3128100037574768,accepted,202,0.5761705636978149,1.0,True
3,3,0.3128100037574768,accepted,203,0.6016086339950562,1.0,True
3,3,0.3128100037574768,accepted,204,0.5967424511909485,1.0,True
3,3,0.3128100037574768,accepted,205,0.6184179186820984,1.0,True
3,3,0.3128100037574768,accepted,206,0.6033702492713928,1.0,True
3,3,0.3128100037574768,accepted,207,0.6171594262123108,1.0,True
3,3,0.3128100037574768,accepted,208,0.6050447225570679,1.0,True
3,3,0.3128100037574768,accepted,209,0.615304708480835,1.0,True
3,3,0.3128100037574768,accepted,210,0.6215587258338928,1.0,True
3,3,0.3128100037574768,accepted,211,0.6060114502906799,1.0,True
3,3,0.3128100037574768,accepted,212,0.6182952523231506,1.0,True
3,3,0.3128100037574768,accepted,213,0.5842256546020508,1.0,True
3,3,0.3128100037574768,accepted,214,0.5997068285942078,1.0,True
3,3,0.3128100037574768,accepted,215,0.6157296895980835,1.0,True
3,3,0.3128100037574768,accepted,216,0.6212114095687866,1.0,True
3,3,0.3128100037574768,accepted,217,0.6053310036659241,1.0,True
3,3,0.3128100037574768,accepted,218,0.5988746881484985,1.0,True
3,3,0.3128100037574768,accepted,219,0.6151474714279175,1.0,True
3,3,0.3128100037574768,accepted,220,0.6055757999420166,1.0,True
3,3,0.3128100037574768,accepted,221,0.6003854870796204,1.0,True
3,3,0.3128100037574768,accepted,222,0.6026652455329895,1.0,True
3,3,0.3128100037574768,accepted,223,0.6195985674858093,1.0,True
3,3,0.3128100037574768,accepted,224,0.6237427592277527,1.0,True
3,3,0.3128100037574768,accepted,225,0.6141392588615417,1.0,True
3,3,0.3128100037574768,accepted,226,0.6135315895080566,1.0,True
3,3,0.3128100037574768,accepted,227,0.6237700581550598,1.0,True
3,3,0.3128100037574768,accepted,228,0.620144784450531,1.0,True
3,3,0.3128100037574768,accepted,229,0.616223156452179,1.0,True
3,3,0.3128100037574768,accepted,230,0.5953191518783569,1.0,True
3,3,0.3128100037574768,accepted,231,0.6127820014953613,1.0,True
3,3,0.3128100037574768,accepted,232,0.6075101494789124,1.0,True
3,3,0.3128100037574768,accepted,233,0.6235107779502869,1.0,True
3,3,0.3128100037574768,accepted,234,0.6139752864837646,1.0,True
3,3,0.3128100037574768,accepted,235,0.591552197933197,1.0,True
3,3,0.3128100037574768,accepted,236,0.6128871440887451,1.0,True
3,3,0.3128100037574768,accepted,237,0.6049882173538208,1.0,True
3,3,0.3128100037574768,accepted,238,0.6023985743522644,1.0,True
3,3,0.3128100037574768,accepted,239,0.6151497960090637,1.0,True
3,3,0.3128100037574768,accepted,240,0.6257076263427734,1.0,True
3,3,0.3128100037574768,accepted,241,0.6099623441696167,1.0,True
3,3,0.3128100037574768,accepted,242,0.6141392588615417,1.0,True
3,3,0.3128100037574768,accepted,243,0.6086235642433167,1.0,True
3,3,0.3128100037574768,accepted,244,0.6023870706558228,1.0,True
3,3,0.3128100037574768,accepted,245,0.6021918058395386,1.0,True
3,3,0.3128100037574768,accepted,246,0.6175032258033752,1.0,True
3,3,0.3128100037574768,accepted,247,0.6068176627159119,1.0,True
3,3,0.3128100037574768,accepted,248,0.6145083904266357,1.0,True
3,3,0.3128100037574768,accepted,249,0.606202244758606,1.0,True
3,3,0.3128100037574768,accepted,250,0.6176894307136536,1.0,True
3,3,0.3128100037574768,accepted,251,0.5908305048942566,1.0,True
3,3,0.3128100037574768,accepted,252,0.6195229887962341,1.0,False
3,3,0.3128100037574768,accepted,253,0.6029572486877441,1.0,True
3,3,0.3128100037574768,accepted,254,0.6141954660415649,1.0,True
3,3,0.3128100037574768,accepted,255,0.6081315279006958,1.0,True
3,3,0.3128100037574768,accepted,256,0.604688286781311,1.0,True
3,3,0.3128100037574768,accepted,257,0.6260705590248108,1.0,True
3,3,0.3128100037574768,accepted,258,0.622485339641571,1.0,True
3,3,0.3128100037574768,accepted,259,0.6280535459518433,1.0,True
3,3,0.3128100037574768,accepted,260,0.6165676116943359,1.0,True
3,3,0.3128100037574768,accepted,261,0.6042547225952148,1.0,True
3,3,0.3128100037574768,accepted,262,0.6265101432800293,1.0,True
3,3,0.3128100037574768,accepted,263,0.6142072081565857,1.0,True
3,3,0.3128100037574768,accepted,264,0.6124921441078186,1.0,True
3,3,0.3128100037574768,accepted,265,0.6222419738769531,1.0,True
3,3,0.3128100037574768,accepted,266,0.6203423738479614,1.0,True
3,3,0.3128100037574768,accepted,267,0.6129572987556458,1.0,True
3,3,0.3128100037574768,accepted,268,0.6131584644317627,1.0,True
3,3,0.3128100037574768,accepted,269,0.6125085949897766,1.0,True
3,3,0.3128100037574768,accepted,270,0.62249356508255,1.0,True
3,3,0.3128100037574768,accepted,271,0.6108506321907043,1.0,True
3,3,0.3128100037574768,accepted,272,0.6204429268836975,1.0,True
3,3,0.3128100037574768,accepted,273,0.6081756353378296,1.0,True
3,3,0.3128100037574768,accepted,274,0.6111268401145935,1.0,True
3,3,0.3128100037574768,accepted,275,0.6118558049201965,1.0,True
3,3,0.3128100037574768,accepted,276,0.6104837656021118,1.0,True
3,3,0.3128100037574768,accepted,277,0.5677649974822998,1.0,True
3,3,0.3128100037574768,accepted,278,0.6189631223678589,1.0,True
3,3,0.3128100037574768,accepted,279,0.6150184273719788,1.0,True
3,3,0.3128100037574768,accepted,280,0.6196553111076355,1.0,False
3,3,0.3128100037574768,accepted,281,0.6256503462791443,1.0,True
3,3,0.3128100037574768,accepted,282,0.5661126971244812,1.0,True
3,3,0.3128100037574768,accepted,283,0.6230756640434265,1.0,True
3,3,0.3128100037574768,accepted,284,0.6283614635467529,1.0,True
3,3,0.3128100037574768,accepted,285,0.6094809174537659,1.0,True
3,3,0.3128100037574768,accepted,286,0.615534782409668,1.0,True
3,3,0.3128100037574768,accepted,287,0.6084506511688232,1.0,True
3,3,0.3128100037574768,accepted,288,0.6126861572265625,1.0,True
3,3,0.3128100037574768,accepted,289,0.6225292086601257,1.0,True
3,3,0.3128100037574768,accepted,290,0.6149151921272278,1.0,True
3,3,0.3128100037574768,accepted,291,0.6221814155578613,1.0,True
3,3,0.3128100037574768,accepted,292,0.6261231303215027,1.0,True
3,3,0.3128100037574768,accepted,293,0.6156357526779175,1.0,True
3,3,0.3128100037574768,accepted,294,0.6238236427307129,1.0,True
3,3,0.3128100037574768,accepted,295,0.6204666495323181,1.0,True
3,3,0.3128100037574768,accepted,296,0.6034519672393799,1.0,True
3,3,0.3128100037574768,accepted,297,0.6123613715171814,1.0,True
3,3,0.3128100037574768,accepted,298,0.6253365874290466,1.0,True
3,3,0.3128100037574768,accepted,299,0.5942572355270386,1.0,True
3,3,0.3128100037574768,accepted,300,0.6064172983169556,1.0,True
3,3,0.3128100037574768,accepted,301,0.6189430356025696,1.0,True
3,3,0.3128100037574768,accepted,302,0.6368133425712585,1.0,True
3,3,0.3128100037574768,accepted,303,0.6119924187660217,1.0,True
3,3,0.3128100037574768,accepted,304,0.6156686544418335,1.0,True
3,3,0.3128100037574768,accepted,305,0.604629397392273,1.0,True
3,3,0.3128100037574768,accepted,306,0.6149492263793945,1.0,True
3,3,0.3128100037574768,accepted,307,0.6008219718933105,1.0,True
3,3,0.3128100037574768,accepted,308,0.6330422759056091,1.0,True
3,3,0.3128100037574768,accepted,309,0.6256324052810669,1.0,True
3,3,0.3128100037574768,accepted,310,0.617961585521698,1.0,True
3,3,0.3128100037574768,accepted,311,0.6056959629058838,1.0,True
3,3,0.3128100037574768,accepted,312,0.6219974756240845,1.0,True
3,3,0.3128100037574768,accepted,313,0.6097250580787659,1.0,True
3,3,0.3128100037574768,accepted,314,0.6135094165802002,1.0,True
3,3,0.3128100037574768,accepted,315,0.6313793659210205,1.0,True
3,3,0.3128100037574768,accepted,316,0.5919449925422668,1.0,True
3,3,0.3128100037574768,accepted,317,0.6242973804473877,1.0,True
3,3,0.3128100037574768,accepted,318,0.6165053248405457,1.0,True
3,3,0.3128100037574768,accepted,319,0.5961326956748962,1.0,True
3,3,0.3128100037574768,accepted,320,0.6230447888374329,1.0,True
3,3,0.3128100037574768,accepted,321,0.6151005625724792,1.0,True
3,3,0.3128100037574768,accepted,322,0.6166911125183105,1.0,True
3,3,0.3128100037574768,accepted,323,0.62226802110672,1.0,True
3,3,0.3128100037574768,accepted,324,0.6054280400276184,1.0,True
3,3,0.3128100037574768,accepted,325,0.5499693155288696,1.0,True
3,3,0.3128100037574768,accepted,326,0.6040714979171753,1.0,False
3,3,0.3128100037574768,accepted,327,0.6223012804985046,1.0,True
3,3,0.3128100037574768,accepted,328,0.6170334815979004,1.0,True
3,3,0.3128100037574768,accepted,329,0.6083775162696838,1.0,True
3,3,0.3128100037574768,accepted,330,0.6102741956710815,1.0,True
3,3,0.3128100037574768,accepted,331,0.5779723525047302,1.0,True
3,3,0.3128100037574768,accepted,332,0.620701014995575,1.0,True
3,3,0.3128100037574768,accepted,333,0.6278020143508911,1.0,True
3,3,0.3128100037574768,accepted,334,0.601779580116272,1.0,True
3,3,0.3128100037574768,accepted,335,0.6329939365386963,1.0,True
3,3,0.3128100037574768,accepted,336,0.6173619031906128,1.0,True
3,3,0.3128100037574768,accepted,337,0.6163501143455505,1.0,True
3,3,0.3128100037574768,accepted,338,0.6270074248313904,1.0,True
3,3,0.3128100037574768,accepted,339,0.6194970011711121,1.0,True
3,3,0.3128100037574768,accepted,340,0.6136708855628967,1.0,True
3,3,0.3128100037574768,accepted,341,0.5353798866271973,1.0,True
3,3,0.3128100037574768,accepted,342,0.6310314536094666,1.0,True
3,3,0.3128100037574768,accepted,343,0.6153023838996887,1.0,True
3,3,0.3128100037574768,accepted,344,0.6385672688484192,1.0,True
3,3,0.3128100037574768,accepted,345,0.6157578825950623,1.0,True
3,3,0.3128100037574768,accepted,346,0.6160210371017456,1.0,True
3,3,0.3128100037574768,accepted,347,0.6031010150909424,1.0,True
3,3,0.3128100037574768,accepted,348,0.6139284372329712,1.0,True
3,3,0.3128100037574768,accepted,349,0.6244962215423584,1.0,True
3,3,0.3128100037574768,accepted,350,0.6180900931358337,1.0,True
3,3,0.3128100037574768,accepted,351,0.6236510872840881,1.0,True
3,3,0.3128100037574768,accepted,352,0.6071441173553467,1.0,True
3,3,0.3128100037574768,accepted,353,0.6022423505783081,1.0,True
3,3,0.3128100037574768,accepted,354,0.6290557980537415,1.0,True
3,3,0.3128100037574768,accepted,355,0.6256825923919678,1.0,False
3,3,0.3128100037574768,accepted,356,0.612440824508667,1.0,True
3,3,0.3128100037574768,accepted,357,0.6225565671920776,1.0,True
3,3,0.3128100037574768,accepted,358,0.6280056238174438,1.0,True
3,3,0.3128100037574768,accepted,359,0.6287127137184143,1.0,True
3,3,0.3128100037574768,accepted,360,0.6205021739006042,1.0,True
3,3,0.3128100037574768,accepted,361,0.6044542193412781,1.0,True
3,3,0.3128100037574768,accepted,362,0.615215539932251,1.0,True
3,3,0.3128100037574768,accepted,363,0.600579023361206,1.0,True
3,3,0.3128100037574768,accepted,364,0.6401575207710266,1.0,True
3,3,0.3128100037574768,accepted,365,0.6096157431602478,1.0,True
3,3,0.3128100037574768,accepted,366,0.6272562146186829,1.0,True
3,3,0.3128100037574768,accepted,367,0.6270349621772766,1.0,True
3,3,0.3128100037574768,accepted,368,0.6222502589225769,1.0,True
3,3,0.3128100037574768,accepted,369,0.6203210949897766,1.0,True
3,3,0.3128100037574768,accepted,370,0.6233562231063843,1.0,True
3,3,0.3128100037574768,accepted,371,0.6240438222885132,1.0,True
3,3,0.3128100037574768,accepted,372,0.6224389672279358,1.0,True
3,3,0.3128100037574768,accepted,373,0.6109147667884827,1.0,True
3,3,0.3128100037574768,accepted,374,0.6215444803237915,1.0,True
3,3,0.3128100037574768,accepted,375,0.6079320907592773,1.0,True
3,3,0.3128100037574768,accepted,376,0.6305381655693054,1.0,True
3,3,0.3128100037574768,accepted,377,0.6215895414352417,1.0,True
3,3,0.3128100037574768,accepted,378,0.6212552785873413,1.0,True
3,3,0.3128100037574768,accepted,379,0.6165758371353149,1.0,True
3,3,0.3128100037574768,accepted,380,0.6247869729995728,1.0,True
3,3,0.3128100037574768,accepted,381,0.6228641271591187,1.0,True
3,3,0.3128100037574768,accepted,382,0.6158930063247681,1.0,True
3,3,0.3128100037574768,accepted,383,0.6213405728340149,1.0,True
3,3,0.3128100037574768,accepted,384,0.6305621862411499,1.0,True
3,3,0.3128100037574768,accepted,385,0.6088987588882446,1.0,True
3,3,0.3128100037574768,accepted,386,0.6237903237342834,1.0,True
3,3,0.3128100037574768,accepted,387,0.6217294335365295,1.0,True
3,3,0.3128100037574768,accepted,388,0.6201826930046082,1.0,True
3,3,0.3128100037574768,accepted,389,0.6079738140106201,1.0,True
3,3,0.3128100037574768,accepted,390,0.6072506904602051,1.0,True
3,3,0.3128100037574768,accepted,391,0.6252328157424927,1.0,True
3,3,0.3128100037574768,accepted,392,0.6135129332542419,1.0,True
3,3,0.3128100037574768,accepted,393,0.6309062242507935,1.0,True
3,3,0.3128100037574768,accepted,394,0.6223653554916382,1.0,True
3,3,0.3128100037574768,accepted,395,0.6282644271850586,1.0,True
3,3,0.3128100037574768,accepted,396,0.6213430166244507,1.0,True
3,3,0.3128100037574768,accepted,397,0.6058924198150635,1.0,True
3,3,0.3128100037574768,accepted,398,0.6042351722717285,1.0,True
3,3,0.3128100037574768,accepted,399,0.6247702836990356,1.0,True
3,3,0.3128100037574768,accepted,400,0.6368424892425537,1.0,True
3,3,0.3128100037574768,accepted,401,0.6203104257583618,1.0,False
3,3,0.3128100037574768,accepted,402,0.6289070248603821,1.0,True
3,3,0.3128100037574768,accepted,403,0.6146595478057861,1.0,True
3,3,0.3128100037574768,accepted,404,0.6322940587997437,1.0,True
3,3,0.3128100037574768,accepted,405,0.6226717233657837,1.0,True
3,3,0.3128100037574768,accepted,406,0.61929851770401,1.0,False
3,3,0.3128100037574768,accepted,407,0.6067343354225159,1.0,True
3,3,0.3128100037574768,accepted,408,0.6214876174926758,1.0,True
3,3,0.3128100037574768,accepted,409,0.6153762936592102,1.0,True
3,3,0.3128100037574768,accepted,410,0.6278870701789856,1.0,True
3,3,0.3128100037574768,accepted,411,0.6008380055427551,1.0,True
3,3,0.3128100037574768,accepted,412,0.6133993864059448,1.0,True
3,3,0.3128100037574768,accepted,413,0.6202134490013123,1.0,True
3,3,0.3128100037574768,accepted,414,0.6285688281059265,1.0,True
3,3,0.3128100037574768,accepted,415,0.5999905467033386,1.0,True
3,3,0.3128100037574768,accepted,416,0.6263870596885681,1.0,True
3,3,0.3128100037574768,accepted,417,0.620286762714386,1.0,True
3,3,0.3128100037574768,accepted,418,0.6262879371643066,1.0,True
3,3,0.3128100037574768,accepted,419,0.6306993365287781,1.0,True
3,3,0.3128100037574768,accepted,420,0.6262162327766418,1.0,True
3,3,0.3128100037574768,accepted,421,0.6195064187049866,1.0,True
3,3,0.3128100037574768,accepted,422,0.6212528944015503,1.0,True
3,3,0.3128100037574768,accepted,423,0.6302327513694763,1.0,True
3,3,0.3128100037574768,accepted,424,0.6130613684654236,1.0,True
3,3,0.3128100037574768,accepted,425,0.6113064289093018,1.0,True
3,3,0.3128100037574768,accepted,426,0.629854142665863,1.0,True
3,3,0.3128100037574768,accepted,427,0.5983585715293884,1.0,True
3,3,0.3128100037574768,accepted,428,0.6172842383384705,1.0,True
3,3,0.3128100037574768,accepted,429,0.5931384563446045,1.0,True
3,3,0.3128100037574768,accepted,430,0.6022802591323853,1.0,True
3,3,0.3128100037574768,accepted,431,0.6227145195007324,1.0,True
3,3,0.3128100037574768,accepted,432,0.6177223920822144,1.0,True
3,3,0.3128100037574768,accepted,433,0.6044126749038696,1.0,True
3,3,0.3128100037574768,accepted,434,0.6210917830467224,1.0,True
3,3,0.3128100037574768,accepted,435,0.6158753037452698,1.0,True
3,3,0.3128100037574768,accepted,436,0.6229770183563232,1.0,True
3,3,0.3128100037574768,accepted,437,0.6213986873626709,1.0,True
3,3,0.3128100037574768,accepted,438,0.6294518709182739,1.0,True
3,3,0.3128100037574768,accepted,439,0.6126019954681396,1.0,True
3,3,0.3128100037574768,accepted,440,0.6204737424850464,1.0,True
3,3,0.3128100037574768,accepted,441,0.6203814148902893,1.0,True
3,3,0.3128100037574768,accepted,442,0.6163618564605713,1.0,True
3,3,0.3128100037574768,accepted,443,0.6033852696418762,1.0,True
3,3,0.3128100037574768,accepted,444,0.6359018087387085,1.0,True
3,3,0.3128100037574768,accepted,445,0.6167970299720764,1.0,True
3,3,0.3128100037574768,accepted,446,0.6101892590522766,1.0,True
3,3,0.3128100037574768,accepted,447,0.6206974387168884,1.0,True
3,3,0.3128100037574768,accepted,448,0.6097809076309204,1.0,True
3,3,0.3128100037574768,accepted,449,0.6233038902282715,1.0,True
3,3,0.3128100037574768,accepted,450,0.6308484673500061,1.0,True
3,3,0.3128100037574768,accepted,451,0.6139003038406372,1.0,True
3,3,0.3128100037574768,accepted,452,0.6189442276954651,1.0,False
3,3,0.3128100037574768,accepted,453,0.6101450324058533,1.0,True
3,3,0.3128100037574768,accepted,454,0.6249085068702698,1.0,False
3,3,0.3128100037574768,accepted,455,0.6276583671569824,1.0,True
3,3,0.3128100037574768,accepted,456,0.6147850155830383,1.0,True
3,3,0.3128100037574768,accepted,457,0.615037202835083,1.0,True
3,3,0.3128100037574768,accepted,458,0.6292058229446411,1.0,True
3,3,0.3128100037574768,accepted,459,0.5980778932571411,1.0,True
3,3,0.3128100037574768,accepted,460,0.6286000609397888,1.0,True
3,3,0.3128100037574768,accepted,461,0.6266416311264038,1.0,True
3,3,0.3128100037574768,accepted,462,0.6113541722297668,1.0,True
3,3,0.3128100037574768,accepted,463,0.6246392130851746,1.0,True
3,3,0.3128100037574768,accepted,464,0.5334431529045105,1.0,True
3,3,0.3128100037574768,accepted,465,0.6114230155944824,1.0,True
3,3,0.3128100037574768,accepted,466,0.6084575653076172,1.0,True
3,3,0.3128100037574768,accepted,467,0.6253532767295837,1.0,True
3,3,0.3128100037574768,accepted,468,0.6213477253913879,1.0,True
3,3,0.3128100037574768,accepted,469,0.6339508891105652,1.0,True
3,3,0.3128100037574768,accepted,470,0.609201967716217,1.0,True
3,3,0.3128100037574768,accepted,471,0.6306368112564087,1.0,False
3,3,0.3128100037574768,accepted,472,0.6240057349205017,1.0,True
3,3,0.3128100037574768,accepted,473,0.614978551864624,1.0,True
3,3,0.3128100037574768,accepted,474,0.6264265179634094,1.0,True
3,3,0.3128100037574768,accepted,475,0.6136428117752075,1.0,True
3,3,0.3128100037574768,accepted,476,0.6077975630760193,1.0,True
3,3,0.3128100037574768,accepted,477,0.6244402527809143,1.0,True
3,3,0.3128100037574768,accepted,478,0.6301137208938599,1.0,True
3,3,0.3128100037574768,accepted,479,0.6264982223510742,1.0,True
3,3,0.3128100037574768,accepted,480,0.6307859420776367,1.0,True
3,3,0.3128100037574768,accepted,481,0.6286216378211975,1.0,True
3,3,0.3128100037574768,accepted,482,0.6247011423110962,1.0,True
3,3,0.3128100037574768,accepted,483,0.6203837990760803,1.0,True
3,3,0.3128100037574768,accepted,484,0.6121651530265808,1.0,True
3,3,0.3128100037574768,accepted,485,0.6223974227905273,1.0,True
3,3,0.3128100037574768,accepted,486,0.6105419993400574,1.0,True
3,3,0.3128100037574768,accepted,487,0.6251636743545532,1.0,True
3,3,0.3128100037574768,accepted,488,0.6123812198638916,1.0,True
3,3,0.3128100037574768,accepted,489,0.6050713062286377,1.0,True
3,3,0.3128100037574768,accepted,490,0.6293750405311584,1.0,True
3,3,0.3128100037574768,accepted,491,0.6259057521820068,1.0,True
3,3,0.3128100037574768,accepted,492,0.6328635215759277,1.0,True
3,3,0.3128100037574768,accepted,493,0.6233728528022766,1.0,True
3,3,0.3128100037574768,accepted,494,0.61130291223526,1.0,True
3,3,0.3128100037574768,accepted,495,0.6186928153038025,1.0,True
3,3,0.3128100037574768,accepted,496,0.6171783208847046,1.0,True
3,3,0.3128100037574768,accepted,497,0.6213287711143494,1.0,True
3,3,0.3128100037574768,accepted,498,0.6251493692398071,1.0,True
3,3,0.3128100037574768,accepted,499,0.6176222562789917,1.0,True
3,3,0.3128100037574768,accepted,500,0.6038802862167358,1.0,True
4,1,0.4204629957675934,rejected,1,0.17089785635471344,1.0,True
4,1,0.4204629957675934,rejected,2,0.16547377407550812,1.0,True
4,1,0.4204629957675934,rejected,3,0.16716714203357697,1.0,True
4,1,0.4204629957675934,rejected,4,0.17413824796676636,1.0,True
4,1,0.4204629957675934,rejected,5,0.16792452335357666,1.0,True
4,1,0.4204629957675934,rejected,6,0.16896997392177582,1.0,True
4,1,0.4204629957675934,rejected,7,0.17439351975917816,1.0,True
4,1,0.4204629957675934,rejected,8,0.17301394045352936,1.0,True
4,1,0.4204629957675934,rejected,9,0.17365002632141113,1.0,True
4,1,0.4204629957675934,rejected,10,0.1820482313632965,1.0,True
4,1,0.4204629957675934,rejected,11,0.174601212143898,1.0,True
4,1,0.4204629957675934,rejected,12,0.17169634997844696,1.0,True
4,1,0.4204629957675934,rejected,13,0.18443673849105835,1.0,True
4,1,0.4204629957675934,rejected,14,0.17870084941387177,1.0,True
4,1,0.4204629957675934,rejected,15,0.16581055521965027,1.0,True
4,1,0.4204629957675934,rejected,16,0.16564933955669403,1.0,True
4,1,0.4204629957675934,rejected,17,0.16774140298366547,1.0,True
4,1,0.4204629957675934,rejected,18,0.17282134294509888,1.0,True
4,1,0.4204629957675934,rejected,19,0.18988241255283356,1.0,True
4,1,0.4204629957675934,rejected,20,0.1923384815454483,1.0,True
4,1,0.4204629957675934,rejected,21,0.18085423111915588,1.0,True
4,1,0.4204629957675934,rejected,22,0.1909305304288864,1.0,True
4,1,0.4204629957675934,rejected,23,0.19186948239803314,1.0,True
4,1,0.4204629957675934,rejected,24,0.19380338490009308,1.0,True
4,1,0.4204629957675934,rejected,25,0.19521911442279816,1.0,True
4,1,0.4204629957675934,rejected,26,0.1956253945827484,1.0,True
4,1,0.4204629957675934,rejected,27,0.2101902812719345,1.0,True
4,1,0.4204629957675934,rejected,28,0.21650537848472595,1.0,True
4,1,0.4204629957675934,rejected,29,0.21795886754989624,1.0,True
4,1,0.4204629957675934,rejected,30,0.23091495037078857,1.0,True
4,1,0.4204629957675934,rejected,31,0.2357902228832245,1.0,True
4,1,0.4204629957675934,rejected,32,0.2370094507932663,1.0,True
4,1,0.4204629957675934,rejected,33,0.2329738587141037,1.0,True
4,1,0.4204629957675934,rejected,34,0.2365524023771286,1.0,True
4,1,0.4204629957675934,rejected,35,0.23466229438781738,1.0,True
4,1,0.4204629957675934,rejected,36,0.26393455266952515,1.0,True
4,1,0.4204629957675934,rejected,37,0.25592929124832153,1.0,True
4,1,0.4204629957675934,rejected,38,0.26308512687683105,1.0,True
4,1,0.4204629957675934,rejected,39,0.2567996680736542,1.0,True
4,1,0.4204629957675934,rejected,40,0.2645464241504669,1.0,True
4,1,0.4204629957675934,rejected,41,0.2646130323410034,1.0,True
4,1,0.4204629957675934,rejected,42,0.2688077390193939,1.0,True
4,1,0.4204629957675934,rejected,43,0.26295772194862366,1.0,True
4,1,0.4204629957675934,rejected,44,0.2678639888763428,1.0,True
4,1,0.4204629957675934,rejected,45,0.2861629128456116,1.0,True
4,1,0.4204629957675934,rejected,46,0.27645546197891235,1.0,True
4,1,0.4204629957675934,rejected,47,0.26400402188301086,1.0,True
4,1,0.4204629957675934,rejected,48,0.27373436093330383,1.0,True
4,1,0.4204629957675934,rejected,49,0.27937936782836914,1.0,True
4,1,0.4204629957675934,rejected,50,0.2720925807952881,1.0,True
4,1,0.4204629957675934,rejected,51,0.2706970274448395,1.0,True
4,1,0.4204629957675934,rejected,52,0.2793005108833313,1.0,True
4,1,0.4204629957675934,rejected,53,0.2873136103153229,1.0,True
4,1,0.4204629957675934,rejected,54,0.27731838822364807,1.0,True
4,1,0.4204629957675934,rejected,55,0.277798056602478,1.0,True
4,1,0.4204629957675934,rejected,56,0.27876192331314087,1.0,True
4,1,0.4204629957675934,rejected,57,0.2843738794326782,1.0,True
4,1,0.4204629957675934,rejected,58,0.27612558007240295,1.0,True
4,1,0.4204629957675934,rejected,59,0.30773141980171204,1.0,True
4,1,0.4204629957675934,rejected,60,0.30209264159202576,1.0,True
4,1,0.4204629957675934,rejected,61,0.3055918514728546,1.0,True
4,1,0.4204629957675934,rejected,62,0.30015823245048523,1.0,True
4,1,0.4204629957675934,rejected,63,0.3022586405277252,1.0,True
4,1,0.4204629957675934,rejected,64,0.3077549338340759,1.0,True
4,1,0.4204629957675934,rejected,65,0.3076927065849304,1.0,True
4,1,0.4204629957675934,rejected,66,0.31549811363220215,1.0,True
4,1,0.4204629957675934,rejected,67,0.30799803137779236,1.0,True
4,1,0.4204629957675934,rejected,68,0.30586591362953186,1.0,True
4,1,0.4204629957675934,rejected,69,0.3127993643283844,1.0,True
4,1,0.4204629957675934,rejected,70,0.31354963779449463,1.0,True
4,1,0.4204629957675934,rejected,71,0.31533685326576233,1.0,True
4,1,0.4204629957675934,rejected,72,0.31407874822616577,1.0,True
4,1,0.4204629957675934,rejected,73,0.30615776777267456,1.0,True
4,1,0.4204629957675934,rejected,74,0.3118807375431061,1.0,True
4,1,0.4204629957675934,rejected,75,0.3169843554496765,1.0,True
4,1,0.4204629957675934,rejected,76,0.3234102129936218,1.0,True
4,1,0.4204629957675934,rejected,77,0.31413865089416504,1.0,True
4,1,0.4204629957675934,rejected,78,0.3120747208595276,1.0,True
4,1,0.4204629957675934,rejected,79,0.3166217803955078,1.0,True
4,1,0.4204629957675934,rejected,80,0.31676918268203735,1.0,True
4,1,0.4204629957675934,rejected,81,0.31904423236846924,1.0,True
4,1,0.4204629957675934,rejected,82,0.3173920810222626,1.0,True
4,1,0.4204629957675934,rejected,83,0.3153344690799713,1.0,True
4,1,0.4204629957675934,rejected,84,0.3293664753437042,1.0,True
4,1,0.4204629957675934,rejected,85,0.33387625217437744,1.0,True
4,1,0.4204629957675934,rejected,86,0.3291717767715454,1.0,True
4,1,0.4204629957675934,rejected,87,0.33553609251976013,1.0,True
4,1,0.4204629957675934,rejected,88,0.32737353444099426,1.0,True
4,1,0.4204629957675934,rejected,89,0.3388223946094513,1.0,True
4,1,0.4204629957675934,rejected,90,0.3293828070163727,1.0,True
4,1,0.4204629957675934,rejected,91,0.3410879373550415,1.0,True
4,1,0.4204629957675934,rejected,92,0.33989426493644714,1.0,True
4,1,0.4204629957675934,rejected,93,0.33879008889198303,1.0,True
4,1,0.4204629957675934,rejected,94,0.3379678428173065,1.0,True
4,1,0.4204629957675934,rejected,95,0.32080894708633423,1.0,True
4,1,0.4204629957675934,rejected,96,0.33186107873916626,1.0,True
4,1,0.4204629957675934,rejected,97,0.3417091369628906,1.0,True
4,1,0.4204629957675934,rejected,98,0.33798977732658386,1.0,True
4,1,0.4204629957675934,rejected,99,0.34161141514778137,1.0,True
4,1,0.4204629957675934,rejected,100,0.3469221591949463,1.0,True
4,1,0.4204629957675934,rejected,101,0.3421526551246643,1.0,True
4,1,0.4204629957675934,rejected,102,0.32664254307746887,1.0,True
4,1,0.4204629957675934,rejected,103,0.3326583504676819,1.0,True
4,1,0.4204629957675934,rejected,104,0.3213490843772888,1.0,True
4,1,0.4204629957675934,rejected,105,0.33215492963790894,1.0,True
4,1,0.4204629957675934,rejected,106,0.33311545848846436,1.0,True
4,1,0.4204629957675934,rejected,107,0.3307262361049652,1.0,True
4,1,0.4204629957675934,rejected,108,0.3429641127586365,1.0,True
4,1,0.4204629957675934,rejected,109,0.3407784104347229,1.0,True
4,1,0.4204629957675934,rejected,110,0.338894784450531,1.0,True
4,1,0.4204629957675934,rejected,111,0.34824544191360474,1.0,True
4,1,0.4204629957675934,rejected,112,0.3372878134250641,1.0,True
4,1,0.4204629957675934,rejected,113,0.34501513838768005,1.0,True
4,1,0.4204629957675934,rejected,114,0.3499900698661804,1.0,True
4,1,0.4204629957675934,rejected,115,0.3437840938568115,1.0,True
4,1,0.4204629957675934,rejected,116,0.3431028425693512,1.0,True
4,1,0.4204629957675934,rejected,117,0.3378273546695709,1.0,True
4,1,0.4204629957675934,rejected,118,0.34230145812034607,1.0,True
4,1,0.4204629957675934,rejected,119,0.3412206768989563,1.0,True
4,1,0.4204629957675934,rejected,120,0.3420821726322174,1.0,True
4,1,0.4204629957675934,rejected,121,0.32780590653419495,1.0,True
4,1,0.4204629957675934,rejected,122,0.33696889877319336,1.0,True
4,1,0.4204629957675934,rejected,123,0.3538590669631958,1.0,True
4,1,0.4204629957675934,rejected,124,0.3378531336784363,1.0,True
4,1,0.4204629957675934,rejected,125,0.33458513021469116,1.0,True
4,1,0.4204629957675934,rejected,126,0.3416413962841034,1.0,True
4,1,0.4204629957675934,rejected,127,0.34152019023895264,1.0,True
4,1,0.4204629957675934,rejected,128,0.3470863103866577,1.0,True
4,1,0.4204629957675934,rejected,129,0.3365013003349304,1.0,True
4,1,0.4204629957675934,rejected,130,0.34400320053100586,1.0,True
4,1,0.4204629957675934,rejected,131,0.33578962087631226,1.0,True
4,1,0.4204629957675934,rejected,132,0.35947683453559875,1.0,True
4,1,0.4204629957675934,rejected,133,0.3401368260383606,1.0,True
4,1,0.4204629957675934,rejected,134,0.3552576005458832,1.0,True
4,1,0.4204629957675934,rejected,135,0.34834906458854675,1.0,True
4,1,0.4204629957675934,rejected,136,0.34169089794158936,1.0,True
4,1,0.4204629957675934,rejected,137,0.36148035526275635,1.0,True
4,1,0.4204629957675934,rejected,138,0.3587699234485626,1.0,True
4,1,0.4204629957675934,rejected,139,0.359284907579422,1.0,True
4,1,0.4204629957675934,rejected,140,0.33705630898475647,1.0,True
4,1,0.4204629957675934,rejected,141,0.340266615152359,1.0,True
4,1,0.4204629957675934,rejected,142,0.3417704105377197,1.0,True
4,1,0.4204629957675934,rejected,143,0.3539954423904419,1.0,True
4,1,0.4204629957675934,rejected,144,0.35387665033340454,1.0,True
4,1,0.4204629957675934,rejected,145,0.3523370325565338,1.0,True
4,1,0.4204629957675934,rejected,146,0.35616132616996765,1.0,True
4,1,0.4204629957675934,rejected,147,0.33835485577583313,1.0,True
4,1,0.4204629957675934,rejected,148,0.3524983525276184,1.0,True
4,1,0.4204629957675934,rejected,149,0.3597429692745209,1.0,True
4,1,0.4204629957675934,rejected,150,0.35867688059806824,1.0,True
4,1,0.4204629957675934,rejected,151,0.34987661242485046,1.0,True
4,1,0.4204629957675934,rejected,152,0.3463694453239441,1.0,True
4,1,0.4204629957675934,rejected,153,0.3476799726486206,1.0,True
4,1,0.4204629957675934,rejected,154,0.35439810156822205,1.0,True
4,1,0.4204629957675934,rejected,155,0.358847975730896,1.0,True
4,1,0.4204629957675934,rejected,156,0.3379098176956177,1.0,True
4,1,0.4204629957675934,rejected,157,0.3487679064273834,1.0,True
4,1,0.4204629957675934,rejected,158,0.35324811935424805,1.0,True
4,1,0.4204629957675934,rejected,159,0.3533923625946045,1.0,True
4,1,0.4204629957675934,rejected,160,0.3532090485095978,1.0,True
4,1,0.4204629957675934,rejected,161,0.345378577709198,1.0,True
4,1,0.4204629957675934,rejected,162,0.35890406370162964,1.0,True
4,1,0.4204629957675934,rejected,163,0.3507893681526184,1.0,True
4,1,0.4204629957675934,rejected,164,0.35870561003685,1.0,True
4,1,0.4204629957675934,rejected,165,0.3400135934352875,1.0,True
4,1,0.4204629957675934,rejected,166,0.36128735542297363,1.0,True
4,1,0.4204629957675934,rejected,167,0.3477210998535156,1.0,True
4,1,0.4204629957675934,rejected,168,0.36268478631973267,1.0,True
4,1,0.4204629957675934,rejected,169,0.3674881160259247,1.0,True
4,1,0.4204629957675934,rejected,170,0.3612198233604431,1.0,True
4,1,0.4204629957675934,rejected,171,0.3599873185157776,1.0,True
4,1,0.4204629957675934,rejected,172,0.3588506877422333,1.0,True
4,1,0.4204629957675934,rejected,173,0.3691784143447876,1.0,True
4,1,0.4204629957675934,rejected,174,0.358879417181015,1.0,True
4,1,0.4204629957675934,rejected,175,0.3690671920776367,1.0,True
4,1,0.4204629957675934,rejected,176,0.36751478910446167,1.0,True
4,1,0.4204629957675934,rejected,177,0.3572063148021698,1.0,True
4,1,0.4204629957675934,rejected,178,0.3550110459327698,1.0,True
4,1,0.4204629957675934,rejected,179,0.35849085450172424,1.0,True
4,1,0.4204629957675934,rejected,180,0.35837599635124207,1.0,True
4,1,0.4204629957675934,rejected,181,0.3453825116157532,1.0,True
4,1,0.4204629957675934,rejected,182,0.3572717308998108,1.0,True
4,1,0.4204629957675934,rejected,183,0.35988157987594604,1.0,True
4,1,0.4204629957675934,rejected,184,0.35442647337913513,1.0,True
4,1,0.4204629957675934,rejected,185,0.345614492893219,1.0,True
4,1,0.4204629957675934,rejected,186,0.35121384263038635,1.0,True
4,1,0.4204629957675934,rejected,187,0.3646811544895172,1.0,True
4,1,0.4204629957675934,rejected,188,0.3512486517429352,1.0,True
4,1,0.4204629957675934,rejected,189,0.35494470596313477,1.0,True
4,1,0.4204629957675934,rejected,190,0.35490676760673523,1.0,True
4,1,0.4204629957675934,rejected,191,0.36593952775001526,1.0,True
4,1,0.4204629957675934,rejected,192,0.3618694245815277,1.0,True
4,1,0.4204629957675934,rejected,193,0.3433031439781189,1.0,True
4,1,0.4204629957675934,rejected,194,0.3631832003593445,1.0,True
4,1,0.4204629957675934,rejected,195,0.35819149017333984,1.0,True
4,1,0.4204629957675934,rejected,196,0.36219123005867004,1.0,True
4,1,0.4204629957675934,rejected,197,0.36137834191322327,1.0,True
4,1,0.4204629957675934,rejected,198,0.36907702684402466,1.0,True
4,1,0.4204629957675934,rejected,199,0.35762760043144226,1.0,True
4,1,0.4204629957675934,rejected,200,0.3503146469593048,1.0,True
4,1,0.4204629957675934,rejected,201,0.3662593364715576,1.0,True
4,1,0.4204629957675934,rejected,202,0.35641685128211975,1.0,True
4,1,0.4204629957675934,rejected,203,0.3647938668727875,1.0,True
4,1,0.4204629957675934,rejected,204,0.34740424156188965,1.0,True
4,1,0.4204629957675934,rejected,205,0.3645949363708496,1.0,True
4,1,0.4204629957675934,rejected,206,0.3554433286190033,1.0,True
4,1,0.4204629957675934,rejected,207,0.35664668679237366,1.0,True
4,1,0.4204629957675934,rejected,208,0.37896978855133057,1.0,True
4,1,0.4204629957675934,rejected,209,0.3717164397239685,1.0,True
4,1,0.4204629957675934,rejected,210,0.3644906282424927,1.0,True
4,1,0.4204629957675934,rejected,211,0.36788085103034973,1.0,True
4,1,0.4204629957675934,rejected,212,0.3741476833820343,1.0,True
4,1,0.4204629957675934,rejected,213,0.3533586263656616,1.0,True
4,1,0.4204629957675934,rejected,214,0.35594943165779114,1.0,True
4,1,0.4204629957675934,rejected,215,0.36007246375083923,1.0,True
4,1,0.4204629957675934,rejected,216,0.37131109833717346,1.0,True
4,1,0.4204629957675934,rejected,217,0.35122188925743103,1.0,True
4,1,0.4204629957675934,rejected,218,0.3645782470703125,1.0,True
4,1,0.4204629957675934,rejected,219,0.356257826089859,1.0,True
4,1,0.4204629957675934,rejected,220,0.37191498279571533,1.0,True
4,1,0.4204629957675934,rejected,221,0.3637849688529968,1.0,True
4,1,0.4204629957675934,rejected,222,0.3701147437095642,1.0,True
4,1,0.4204629957675934,rejected,223,0.36871540546417236,1.0,True
4,1,0.4204629957675934,rejected,224,0.34740686416625977,1.0,True
4,1,0.4204629957675934,rejected,225,0.36058515310287476,1.0,True
4,1,0.4204629957675934,rejected,226,0.35842111706733704,1.0,True
4,1,0.4204629957675934,rejected,227,0.3580712676048279,1.0,True
4,1,0.4204629957675934,rejected,228,0.3683920204639435,1.0,True
4,1,0.4204629957675934,rejected,229,0.3616499900817871,1.0,True
4,1,0.4204629957675934,rejected,230,0.36268341541290283,1.0,True
4,1,0.4204629957675934,rejected,231,0.35637471079826355,1.0,True
4,1,0.4204629957675934,rejected,232,0.38196250796318054,1.0,True
4,1,0.4204629957675934,rejected,233,0.3471710681915283,1.0,True
4,1,0.4204629957675934,rejected,234,0.3698112964630127,1.0,True
4,1,0.4204629957675934,rejected,235,0.3682262599468231,1.0,True
4,1,0.4204629957675934,rejected,236,0.35639646649360657,1.0,True
4,1,0.4204629957675934,rejected,237,0.34849661588668823,1.0,True
4,1,0.4204629957675934,rejected,238,0.359284907579422,1.0,True
4,1,0.4204629957675934,rejected,239,0.36196744441986084,1.0,True
4,1,0.4204629957675934,rejected,240,0.361636221408844,1.0,True
4,1,0.4204629957675934,rejected,241,0.36092644929885864,1.0,True
4,1,0.4204629957675934,rejected,242,0.3607378602027893,1.0,True
4,1,0.4204629957675934,rejected,243,0.36230313777923584,1.0,True
4,1,0.4204629957675934,rejected,244,0.36878713965415955,1.0,True
4,1,0.4204629957675934,rejected,245,0.3683091402053833,1.0,True
4,1,0.4204629957675934,rejected,246,0.36445584893226624,1.0,True
4,1,0.4204629957675934,rejected,247,0.37124595046043396,1.0,True
4,1,0.4204629957675934,rejected,248,0.3655907213687897,1.0,True
4,1,0.4204629957675934,rejected,249,0.3755117952823639,1.0,True
4,1,0.4204629957675934,rejected,250,0.3614210784435272,1.0,True
4,1,0.4204629957675934,rejected,251,0.3649260699748993,1.0,True
4,1,0.4204629957675934,rejected,252,0.3754458725452423,1.0,True
4,1,0.4204629957675934,rejected,253,0.3694460988044739,1.0,True
4,1,0.4204629957675934,rejected,254,0.36130112409591675,1.0,True
4,1,0.4204629957675934,rejected,255,0.3646658658981323,1.0,True
4,1,0.4204629957675934,rejected,256,0.35807672142982483,1.0,True
4,1,0.4204629957675934,rejected,257,0.3638002574443817,1.0,True
4,1,0.4204629957675934,rejected,258,0.3693009912967682,1.0,True
4,1,0.4204629957675934,rejected,259,0.37422049045562744,1.0,True
4,1,0.4204629957675934,rejected,260,0.3682599663734436,1.0,True
4,1,0.4204629957675934,rejected,261,0.36085209250450134,1.0,True
4,1,0.4204629957675934,rejected,262,0.36450454592704773,1.0,True
4,1,0.4204629957675934,rejected,263,0.35997357964515686,1.0,True
4,1,0.4204629957675934,rejected,264,0.3573371469974518,1.0,True
4,1,0.4204629957675934,rejected,265,0.3685944378376007,1.0,True
4,1,0.4204629957675934,rejected,266,0.365900456905365,1.0,True
4,1,0.4204629957675934,rejected,267,0.36983245611190796,1.0,True
4,1,0.4204629957675934,rejected,268,0.3629380464553833,1.0,True
4,1,0.4204629957675934,rejected,269,0.3663977086544037,1.0,True
4,1,0.4204629957675934,rejected,270,0.36840468645095825,1.0,True
4,1,0.4204629957675934,rejected,271,0.3690193295478821,1.0,True
4,1,0.4204629957675934,rejected,272,0.3650945723056793,1.0,True
4,1,0.4204629957675934,rejected,273,0.37462323904037476,1.0,True
4,1,0.4204629957675934,rejected,274,0.3740135133266449,1.0,True
4,1,0.4204629957675934,rejected,275,0.38029924035072327,1.0,True
4,1,0.4204629957675934,rejected,276,0.37164410948753357,1.0,True
4,1,0.4204629957675934,rejected,277,0.37593314051628113,1.0,True
4,1,0.4204629957675934,rejected,278,0.3537268340587616,1.0,True
4,1,0.4204629957675934,rejected,279,0.359972208738327,1.0,True
4,1,0.4204629957675934,rejected,280,0.3683456778526306,1.0,True
4,1,0.4204629957675934,rejected,281,0.3619094789028168,1.0,True
4,1,0.4204629957675934,rejected,282,0.37383952736854553,1.0,True
4,1,0.4204629957675934,rejected,283,0.38125646114349365,1.0,True
4,1,0.4204629957675934,rejected,284,0.36265435814857483,1.0,True
4,1,0.4204629957675934,rejected,285,0.3645990788936615,1.0,True
4,1,0.4204629957675934,rejected,286,0.3545008599758148,1.0,True
4,1,0.4204629957675934,rejected,287,0.34806880354881287,1.0,True
4,1,0.4204629957675934,rejected,288,0.3736570179462433,1.0,True
4,1,0.4204629957675934,rejected,289,0.36798331141471863,1.0,True
4,1,0.4204629957675934,rejected,290,0.34025752544403076,1.0,True
4,1,0.4204629957675934,rejected,291,0.3765646815299988,1.0,True
4,1,0.4204629957675934,rejected,292,0.36966460943222046,1.0,True
4,1,0.4204629957675934,rejected,293,0.3781755268573761,1.0,True
4,1,0.4204629957675934,rejected,294,0.3543940484523773,1.0,True
4,1,0.4204629957675934,rejected,295,0.3574148416519165,1.0,True
4,1,0.4204629957675934,rejected,296,0.3726279139518738,1.0,True
4,1,0.4204629957675934,rejected,297,0.3673858046531677,1.0,True
4,1,0.4204629957675934,rejected,298,0.364104300737381,1.0,True
4,1,0.4204629957675934,rejected,299,0.3737696409225464,1.0,True
4,1,0.4204629957675934,rejected,300,0.3731456398963928,1.0,True
4,1,0.4204629957675934,rejected,301,0.3730659484863281,1.0,True
4,1,0.4204629957675934,rejected,302,0.3738580346107483,1.0,True
4,1,0.4204629957675934,rejected,303,0.3686014711856842,1.0,True
4,1,0.4204629957675934,rejected,304,0.37770840525627136,1.0,True
4,1,0.4204629957675934,rejected,305,0.3691333532333374,1.0,True
4,1,0.4204629957675934,rejected,306,0.3815591037273407,1.0,True
4,1,0.4204629957675934,rejected,307,0.3728383183479309,1.0,True
4,1,0.4204629957675934,rejected,308,0.3612156808376312,1.0,True
4,1,0.4204629957675934,rejected,309,0.3651280105113983,1.0,True
4,1,0.4204629957675934,rejected,310,0.3609773814678192,1.0,True
4,1,0.4204629957675934,rejected,311,0.36734098196029663,1.0,True
4,1,0.4204629957675934,rejected,312,0.37494778633117676,1.0,True
4,1,0.4204629957675934,rejected,313,0.3773138225078583,1.0,True
4,1,0.4204629957675934,rejected,314,0.3823779821395874,1.0,True
4,1,0.4204629957675934,rejected,315,0.3787977993488312,1.0,True
4,1,0.4204629957675934,rejected,316,0.3585742712020874,1.0,True
4,1,0.4204629957675934,rejected,317,0.37552037835121155,1.0,True
4,1,0.4204629957675934,rejected,318,0.37318551540374756,1.0,True
4,1,0.4204629957675934,rejected,319,0.3656618297100067,1.0,True
4,1,0.4204629957675934,rejected,320,0.3674250543117523,1.0,True
4,1,0.4204629957675934,rejected,321,0.3786779046058655,1.0,True
4,1,0.4204629957675934,rejected,322,0.3686310350894928,1.0,True
4,1,0.4204629957675934,rejected,323,0.3830495774745941,1.0,True
4,1,0.4204629957675934,rejected,324,0.3688068091869354,1.0,True
4,1,0.4204629957675934,rejected,325,0.3598994314670563,1.0,True
4,1,0.4204629957675934,rejected,326,0.3746904134750366,1.0,True
4,1,0.4204629957675934,rejected,327,0.3593246340751648,1.0,True
4,1,0.4204629957675934,rejected,328,0.38029488921165466,1.0,True
4,1,0.4204629957675934,rejected,329,0.36638930439949036,1.0,True
4,1,0.4204629957675934,rejected,330,0.36931082606315613,1.0,True
4,1,0.4204629957675934,rejected,331,0.3709571659564972,1.0,True
4,1,0.4204629957675934,rejected,332,0.3786865770816803,1.0,True
4,1,0.4204629957675934,rejected,333,0.38765057921409607,1.0,True
4,1,0.4204629957675934,rejected,334,0.3661322295665741,1.0,True
4,1,0.4204629957675934,rejected,335,0.3819960355758667,1.0,True
4,1,0.4204629957675934,rejected,336,0.37236925959587097,1.0,True
4,1,0.4204629957675934,rejected,337,0.3751595616340637,1.0,True
4,1,0.4204629957675934,rejected,338,0.3561219274997711,1.0,True
4,1,0.4204629957675934,rejected,339,0.37338346242904663,1.0,True
4,1,0.4204629957675934,rejected,340,0.37878337502479553,1.0,True
4,1,0.4204629957675934,rejected,341,0.35380104184150696,1.0,True
4,1,0.4204629957675934,rejected,342,0.3708241581916809,1.0,True
4,1,0.4204629957675934,rejected,343,0.3720043897628784,1.0,True
4,1,0.4204629957675934,rejected,344,0.37092462182044983,1.0,True
4,1,0.4204629957675934,rejected,345,0.3717518746852875,1.0,True
4,1,0.4204629957675934,rejected,346,0.3557145893573761,1.0,True
4,1,0.4204629957675934,rejected,347,0.35549893975257874,1.0,True
4,1,0.4204629957675934,rejected,348,0.3622437119483948,1.0,True
4,1,0.4204629957675934,rejected,349,0.36903199553489685,1.0,True
4,1,0.4204629957675934,rejected,350,0.36227962374687195,1.0,True
4,1,0.4204629957675934,rejected,351,0.36660459637641907,1.0,True
4,1,0.4204629957675934,rejected,352,0.36058515310287476,1.0,True
4,1,0.4204629957675934,rejected,353,0.37020087242126465,1.0,True
4,1,0.4204629957675934,rejected,354,0.36202266812324524,1.0,True
4,1,0.4204629957675934,rejected,355,0.3728511333465576,1.0,True
4,1,0.4204629957675934,rejected,356,0.37044525146484375,1.0,True
4,1,0.4204629957675934,rejected,357,0.3881033658981323,1.0,True
4,1,0.4204629957675934,rejected,358,0.37883102893829346,1.0,True
4,1,0.4204629957675934,rejected,359,0.34379592537879944,1.0,True
4,1,0.4204629957675934,rejected,360,0.3667444884777069,1.0,True
4,1,0.4204629957675934,rejected,361,0.3864000737667084,1.0,True
4,1,0.4204629957675934,rejected,362,0.3606030344963074,1.0,True
4,1,0.4204629957675934,rejected,363,0.37124738097190857,1.0,True
4,1,0.4204629957675934,rejected,364,0.38017740845680237,1.0,True
4,1,0.4204629957675934,rejected,365,0.35314977169036865,1.0,True
4,1,0.4204629957675934,rejected,366,0.3574925661087036,1.0,True
4,1,0.4204629957675934,rejected,367,0.3872382342815399,1.0,True
4,1,0.4204629957675934,rejected,368,0.3723422884941101,1.0,True
4,1,0.4204629957675934,rejected,369,0.3673984408378601,1.0,True
4,1,0.4204629957675934,rejected,370,0.37659627199172974,1.0,True
4,1,0.4204629957675934,rejected,371,0.37430042028427124,1.0,True
4,1,0.4204629957675934,rejected,372,0.38385552167892456,1.0,True
4,1,0.4204629957675934,rejected,373,0.34178346395492554,1.0,True
4,1,0.4204629957675934,rejected,374,0.3664396405220032,1.0,True
4,1,0.4204629957675934,rejected,375,0.3656269609928131,1.0,True
4,1,0.4204629957675934,rejected,376,0.38789764046669006,1.0,True
4,1,0.4204629957675934,rejected,377,0.3645768463611603,1.0,True
4,1,0.4204629957675934,rejected,378,0.3483676612377167,1.0,True
4,1,0.4204629957675934,rejected,379,0.37350454926490784,1.0,True
4,1,0.4204629957675934,rejected,380,0.35345974564552307,1.0,True
4,1,0.4204629957675934,rejected,381,0.36159345507621765,1.0,True
4,1,0.4204629957675934,rejected,382,0.36057689785957336,1.0,True
4,1,0.4204629957675934,rejected,383,0.3589341938495636,1.0,True
4,1,0.4204629957675934,rejected,384,0.3661322295665741,1.0,True
4,1,0.4204629957675934,rejected,385,0.37228548526763916,1.0,True
4,1,0.4204629957675934,rejected,386,0.36724287271499634,1.0,True
4,1,0.4204629957675934,rejected,387,0.37273308634757996,1.0,True
4,1,0.4204629957675934,rejected,388,0.3773426413536072,1.0,True
4,1,0.4204629957675934,rejected,389,0.3698592782020569,1.0,True
4,1,0.4204629957675934,rejected,390,0.37154629826545715,1.0,True
4,1,0.4204629957675934,rejected,391,0.3671826422214508,1.0,True
4,1,0.4204629957675934,rejected,392,0.3431957960128784,1.0,True
4,1,0.4204629957675934,rejected,393,0.37635931372642517,1.0,True
4,1,0.4204629957675934,rejected,394,0.37968897819519043,1.0,True
4,1,0.4204629957675934,rejected,395,0.36785560846328735,1.0,True
4,1,0.4204629957675934,rejected,396,0.3751566708087921,1.0,True
4,1,0.4204629957675934,rejected,397,0.36734098196029663,1.0,True
4,1,0.4204629957675934,rejected,398,0.3691474497318268,1.0,True
4,1,0.4204629957675934,rejected,399,0.3447493612766266,1.0,True
4,1,0.4204629957675934,rejected,400,0.369044691324234,1.0,True
4,1,0.4204629957675934,rejected,401,0.3676704168319702,1.0,True
4,1,0.4204629957675934,rejected,402,0.3757309913635254,1.0,True
4,1,0.4204629957675934,rejected,403,0.3648606836795807,1.0,True
4,1,0.4204629957675934,rejected,404,0.36633622646331787,1.0,True
4,1,0.4204629957675934,rejected,405,0.3698931336402893,1.0,True
4,1,0.4204629957675934,rejected,406,0.37969622015953064,1.0,True
4,1,0.4204629957675934,rejected,407,0.37044668197631836,1.0,True
4,1,0.4204629957675934,rejected,408,0.3808116912841797,1.0,True
4,1,0.4204629957675934,rejected,409,0.3690573275089264,1.0,True
4,1,0.4204629957675934,rejected,410,0.40011465549468994,1.0,True
4,1,0.4204629957675934,rejected,411,0.3645782470703125,1.0,True
4,1,0.4204629957675934,rejected,412,0.38460013270378113,1.0,True
4,1,0.4204629957675934,rejected,413,0.3828362822532654,1.0,True
4,1,0.4204629957675934,rejected,414,0.37910860776901245,1.0,True
4,1,0.4204629957675934,rejected,415,0.3815576434135437,1.0,True
4,1,0.4204629957675934,rejected,416,0.3721534311771393,1.0,True
4,1,0.4204629957675934,rejected,417,0.371724933385849,1.0,True
4,1,0.4204629957675934,rejected,418,0.3702559173107147,1.0,True
4,1,0.4204629957675934,rejected,419,0.375872939825058,1.0,True
4,1,0.4204629957675934,rejected,420,0.3568481206893921,1.0,True
4,1,0.4204629957675934,rejected,421,0.38066065311431885,1.0,True
4,1,0.4204629957675934,rejected,422,0.36142244935035706,1.0,True
4,1,0.4204629957675934,rejected,423,0.37183699011802673,1.0,True
4,1,0.4204629957675934,rejected,424,0.3786360025405884,1.0,True
4,1,0.4204629957675934,rejected,425,0.383577436208725,1.0,True
4,1,0.4204629957675934,rejected,426,0.37412482500076294,1.0,True
4,1,0.4204629957675934,rejected,427,0.37586718797683716,1.0,True
4,1,0.4204629957675934,rejected,428,0.37002578377723694,1.0,True
4,1,0.4204629957675934,rejected,429,0.36372530460357666,1.0,True
4,1,0.4204629957675934,rejected,430,0.3469579219818115,1.0,True
4,1,0.4204629957675934,rejected,431,0.3771267533302307,1.0,True
4,1,0.4204629957675934,rejected,432,0.37659770250320435,1.0,True
4,1,0.4204629957675934,rejected,433,0.3635103106498718,1.0,True
4,1,0.4204629957675934,rejected,434,0.3733806312084198,1.0,True
4,1,0.4204629957675934,rejected,435,0.3823269307613373,1.0,True
4,1,0.4204629957675934,rejected,436,0.3679004907608032,1.0,True
4,1,0.4204629957675934,rejected,437,0.3680858016014099,1.0,True
4,1,0.4204629957675934,rejected,438,0.36744049191474915,1.0,True
4,1,0.4204629957675934,rejected,439,0.3560512959957123,1.0,True
4,1,0.4204629957675934,rejected,440,0.3687772750854492,1.0,True
4,1,0.4204629957675934,rejected,441,0.36726251244544983,1.0,True
4,1,0.4204629957675934,rejected,442,0.3642626702785492,1.0,True
4,1,0.4204629957675934,rejected,443,0.37363994121551514,1.0,True
4,1,0.4204629957675934,rejected,444,0.37846848368644714,1.0,True
4,1,0.4204629957675934,rejected,445,0.3869650363922119,1.0,True
4,1,0.4204629957675934,rejected,446,0.3534853756427765,1.0,True
4,1,0.4204629957675934,rejected,447,0.375202476978302,1.0,True
4,1,0.4204629957675934,rejected,448,0.37060073018074036,1.0,True
4,1,0.4204629957675934,rejected,449,0.3820236921310425,1.0,True
4,1,0.4204629957675934,rejected,450,0.3789871335029602,1.0,True
4,1,0.4204629957675934,rejected,451,0.3558354079723358,1.0,True
4,1,0.4204629957675934,rejected,452,0.36679208278656006,1.0,True
4,1,0.4204629957675934,rejected,453,0.3815081715583801,1.0,True
4,1,0.4204629957675934,rejected,454,0.37754419445991516,1.0,True
4,1,0.4204629957675934,rejected,455,0.37045231461524963,1.0,True
4,1,0.4204629957675934,rejected,456,0.3651669919490814,1.0,True
4,1,0.4204629957675934,rejected,457,0.3714102804660797,1.0,True
4,1,0.4204629957675934,rejected,458,0.3766336441040039,1.0,True
4,1,0.4204629957675934,rejected,459,0.3810093104839325,1.0,True
4,1,0.4204629957675934,rejected,460,0.3791245222091675,1.0,True
4,1,0.4204629957675934,rejected,461,0.35608798265457153,1.0,True
4,1,0.4204629957675934,rejected,462,0.36650535464286804,1.0,True
4,1,0.4204629957675934,rejected,463,0.3759346008300781,1.0,True
4,1,0.4204629957675934,rejected,464,0.3660121262073517,1.0,True
4,1,0.4204629957675934,rejected,465,0.37770408391952515,1.0,True
4,1,0.4204629957675934,rejected,466,0.37956732511520386,1.0,True
4,1,0.4204629957675934,rejected,467,0.37216052412986755,1.0,True
4,1,0.4204629957675934,rejected,468,0.37400496006011963,1.0,True
4,1,0.4204629957675934,rejected,469,0.37485772371292114,1.0,True
4,1,0.4204629957675934,rejected,470,0.35704419016838074,1.0,True
4,1,0.4204629957675934,rejected,471,0.38068822026252747,1.0,True
4,1,0.4204629957675934,rejected,472,0.3853902518749237,1.0,True
4,1,0.4204629957675934,rejected,473,0.3843493163585663,1.0,True
4,1,0.4204629957675934,rejected,474,0.3900119662284851,1.0,True
4,1,0.4204629957675934,rejected,475,0.3837691843509674,1.0,True
4,1,0.4204629957675934,rejected,476,0.37407633662223816,1.0,True
4,1,0.4204629957675934,rejected,477,0.36553633213043213,1.0,True
4,1,0.4204629957675934,rejected,478,0.3682684004306793,1.0,True
4,1,0.4204629957675934,rejected,479,0.3680928349494934,1.0,True
4,1,0.4204629957675934,rejected,480,0.37647560238838196,1.0,True
4,1,0.4204629957675934,rejected,481,0.37794047594070435,1.0,True
4,1,0.4204629957675934,rejected,482,0.3743489682674408,1.0,True
4,1,0.4204629957675934,rejected,483,0.3717476427555084,1.0,True
4,1,0.4204629957675934,rejected,484,0.3735971748828888,1.0,True
4,1,0.4204629957675934,rejected,485,0.37374114990234375,1.0,True
4,1,0.4204629957675934,rejected,486,0.36571764945983887,1.0,True
4,1,0.4204629957675934,rejected,487,0.3760794401168823,1.0,True
4,1,0.4204629957675934,rejected,488,0.36624258756637573,1.0,True
4,1,0.4204629957675934,rejected,489,0.35101425647735596,1.0,True
4,1,0.4204629957675934,rejected,490,0.38361692428588867,1.0,True
4,1,0.4204629957675934,rejected,491,0.3602812886238098,1.0,True
4,1,0.4204629957675934,rejected,492,0.37718719244003296,1.0,True
4,1,0.4204629957675934,rejected,493,0.3709868788719177,1.0,True
4,1,0.4204629957675934,rejected,494,0.3390085697174072,1.0,True
4,1,0.4204629957675934,rejected,495,0.35455089807510376,1.0,True
4,1,0.4204629957675934,rejected,496,0.3893207311630249,1.0,True
4,1,0.4204629957675934,rejected,497,0.37222015857696533,1.0,True
4,1,0.4204629957675934,rejected,498,0.3703392744064331,1.0,True
4,1,0.4204629957675934,rejected,499,0.366989403963089,1.0,True
4,1,0.4204629957675934,rejected,500,0.367629736661911,1.0,True
4,2,0.3881671130657196,accepted,1,0.36251741647720337,1.0,True
4,2,0.3881671130657196,accepted,2,0.37584999203681946,1.0,True
4,2,0.3881671130657196,accepted,3,0.3709288537502289,1.0,True
4,2,0.3881671130657196,accepted,4,0.36659204959869385,1.0,True
4,2,0.3881671130657196,accepted,5,0.3856005370616913,1.0,True
4,2,0.3881671130657196,accepted,6,0.3736598789691925,1.0,True
4,2,0.3881671130657196,accepted,7,0.37995123863220215,1.0,True
4,2,0.3881671130657196,accepted,8,0.37505796551704407,1.0,True
4,2,0.3881671130657196,accepted,9,0.3803935647010803,1.0,True
4,2,0.3881671130657196,accepted,10,0.3736099898815155,1.0,True
4,2,0.3881671130657196,accepted,11,0.37077608704566956,1.0,True
4,2,0.3881671130657196,accepted,12,0.3723330497741699,1.0,True
4,2,0.3881671130657196,accepted,13,0.3604627549648285,1.0,True
4,2,0.3881671130657196,accepted,14,0.3778712749481201,1.0,True
4,2,0.3881671130657196,accepted,15,0.3770461976528168,1.0,True
4,2,0.3881671130657196,accepted,16,0.3822175860404968,1.0,True
4,2,0.3881671130657196,accepted,17,0.38881760835647583,1.0,True
4,2,0.3881671130657196,accepted,18,0.3842393755912781,1.0,True
4,2,0.3881671130657196,accepted,19,0.3852917551994324,1.0,True
4,2,0.3881671130657196,accepted,20,0.385389506816864,1.0,True
4,2,0.3881671130657196,accepted,21,0.388629287481308,1.0,True
4,2,0.3881671130657196,accepted,22,0.37836602330207825,1.0,True
4,2,0.3881671130657196,accepted,23,0.4026041626930237,1.0,True
4,2,0.3881671130657196,accepted,24,0.4063488841056824,1.0,True
4,2,0.3881671130657196,accepted,25,0.42474430799484253,1.0,True
4,2,0.3881671130657196,accepted,26,0.4159335792064667,1.0,True
4,2,0.3881671130657196,accepted,27,0.4304113984107971,1.0,True
4,2,0.3881671130657196,accepted,28,0.42462119460105896,1.0,True
4,2,0.3881671130657196,accepted,29,0.4332001209259033,1.0,True
4,2,0.3881671130657196,accepted,30,0.4457441568374634,1.0,True
4,2,0.3881671130657196,accepted,31,0.4452003836631775,1.0,True
4,2,0.3881671130657196,accepted,32,0.459176629781723,1.0,True
4,2,0.3881671130657196,accepted,33,0.44079315662384033,1.0,True
4,2,0.3881671130657196,accepted,34,0.4570516049861908,1.0,True
4,2,0.3881671130657196,accepted,35,0.4518207311630249,1.0,True
4,2,0.3881671130657196,accepted,36,0.4866922199726105,1.0,True
4,2,0.3881671130657196,accepted,37,0.47038230299949646,1.0,True
4,2,0.3881671130657196,accepted,38,0.47109881043434143,1.0,True
4,2,0.3881671130657196,accepted,39,0.47137385606765747,1.0,True
4,2,0.3881671130657196,accepted,40,0.4769548177719116,1.0,True
4,2,0.3881671130657196,accepted,41,0.4799077808856964,1.0,True
4,2,0.3881671130657196,accepted,42,0.4883194863796234,1.0,True
4,2,0.3881671130657196,accepted,43,0.48459234833717346,1.0,True
4,2,0.3881671130657196,accepted,44,0.4917675256729126,1.0,True
4,2,0.3881671130657196,accepted,45,0.4958277642726898,1.0,True
4,2,0.3881671130657196,accepted,46,0.4973859488964081,1.0,True
4,2,0.3881671130657196,accepted,47,0.4861995577812195,1.0,True
4,2,0.3881671130657196,accepted,48,0.5034525394439697,1.0,True
4,2,0.3881671130657196,accepted,49,0.5033881664276123,1.0,True
4,2,0.3881671130657196,accepted,50,0.49267348647117615,1.0,True
4,2,0.3881671130657196,accepted,51,0.4862598478794098,1.0,True
4,2,0.3881671130657196,accepted,52,0.5053409934043884,1.0,True
4,2,0.3881671130657196,accepted,53,0.5012142658233643,1.0,True
4,2,0.3881671130657196,accepted,54,0.5021683573722839,1.0,True
4,2,0.3881671130657196,accepted,55,0.5137906670570374,1.0,True
4,2,0.3881671130657196,accepted,56,0.5139808654785156,1.0,True
4,2,0.3881671130657196,accepted,57,0.5051925778388977,1.0,True
4,2,0.3881671130657196,accepted,58,0.5150878429412842,1.0,True
4,2,0.3881671130657196,accepted,59,0.5083853602409363,1.0,True
4,2,0.3881671130657196,accepted,60,0.5166739821434021,1.0,True
4,2,0.3881671130657196,accepted,61,0.5170722603797913,1.0,True
4,2,0.3881671130657196,accepted,62,0.5130679607391357,1.0,True
4,2,0.3881671130657196,accepted,63,0.5183480381965637,1.0,True
4,2,0.3881671130657196,accepted,64,0.5205446481704712,1.0,True
4,2,0.3881671130657196,accepted,65,0.5185636281967163,1.0,True
4,2,0.3881671130657196,accepted,66,0.5302276015281677,1.0,True
4,2,0.3881671130657196,accepted,67,0.5324531197547913,1.0,True
4,2,0.3881671130657196,accepted,68,0.5148540735244751,1.0,True
4,2,0.3881671130657196,accepted,69,0.5198540687561035,1.0,True
4,2,0.3881671130657196,accepted,70,0.5072985291481018,1.0,True
4,2,0.3881671130657196,accepted,71,0.5199660658836365,1.0,True
4,2,0.3881671130657196,accepted,72,0.5302761197090149,1.0,True
4,2,0.3881671130657196,accepted,73,0.5265651345252991,1.0,True
4,2,0.3881671130657196,accepted,74,0.51329505443573,1.0,True
4,2,0.3881671130657196,accepted,75,0.5330557227134705,1.0,True
4,2,0.3881671130657196,accepted,76,0.5304419994354248,1.0,True
4,2,0.3881671130657196,accepted,77,0.5264686942100525,1.0,True
4,2,0.3881671130657196,accepted,78,0.5408648252487183,1.0,True
4,2,0.3881671130657196,accepted,79,0.5347920060157776,1.0,True
4,2,0.3881671130657196,accepted,80,0.5397683382034302,1.0,True
4,2,0.3881671130657196,accepted,81,0.5356985330581665,1.0,True
4,2,0.3881671130657196,accepted,82,0.5237234830856323,1.0,True
4,2,0.3881671130657196,accepted,83,0.543163001537323,1.0,True
4,2,0.3881671130657196,accepted,84,0.5356106758117676,1.0,True
4,2,0.3881671130657196,accepted,85,0.5356965065002441,1.0,True
4,2,0.3881671130657196,accepted,86,0.5436148643493652,1.0,True
4,2,0.3881671130657196,accepted,87,0.5481659173965454,1.0,True
4,2,0.3881671130657196,accepted,88,0.5499000549316406,1.0,True
4,2,0.3881671130657196,accepted,89,0.5377152562141418,1.0,True
4,2,0.3881671130657196,accepted,90,0.5438430309295654,1.0,True
4,2,0.3881671130657196,accepted,91,0.5449737906455994,1.0,True
4,2,0.3881671130657196,accepted,92,0.5379409193992615,1.0,True
4,2,0.3881671130657196,accepted,93,0.5415750741958618,1.0,True
4,2,0.3881671130657196,accepted,94,0.5455624461174011,1.0,True
4,2,0.3881671130657196,accepted,95,0.5399845242500305,1.0,True
4,2,0.3881671130657196,accepted,96,0.5488522052764893,1.0,True
4,2,0.3881671130657196,accepted,97,0.5447836518287659,1.0,True
4,2,0.3881671130657196,accepted,98,0.5349735617637634,1.0,True
4,2,0.3881671130657196,accepted,99,0.5428139567375183,1.0,True
4,2,0.3881671130657196,accepted,100,0.5473969578742981,1.0,True
4,2,0.3881671130657196,accepted,101,0.540190577507019,1.0,True
4,2,0.3881671130657196,accepted,102,0.5458143353462219,1.0,True
4,2,0.3881671130657196,accepted,103,0.5513431429862976,1.0,True
4,2,0.3881671130657196,accepted,104,0.4972170889377594,1.0,True
4,2,0.3881671130657196,accepted,105,0.5541728734970093,1.0,True
4,2,0.3881671130657196,accepted,106,0.5531010031700134,1.0,True
4,2,0.3881671130657196,accepted,107,0.5428264141082764,1.0,True
4,2,0.3881671130657196,accepted,108,0.5397723913192749,1.0,True
4,2,0.3881671130657196,accepted,109,0.5547291040420532,1.0,True
4,2,0.3881671130657196,accepted,110,0.5476559400558472,1.0,True
4,2,0.3881671130657196,accepted,111,0.5554872155189514,1.0,True
4,2,0.3881671130657196,accepted,112,0.5414469838142395,1.0,True
4,2,0.3881671130657196,accepted,113,0.5520808100700378,1.0,True
4,2,0.3881671130657196,accepted,114,0.5374650359153748,1.0,True
4,2,0.3881671130657196,accepted,115,0.556407630443573,1.0,True
4,2,0.3881671130657196,accepted,116,0.5536699295043945,1.0,True
4,2,0.3881671130657196,accepted,117,0.5449737906455994,1.0,True
4,2,0.3881671130657196,accepted,118,0.5519428849220276,1.0,True
4,2,0.3881671130657196,accepted,119,0.5496568083763123,1.0,True
4,2,0.3881671130657196,accepted,120,0.5524778962135315,1.0,True
4,2,0.3881671130657196,accepted,121,0.5456582307815552,1.0,True
4,2,0.3881671130657196,accepted,122,0.5509121417999268,1.0,True
4,2,0.3881671130657196,accepted,123,0.5552117824554443,1.0,True
4,2,0.3881671130657196,accepted,124,0.5524210333824158,1.0,True
4,2,0.3881671130657196,accepted,125,0.5611374974250793,1.0,True
4,2,0.3881671130657196,accepted,126,0.5582583546638489,1.0,True
4,2,0.3881671130657196,accepted,127,0.5534113049507141,1.0,True
4,2,0.3881671130657196,accepted,128,0.5544964075088501,1.0,True
4,2,0.3881671130657196,accepted,129,0.5595471262931824,1.0,True
4,2,0.3881671130657196,accepted,130,0.5429185628890991,1.0,True
4,2,0.3881671130657196,accepted,131,0.5508606433868408,1.0,True
4,2,0.3881671130657196,accepted,132,0.564455509185791,1.0,True
4,2,0.3881671130657196,accepted,133,0.5569279193878174,1.0,True
4,2,0.3881671130657196,accepted,134,0.56430584192276,1.0,True
4,2,0.3881671130657196,accepted,135,0.5507587194442749,1.0,True
4,2,0.3881671130657196,accepted,136,0.5502148270606995,1.0,True
4,2,0.3881671130657196,accepted,137,0.5536055564880371,1.0,True
4,2,0.3881671130657196,accepted,138,0.5540481209754944,1.0,True
4,2,0.3881671130657196,accepted,139,0.5569385290145874,1.0,True
4,2,0.3881671130657196,accepted,140,0.5585235357284546,1.0,True
4,2,0.3881671130657196,accepted,141,0.5567197203636169,1.0,True
4,2,0.3881671130657196,accepted,142,0.5647236704826355,1.0,True
4,2,0.3881671130657196,accepted,143,0.5627655982971191,1.0,True
4,2,0.3881671130657196,accepted,144,0.5619139671325684,1.0,True
4,2,0.3881671130657196,accepted,145,0.5659054517745972,1.0,True
4,2,0.3881671130657196,accepted,146,0.5730350017547607,1.0,True
4,2,0.3881671130657196,accepted,147,0.5535030961036682,1.0,True
4,2,0.3881671130657196,accepted,148,0.5665934085845947,1.0,False
4,2,0.3881671130657196,accepted,149,0.5529470443725586,1.0,True
4,2,0.3881671130657196,accepted,150,0.5565201044082642,1.0,True
4,2,0.3881671130657196,accepted,151,0.5617843270301819,1.0,True
4,2,0.3881671130657196,accepted,152,0.5600084066390991,1.0,True
4,2,0.3881671130657196,accepted,153,0.5635293126106262,1.0,True
4,2,0.3881671130657196,accepted,154,0.5577932000160217,1.0,True
4,2,0.3881671130657196,accepted,155,0.5557882189750671,1.0,True
4,2,0.3881671130657196,accepted,156,0.5543071031570435,1.0,True
4,2,0.3881671130657196,accepted,157,0.5709642767906189,1.0,True
4,2,0.3881671130657196,accepted,158,0.5509814620018005,1.0,True
4,2,0.3881671130657196,accepted,159,0.5598364472389221,1.0,True
4,2,0.3881671130657196,accepted,160,0.5506747364997864,1.0,True
4,2,0.3881671130657196,accepted,161,0.5552308559417725,1.0,True
4,2,0.3881671130657196,accepted,162,0.5570181608200073,1.0,True
4,2,0.3881671130657196,accepted,163,0.5599368810653687,1.0,True
4,2,0.3881671130657196,accepted,164,0.554215133190155,1.0,True
4,2,0.3881671130657196,accepted,165,0.5562484860420227,1.0,True
4,2,0.3881671130657196,accepted,166,0.5656334757804871,1.0,True
4,2,0.3881671130657196,accepted,167,0.555961012840271,1.0,True
4,2,0.3881671130657196,accepted,168,0.5603503584861755,1.0,True
4,2,0.3881671130657196,accepted,169,0.5554755330085754,1.0,True
4,2,0.3881671130657196,accepted,170,0.5521755218505859,1.0,True
4,2,0.3881671130657196,accepted,171,0.5488386154174805,1.0,True
4,2,0.3881671130657196,accepted,172,0.5642757415771484,1.0,True
4,2,0.3881671130657196,accepted,173,0.5582338571548462,1.0,True
4,2,0.3881671130657196,accepted,174,0.5584787726402283,1.0,True
4,2,0.3881671130657196,accepted,175,0.5589892864227295,1.0,True
4,2,0.3881671130657196,accepted,176,0.5649455785751343,1.0,True
4,2,0.3881671130657196,accepted,177,0.5628654360771179,1.0,True
4,2,0.3881671130657196,accepted,178,0.5568429231643677,1.0,True
4,2,0.3881671130657196,accepted,179,0.5626572370529175,1.0,True
4,2,0.3881671130657196,accepted,180,0.5672929883003235,1.0,True
4,2,0.3881671130657196,accepted,181,0.5685073137283325,1.0,True
4,2,0.3881671130657196,accepted,182,0.5584532022476196,1.0,True
4,2,0.3881671130657196,accepted,183,0.5623385906219482,1.0,True
4,2,0.3881671130657196,accepted,184,0.5654457807540894,1.0,True
4,2,0.3881671130657196,accepted,185,0.5652991533279419,1.0,True
4,2,0.3881671130657196,accepted,186,0.5722878575325012,1.0,True
4,2,0.3881671130657196,accepted,187,0.5776439309120178,1.0,True
4,2,0.3881671130657196,accepted,188,0.5675895810127258,1.0,True
4,2,0.3881671130657196,accepted,189,0.5567377805709839,1.0,True
4,2,0.3881671130657196,accepted,190,0.5682828426361084,1.0,True
4,2,0.3881671130657196,accepted,191,0.575690507888794,1.0,True
4,2,0.3881671130657196,accepted,192,0.568091094493866,1.0,True
4,2,0.3881671130657196,accepted,193,0.5677086710929871,1.0,True
4,2,0.3881671130657196,accepted,194,0.5662714242935181,1.0,True
4,2,0.3881671130657196,accepted,195,0.5730339288711548,1.0,True
4,2,0.3881671130657196,accepted,196,0.5755171179771423,1.0,True
4,2,0.3881671130657196,accepted,197,0.5699686408042908,1.0,True
4,2,0.3881671130657196,accepted,198,0.5590094923973083,1.0,True
4,2,0.3881671130657196,accepted,199,0.5630415678024292,1.0,True
4,2,0.3881671130657196,accepted,200,0.5673211812973022,1.0,True
4,2,0.3881671130657196,accepted,201,0.5672227144241333,1.0,True
4,2,0.3881671130657196,accepted,202,0.5683804154396057,1.0,True
4,2,0.3881671130657196,accepted,203,0.562084436416626,1.0,True
4,2,0.3881671130657196,accepted,204,0.5753228068351746,1.0,True
4,2,0.3881671130657196,accepted,205,0.5701307058334351,1.0,True
4,2,0.3881671130657196,accepted,206,0.5664809942245483,1.0,True
4,2,0.3881671130657196,accepted,207,0.5718339681625366,1.0,True
4,2,0.3881671130657196,accepted,208,0.569748044013977,1.0,True
4,2,0.3881671130657196,accepted,209,0.5677151679992676,1.0,True
4,2,0.3881671130657196,accepted,210,0.5735500454902649,1.0,True
4,2,0.3881671130657196,accepted,211,0.5698263049125671,1.0,True
4,2,0.3881671130657196,accepted,212,0.5644447207450867,1.0,True
4,2,0.3881671130657196,accepted,213,0.5698002576828003,1.0,True
4,2,0.3881671130657196,accepted,214,0.5599251389503479,1.0,True
4,2,0.3881671130657196,accepted,215,0.5736846327781677,1.0,True
4,2,0.3881671130657196,accepted,216,0.5760464072227478,1.0,True
4,2,0.3881671130657196,accepted,217,0.5759233236312866,1.0,True
4,2,0.3881671130657196,accepted,218,0.5723544359207153,1.0,True
4,2,0.3881671130657196,accepted,219,0.573233962059021,1.0,True
4,2,0.3881671130657196,accepted,220,0.5703525543212891,1.0,True
4,2,0.3881671130657196,accepted,221,0.571173369884491,1.0,True
4,2,0.3881671130657196,accepted,222,0.5557140111923218,1.0,True
4,2,0.3881671130657196,accepted,223,0.5754117369651794,1.0,True
4,2,0.3881671130657196,accepted,224,0.5627216100692749,1.0,True
4,2,0.3881671130657196,accepted,225,0.5669792890548706,1.0,True
4,2,0.3881671130657196,accepted,226,0.5706583261489868,1.0,True
4,2,0.3881671130657196,accepted,227,0.5608550310134888,1.0,True
4,2,0.3881671130657196,accepted,228,0.5715221166610718,1.0,True
4,2,0.3881671130657196,accepted,229,0.5632907748222351,1.0,True
4,2,0.3881671130657196,accepted,230,0.5645922422409058,1.0,True
4,2,0.3881671130657196,accepted,231,0.5793287754058838,1.0,True
4,2,0.3881671130657196,accepted,232,0.5688055157661438,1.0,True
4,2,0.3881671130657196,accepted,233,0.573884904384613,1.0,True
4,2,0.3881671130657196,accepted,234,0.5640056729316711,1.0,True
4,2,0.3881671130657196,accepted,235,0.5747842788696289,1.0,True
4,2,0.3881671130657196,accepted,236,0.5716333389282227,1.0,True
4,2,0.3881671130657196,accepted,237,0.5669165849685669,1.0,True
4,2,0.3881671130657196,accepted,238,0.5719408988952637,1.0,True
4,2,0.3881671130657196,accepted,239,0.5706246495246887,1.0,True
4,2,0.3881671130657196,accepted,240,0.5592398643493652,1.0,True
4,2,0.3881671130657196,accepted,241,0.5751856565475464,1.0,True
4,2,0.3881671130657196,accepted,242,0.5681604146957397,1.0,True
4,2,0.3881671130657196,accepted,243,0.5660759806632996,1.0,True
4,2,0.3881671130657196,accepted,244,0.5792161226272583,1.0,True
4,2,0.3881671130657196,accepted,245,0.5689813494682312,1.0,True
4,2,0.3881671130657196,accepted,246,0.5734264254570007,1.0,True
4,2,0.3881671130657196,accepted,247,0.573691189289093,1.0,True
4,2,0.3881671130657196,accepted,248,0.5886551141738892,1.0,True
4,2,0.3881671130657196,accepted,249,0.5841587781906128,1.0,True
4,2,0.3881671130657196,accepted,250,0.5774996280670166,1.0,True
4,2,0.3881671130657196,accepted,251,0.5740535259246826,1.0,True
4,2,0.3881671130657196,accepted,252,0.5755950212478638,1.0,True
4,2,0.3881671130657196,accepted,253,0.5744467377662659,1.0,True
4,2,0.3881671130657196,accepted,254,0.5717838406562805,1.0,True
4,2,0.3881671130657196,accepted,255,0.5755500197410583,1.0,True
4,2,0.3881671130657196,accepted,256,0.5758431553840637,1.0,True
4,2,0.3881671130657196,accepted,257,0.5754467844963074,1.0,True
4,2,0.3881671130657196,accepted,258,0.577771782875061,1.0,True
4,2,0.3881671130657196,accepted,259,0.5877205729484558,1.0,True
4,2,0.3881671130657196,accepted,260,0.5790294408798218,1.0,True
4,2,0.3881671130657196,accepted,261,0.5728317499160767,1.0,True
4,2,0.3881671130657196,accepted,262,0.5729694366455078,1.0,True
4,2,0.3881671130657196,accepted,263,0.5739582180976868,1.0,True
4,2,0.3881671130657196,accepted,264,0.5797367095947266,1.0,True
4,2,0.3881671130657196,accepted,265,0.5666571855545044,1.0,True
4,2,0.3881671130657196,accepted,266,0.5732864141464233,1.0,True
4,2,0.3881671130657196,accepted,267,0.5785304307937622,1.0,True
4,2,0.3881671130657196,accepted,268,0.5755105018615723,1.0,True
4,2,0.3881671130657196,accepted,269,0.5702242255210876,1.0,True
4,2,0.3881671130657196,accepted,270,0.5771868824958801,1.0,True
4,2,0.3881671130657196,accepted,271,0.5796990990638733,1.0,True
4,2,0.3881671130657196,accepted,272,0.5761738419532776,1.0,True
4,2,0.3881671130657196,accepted,273,0.5768358111381531,1.0,True
4,2,0.3881671130657196,accepted,274,0.5561752915382385,1.0,True
4,2,0.3881671130657196,accepted,275,0.5736846327781677,1.0,True
4,2,0.3881671130657196,accepted,276,0.566070556640625,1.0,True
4,2,0.3881671130657196,accepted,277,0.575697124004364,1.0,True
4,2,0.3881671130657196,accepted,278,0.5804480910301208,1.0,True
4,2,0.3881671130657196,accepted,279,0.5534777641296387,1.0,True
4,2,0.3881671130657196,accepted,280,0.5692625045776367,1.0,True
4,2,0.3881671130657196,accepted,281,0.5716246366500854,1.0,True
4,2,0.3881671130657196,accepted,282,0.5865413546562195,1.0,True
4,2,0.3881671130657196,accepted,283,0.5817615389823914,1.0,True
4,2,0.3881671130657196,accepted,284,0.5613248348236084,1.0,True
4,2,0.3881671130657196,accepted,285,0.5729213953018188,1.0,True
4,2,0.3881671130657196,accepted,286,0.5741772055625916,1.0,True
4,2,0.3881671130657196,accepted,287,0.5726209282875061,1.0,True
4,2,0.3881671130657196,accepted,288,0.5701350569725037,1.0,True
4,2,0.3881671130657196,accepted,289,0.5819768905639648,1.0,True
4,2,0.3881671130657196,accepted,290,0.5765542387962341,1.0,True
4,2,0.3881671130657196,accepted,291,0.5808103084564209,1.0,True
4,2,0.3881671130657196,accepted,292,0.5853477716445923,1.0,True
4,2,0.3881671130657196,accepted,293,0.5809653401374817,1.0,True
4,2,0.3881671130657196,accepted,294,0.5825321674346924,1.0,True
4,2,0.3881671130657196,accepted,295,0.5852628946304321,1.0,True
4,2,0.3881671130657196,accepted,296,0.5868344902992249,1.0,True
4,2,0.3881671130657196,accepted,297,0.5833916068077087,1.0,True
4,2,0.3881671130657196,accepted,298,0.560819685459137,1.0,True
4,2,0.3881671130657196,accepted,299,0.5749958753585815,1.0,True
4,2,0.3881671130657196,accepted,300,0.5737327337265015,1.0,True
4,2,0.3881671130657196,accepted,301,0.5736681818962097,1.0,True
4,2,0.3881671130657196,accepted,302,0.5748149156570435,1.0,True
4,2,0.3881671130657196,accepted,303,0.5638539791107178,1.0,True
4,2,0.3881671130657196,accepted,304,0.5800983905792236,1.0,True
4,2,0.3881671130657196,accepted,305,0.5754665732383728,1.0,True
4,2,0.3881671130657196,accepted,306,0.5702698826789856,1.0,True
4,2,0.3881671130657196,accepted,307,0.5749915242195129,1.0,True
4,2,0.3881671130657196,accepted,308,0.5822344422340393,1.0,True
4,2,0.3881671130657196,accepted,309,0.5666312575340271,1.0,True
4,2,0.3881671130657196,accepted,310,0.5740655660629272,1.0,True
4,2,0.3881671130657196,accepted,311,0.575148344039917,1.0,True
4,2,0.3881671130657196,accepted,312,0.5846536755561829,1.0,True
4,2,0.3881671130657196,accepted,313,0.5730853080749512,1.0,True
4,2,0.3881671130657196,accepted,314,0.5600265860557556,1.0,True
4,2,0.3881671130657196,accepted,315,0.577663779258728,1.0,True
4,2,0.3881671130657196,accepted,316,0.5739932656288147,1.0,True
4,2,0.3881671130657196,accepted,317,0.5647451877593994,1.0,True
4,2,0.3881671130657196,accepted,318,0.5639314651489258,1.0,True
4,2,0.3881671130657196,accepted,319,0.5836876630783081,1.0,True
4,2,0.3881671130657196,accepted,320,0.5692885518074036,1.0,True
4,2,0.3881671130657196,accepted,321,0.5719234347343445,1.0,True
4,2,0.3881671130657196,accepted,322,0.5787423849105835,1.0,True
4,2,0.3881671130657196,accepted,323,0.5718514323234558,1.0,True
4,2,0.3881671130657196,accepted,324,0.5769965052604675,1.0,True
4,2,0.3881671130657196,accepted,325,0.563555121421814,1.0,True
4,2,0.3881671130657196,accepted,326,0.5835674405097961,1.0,True
4,2,0.3881671130657196,accepted,327,0.5831279754638672,1.0,True
4,2,0.3881671130657196,accepted,328,0.5801061391830444,1.0,True
4,2,0.3881671130657196,accepted,329,0.5744959712028503,1.0,True
4,2,0.3881671130657196,accepted,330,0.5803319215774536,1.0,True
4,2,0.3881671130657196,accepted,331,0.576393723487854,1.0,True
4,2,0.3881671130657196,accepted,332,0.5799844264984131,1.0,True
4,2,0.3881671130657196,accepted,333,0.5755082964897156,1.0,True
4,2,0.3881671130657196,accepted,334,0.5647667646408081,1.0,True
4,2,0.3881671130657196,accepted,335,0.5805643796920776,1.0,True
4,2,0.3881671130657196,accepted,336,0.575824499130249,1.0,True
4,2,0.3881671130657196,accepted,337,0.5818147659301758,1.0,True
4,2,0.3881671130657196,accepted,338,0.5858883261680603,1.0,True
4,2,0.3881671130657196,accepted,339,0.5796570777893066,1.0,True
4,2,0.3881671130657196,accepted,340,0.5699697732925415,1.0,True
4,2,0.3881671130657196,accepted,341,0.5651223063468933,1.0,True
4,2,0.3881671130657196,accepted,342,0.5763189196586609,1.0,True
4,2,0.3881671130657196,accepted,343,0.5778786540031433,1.0,True
4,2,0.3881671130657196,accepted,344,0.5746110677719116,1.0,True
4,2,0.3881671130657196,accepted,345,0.5680325627326965,1.0,True
4,2,0.3881671130657196,accepted,346,0.5776076316833496,1.0,True
4,2,0.3881671130657196,accepted,347,0.5713608264923096,1.0,True
4,2,0.3881671130657196,accepted,348,0.5693081021308899,1.0,True
4,2,0.3881671130657196,accepted,349,0.5672649145126343,1.0,True
4,2,0.3881671130657196,accepted,350,0.5614222884178162,1.0,True
4,2,0.3881671130657196,accepted,351,0.5855063199996948,1.0,True
4,2,0.3881671130657196,accepted,352,0.5698240995407104,1.0,True
4,2,0.3881671130657196,accepted,353,0.5740808844566345,1.0,True
4,2,0.3881671130657196,accepted,354,0.5666376948356628,1.0,True
4,2,0.3881671130657196,accepted,355,0.5822288990020752,1.0,True
4,2,0.3881671130657196,accepted,356,0.5809786319732666,1.0,True
4,2,0.3881671130657196,accepted,357,0.5675657391548157,1.0,True
4,2,0.3881671130657196,accepted,358,0.5795465707778931,1.0,True
4,2,0.3881671130657196,accepted,359,0.5693960785865784,1.0,True
4,2,0.3881671130657196,accepted,360,0.5734089612960815,1.0,True
4,2,0.3881671130657196,accepted,361,0.5796228051185608,1.0,True
4,2,0.3881671130657196,accepted,362,0.5801016688346863,1.0,True
4,2,0.3881671130657196,accepted,363,0.5666787624359131,1.0,True
4,2,0.3881671130657196,accepted,364,0.5829077959060669,1.0,True
4,2,0.3881671130657196,accepted,365,0.5780319571495056,1.0,True
4,2,0.3881671130657196,accepted,366,0.5908666253089905,1.0,False
4,2,0.3881671130657196,accepted,367,0.5862237215042114,1.0,True
4,2,0.3881671130657196,accepted,368,0.5840451717376709,1.0,True
4,2,0.3881671130657196,accepted,369,0.5712060928344727,1.0,True
4,2,0.3881671130657196,accepted,370,0.5811693072319031,1.0,True
4,2,0.3881671130657196,accepted,371,0.5880939960479736,1.0,True
4,2,0.3881671130657196,accepted,372,0.5744072794914246,1.0,True
4,2,0.3881671130657196,accepted,373,0.5722661018371582,1.0,True
4,2,0.3881671130657196,accepted,374,0.5811493396759033,1.0,True
4,2,0.3881671130657196,accepted,375,0.5706137418746948,1.0,True
4,2,0.3881671130657196,accepted,376,0.5726701021194458,1.0,True
4,2,0.3881671130657196,accepted,377,0.5712627172470093,1.0,True
4,2,0.3881671130657196,accepted,378,0.5822833180427551,1.0,True
4,2,0.3881671130657196,accepted,379,0.5838914513587952,1.0,True
4,2,0.3881671130657196,accepted,380,0.5732197165489197,1.0,True
4,2,0.3881671130657196,accepted,381,0.5780296921730042,1.0,True
4,2,0.3881671130657196,accepted,382,0.5836776494979858,1.0,True
4,2,0.3881671130657196,accepted,383,0.5912454128265381,1.0,True
4,2,0.3881671130657196,accepted,384,0.5804968476295471,1.0,True
4,2,0.3881671130657196,accepted,385,0.5731552243232727,1.0,True
4,2,0.3881671130657196,accepted,386,0.581733763217926,1.0,True
4,2,0.3881671130657196,accepted,387,0.5850352048873901,1.0,True
4,2,0.3881671130657196,accepted,388,0.5763266682624817,1.0,True
4,2,0.3881671130657196,accepted,389,0.5765476822853088,1.0,True
4,2,0.3881671130657196,accepted,390,0.5806552171707153,1.0,True
4,2,0.3881671130657196,accepted,391,0.563204824924469,1.0,True
4,2,0.3881671130657196,accepted,392,0.5868300199508667,1.0,True
4,2,0.3881671130657196,accepted,393,0.568183183670044,1.0,True
4,2,0.3881671130657196,accepted,394,0.5875647068023682,1.0,True
4,2,0.3881671130657196,accepted,395,0.5858861207962036,1.0,True
4,2,0.3881671130657196,accepted,396,0.5772254467010498,1.0,True
4,2,0.3881671130657196,accepted,397,0.586997926235199,1.0,True
4,2,0.3881671130657196,accepted,398,0.5813400149345398,1.0,True
4,2,0.3881671130657196,accepted,399,0.5814675688743591,1.0,True
4,2,0.3881671130657196,accepted,400,0.5822699666023254,1.0,True
4,2,0.3881671130657196,accepted,401,0.5755631923675537,1.0,True
4,2,0.3881671130657196,accepted,402,0.5762442350387573,1.0,True
4,2,0.3881671130657196,accepted,403,0.5853667259216309,1.0,True
4,2,0.3881671130657196,accepted,404,0.5780583620071411,1.0,True
4,2,0.3881671130657196,accepted,405,0.5759101510047913,1.0,True
4,2,0.3881671130657196,accepted,406,0.5729738473892212,1.0,True
4,2,0.3881671130657196,accepted,407,0.5828410983085632,1.0,True
4,2,0.3881671130657196,accepted,408,0.58229660987854,1.0,True
4,2,0.3881671130657196,accepted,409,0.5770009160041809,1.0,True
4,2,0.3881671130657196,accepted,410,0.5842902660369873,1.0,True
4,2,0.3881671130657196,accepted,411,0.5950966477394104,1.0,True
4,2,0.3881671130657196,accepted,412,0.5769480466842651,1.0,True
4,2,0.3881671130657196,accepted,413,0.575433611869812,1.0,True
4,2,0.3881671130657196,accepted,414,0.5689314007759094,1.0,True
4,2,0.3881671130657196,accepted,415,0.5850574970245361,1.0,True
4,2,0.3881671130657196,accepted,416,0.5799158215522766,1.0,True
4,2,0.3881671130657196,accepted,417,0.5677195191383362,1.0,True
4,2,0.3881671130657196,accepted,418,0.5859777927398682,1.0,True
4,2,0.3881671130657196,accepted,419,0.5788218379020691,1.0,True
4,2,0.3881671130657196,accepted,420,0.5791277289390564,1.0,True
4,2,0.3881671130657196,accepted,421,0.5724232792854309,1.0,True
4,2,0.3881671130657196,accepted,422,0.5706790089607239,1.0,True
4,2,0.3881671130657196,accepted,423,0.5738268494606018,1.0,True
4,2,0.3881671130657196,accepted,424,0.5653368830680847,1.0,True
4,2,0.3881671130657196,accepted,425,0.5853655934333801,1.0,True
4,2,0.3881671130657196,accepted,426,0.5867494344711304,1.0,True
4,2,0.3881671130657196,accepted,427,0.5672941207885742,1.0,True
4,2,0.3881671130657196,accepted,428,0.5774137377738953,1.0,True
4,2,0.3881671130657196,accepted,429,0.5706267952919006,1.0,True
4,2,0.3881671130657196,accepted,430,0.5786982178688049,1.0,True
4,2,0.3881671130657196,accepted,431,0.5838524699211121,1.0,True
4,2,0.3881671130657196,accepted,432,0.5755280256271362,1.0,True
4,2,0.3881671130657196,accepted,433,0.5843126177787781,1.0,True
4,2,0.3881671130657196,accepted,434,0.5592921376228333,1.0,True
4,2,0.3881671130657196,accepted,435,0.5768820643424988,1.0,True
4,2,0.3881671130657196,accepted,436,0.56711345911026,1.0,True
4,2,0.3881671130657196,accepted,437,0.5635583400726318,1.0,True
4,2,0.3881671130657196,accepted,438,0.5854906439781189,1.0,True
4,2,0.3881671130657196,accepted,439,0.5747294425964355,1.0,True
4,2,0.3881671130657196,accepted,440,0.5762002468109131,1.0,True
4,2,0.3881671130657196,accepted,441,0.5730787515640259,1.0,True
4,2,0.3881671130657196,accepted,442,0.5657737851142883,1.0,True
4,2,0.3881671130657196,accepted,443,0.5752492547035217,1.0,True
4,2,0.3881671130657196,accepted,444,0.5803850293159485,1.0,True
4,2,0.3881671130657196,accepted,445,0.5803783535957336,1.0,True
4,2,0.3881671130657196,accepted,446,0.5779404044151306,1.0,True
4,2,0.3881671130657196,accepted,447,0.5911596417427063,1.0,True
4,2,0.3881671130657196,accepted,448,0.5786838531494141,1.0,True
4,2,0.3881671130657196,accepted,449,0.5796725749969482,1.0,True
4,2,0.3881671130657196,accepted,450,0.5689336061477661,1.0,True
4,2,0.3881671130657196,accepted,451,0.5798439383506775,1.0,True
4,2,0.3881671130657196,accepted,452,0.5844306945800781,1.0,True
4,2,0.3881671130657196,accepted,453,0.5866286158561707,1.0,True
4,2,0.3881671130657196,accepted,454,0.5704744458198547,1.0,True
4,2,0.3881671130657196,accepted,455,0.560914933681488,1.0,True
4,2,0.3881671130657196,accepted,456,0.5849481821060181,1.0,True
4,2,0.3881671130657196,accepted,457,0.573314905166626,1.0,True
4,2,0.3881671130657196,accepted,458,0.5756158828735352,1.0,True
4,2,0.3881671130657196,accepted,459,0.5728317499160767,1.0,True
4,2,0.3881671130657196,accepted,460,0.5726951956748962,1.0,True
4,2,0.3881671130657196,accepted,461,0.5719910860061646,1.0,True
4,2,0.3881671130657196,accepted,462,0.5880075693130493,1.0,True
4,2,0.3881671130657196,accepted,463,0.5857698917388916,1.0,True
4,2,0.3881671130657196,accepted,464,0.5824321508407593,1.0,True
4,2,0.3881671130657196,accepted,465,0.573692262172699,1.0,True
4,2,0.3881671130657196,accepted,466,0.5975351333618164,1.0,True
4,2,0.3881671130657196,accepted,467,0.590196430683136,1.0,True
4,2,0.3881671130657196,accepted,468,0.5921109318733215,1.0,True
4,2,0.3881671130657196,accepted,469,0.5705418586730957,1.0,True
4,2,0.3881671130657196,accepted,470,0.5924487709999084,1.0,True
4,2,0.3881671130657196,accepted,471,0.575417160987854,1.0,True
4,2,0.3881671130657196,accepted,472,0.5890436768531799,1.0,True
4,2,0.3881671130657196,accepted,473,0.5926386117935181,1.0,True
4,2,0.3881671130657196,accepted,474,0.5799756050109863,1.0,True
4,2,0.3881671130657196,accepted,475,0.5702807903289795,1.0,True
4,2,0.3881671130657196,accepted,476,0.5613515973091125,1.0,True
4,2,0.3881671130657196,accepted,477,0.5856046080589294,1.0,True
4,2,0.3881671130657196,accepted,478,0.5930977463722229,1.0,True
4,2,0.3881671130657196,accepted,479,0.585220456123352,1.0,True
4,2,0.3881671130657196,accepted,480,0.575800359249115,1.0,True
4,2,0.3881671130657196,accepted,481,0.5844641923904419,1.0,True
4,2,0.3881671130657196,accepted,482,0.5745968222618103,1.0,True
4,2,0.3881671130657196,accepted,483,0.5756202340126038,1.0,True
4,2,0.3881671130657196,accepted,484,0.5858291387557983,1.0,True
4,2,0.3881671130657196,accepted,485,0.5749838352203369,1.0,True
4,2,0.3881671130657196,accepted,486,0.5803407430648804,1.0,True
4,2,0.3881671130657196,accepted,487,0.5619108080863953,1.0,True
4,2,0.3881671130657196,accepted,488,0.574882984161377,1.0,True
4,2,0.3881671130657196,accepted,489,0.5841933488845825,1.0,True
4,2,0.3881671130657196,accepted,490,0.5836242437362671,1.0,True
4,2,0.3881671130657196,accepted,491,0.5530904531478882,1.0,True
4,2,0.3881671130657196,accepted,492,0.5655450224876404,1.0,True
4,2,0.3881671130657196,accepted,493,0.5760155916213989,1.0,True
4,2,0.3881671130657196,accepted,494,0.5751680731773376,1.0,True
4,2,0.3881671130657196,accepted,495,0.5727716684341431,1.0,True
4,2,0.3881671130657196,accepted,496,0.5743743777275085,1.0,True
4,2,0.3881671130657196,accepted,497,0.5700415372848511,1.0,True
4,2,0.3881671130657196,accepted,498,0.5821367502212524,1.0,True
4,2,0.3881671130657196,accepted,499,0.580316424369812,1.0,True
4,2,0.3881671130657196,accepted,500,0.5743130445480347,1.0,True
5,1,0.48613134026527405,accepted,1,0.33032527565956116,1.0,True
5,1,0.48613134026527405,accepted,2,0.3325847387313843,1.0,True
5,1,0.48613134026527405,accepted,3,0.34207433462142944,1.0,True
5,1,0.48613134026527405,accepted,4,0.3400096893310547,1.0,True
5,1,0.48613134026527405,accepted,5,0.33645573258399963,1.0,True
5,1,0.48613134026527405,accepted,6,0.34527844190597534,1.0,True
5,1,0.48613134026527405,accepted,7,0.35001277923583984,1.0,True
5,1,0.48613134026527405,accepted,8,0.34579119086265564,1.0,True
5,1,0.48613134026527405,accepted,9,0.35603973269462585,1.0,True
5,1,0.48613134026527405,accepted,10,0.35085493326187134,1.0,True
5,1,0.48613134026527405,accepted,11,0.35418862104415894,1.0,True
5,1,0.48613134026527405,accepted,12,0.34828463196754456,1.0,True
5,1,0.48613134026527405,accepted,13,0.3503868281841278,1.0,True
5,1,0.48613134026527405,accepted,14,0.334282785654068,1.0,True
5,1,0.48613134026527405,accepted,15,0.35702306032180786,1.0,True
5,1,0.48613134026527405,accepted,16,0.354254812002182,1.0,True
5,1,0.48613134026527405,accepted,17,0.36574485898017883,1.0,True
5,1,0.48613134026527405,accepted,18,0.36734867095947266,1.0,True
5,1,0.48613134026527405,accepted,19,0.3550760746002197,1.0,True
5,1,0.48613134026527405,accepted,20,0.3646644651889801,1.0,True
5,1,0.48613134026527405,accepted,21,0.36060577630996704,1.0,True
5,1,0.48613134026527405,accepted,22,0.3700476586818695,1.0,True
5,1,0.48613134026527405,accepted,23,0.38221901655197144,1.0,True
5,1,0.48613134026527405,accepted,24,0.3706473708152771,1.0,True
5,1,0.48613134026527405,accepted,25,0.3823859989643097,1.0,True
5,1,0.48613134026527405,accepted,26,0.3872382342815399,1.0,True
5,1,0.48613134026527405,accepted,27,0.38853514194488525,1.0,True
5,1,0.48613134026527405,accepted,28,0.3973418176174164,1.0,True
5,1,0.48613134026527405,accepted,29,0.4026755690574646,1.0,True
5,1,0.48613134026527405,accepted,30,0.40888652205467224,1.0,True
5,1,0.48613134026527405,accepted,31,0.41325050592422485,1.0,True
5,1,0.48613134026527405,accepted,32,0.41282665729522705,1.0,True
5,1,0.48613134026527405,accepted,33,0.41913264989852905,1.0,True
5,1,0.48613134026527405,accepted,34,0.4241589903831482,1.0,True
5,1,0.48613134026527405,accepted,35,0.42362213134765625,1.0,True
5,1,0.48613134026527405,accepted,36,0.4370577037334442,1.0,True
5,1,0.48613134026527405,accepted,37,0.4347977638244629,1.0,True
5,1,0.48613134026527405,accepted,38,0.43572092056274414,1.0,True
5,1,0.48613134026527405,accepted,39,0.44456061720848083,1.0,True
5,1,0.48613134026527405,accepted,40,0.44683122634887695,1.0,True
5,1,0.48613134026527405,accepted,41,0.44866302609443665,1.0,True
5,1,0.48613134026527405,accepted,42,0.4507533609867096,1.0,True
5,1,0.48613134026527405,accepted,43,0.44408854842185974,1.0,True
5,1,0.48613134026527405,accepted,44,0.4548722207546234,1.0,True
5,1,0.48613134026527405,accepted,45,0.44819948077201843,1.0,True
5,1,0.48613134026527405,accepted,46,0.45408594608306885,1.0,True
5,1,0.48613134026527405,accepted,47,0.4548132121562958,1.0,True
5,1,0.48613134026527405,accepted,48,0.4516414999961853,1.0,True
5,1,0.48613134026527405,accepted,49,0.45693132281303406,1.0,True
5,1,0.48613134026527405,accepted,50,0.46263590455055237,1.0,True
5,1,0.48613134026527405,accepted,51,0.46278154850006104,1.0,True
5,1,0.48613134026527405,accepted,52,0.4603596031665802,1.0,True
5,1,0.48613134026527405,accepted,53,0.4685305655002594,1.0,True
5,1,0.48613134026527405,accepted,54,0.4685851037502289,1.0,True
5,1,0.48613134026527405,accepted,55,0.4737597107887268,1.0,True
5,1,0.48613134026527405,accepted,56,0.463219553232193,1.0,True
5,1,0.48613134026527405,accepted,57,0.4675244987010956,1.0,True
5,1,0.48613134026527405,accepted,58,0.46776536107063293,1.0,True
5,1,0.48613134026527405,accepted,59,0.4727027714252472,1.0,True
5,1,0.48613134026527405,accepted,60,0.47764942049980164,1.0,True
5,1,0.48613134026527405,accepted,61,0.48791074752807617,1.0,True
5,1,0.48613134026527405,accepted,62,0.48486509919166565,1.0,True
5,1,0.48613134026527405,accepted,63,0.47823193669319153,1.0,True
5,1,0.48613134026527405,accepted,64,0.488869309425354,1.0,True
5,1,0.48613134026527405,accepted,65,0.4799700081348419,1.0,True
5,1,0.48613134026527405,accepted,66,0.486533522605896,1.0,True
5,1,0.48613134026527405,accepted,67,0.48974937200546265,1.0,True
5,1,0.48613134026527405,accepted,68,0.48167216777801514,1.0,True
5,1,0.48613134026527405,accepted,69,0.48479852080345154,1.0,True
5,1,0.48613134026527405,accepted,70,0.49161091446876526,1.0,True
5,1,0.48613134026527405,accepted,71,0.4877144396305084,1.0,True
5,1,0.48613134026527405,accepted,72,0.4864398241043091,1.0,True
5,1,0.48613134026527405,accepted,73,0.4917083978652954,1.0,True
5,1,0.48613134026527405,accepted,74,0.4949461817741394,1.0,True
5,1,0.48613134026527405,accepted,75,0.4903634786605835,1.0,True
5,1,0.48613134026527405,accepted,76,0.487504243850708,1.0,True
5,1,0.48613134026527405,accepted,77,0.4917290508747101,1.0,True
5,1,0.48613134026527405,accepted,78,0.49622514843940735,1.0,True
5,1,0.48613134026527405,accepted,79,0.4960263967514038,1.0,True
5,1,0.48613134026527405,accepted,80,0.495788037776947,1.0,True
5,1,0.48613134026527405,accepted,81,0.5010470747947693,1.0,True
5,1,0.48613134026527405,accepted,82,0.49983862042427063,1.0,True
5,1,0.48613134026527405,accepted,83,0.4988462030887604,1.0,True
5,1,0.48613134026527405,accepted,84,0.49993395805358887,1.0,True
5,1,0.48613134026527405,accepted,85,0.4879758954048157,1.0,True
5,1,0.48613134026527405,accepted,86,0.4978908896446228,1.0,True
5,1,0.48613134026527405,accepted,87,0.4997718930244446,1.0,True
5,1,0.48613134026527405,accepted,88,0.5003164410591125,1.0,True
5,1,0.48613134026527405,accepted,89,0.5012315511703491,1.0,True
5,1,0.48613134026527405,accepted,90,0.49588829278945923,1.0,True
5,1,0.48613134026527405,accepted,91,0.5014629364013672,1.0,True
5,1,0.48613134026527405,accepted,92,0.5065144300460815,1.0,True
5,1,0.48613134026527405,accepted,93,0.49650728702545166,1.0,True
5,1,0.48613134026527405,accepted,94,0.5023838877677917,1.0,True
5,1,0.48613134026527405,accepted,95,0.516002357006073,1.0,True
5,1,0.48613134026527405,accepted,96,0.5035014748573303,1.0,True
5,1,0.48613134026527405,accepted,97,0.4982452392578125,1.0,True
5,1,0.48613134026527405,accepted,98,0.5072569251060486,1.0,True
5,1,0.48613134026527405,accepted,99,0.5106584429740906,1.0,True
5,1,0.48613134026527405,accepted,100,0.5100880265235901,1.0,True
5,1,0.48613134026527405,accepted,101,0.4899166226387024,1.0,True
5,1,0.48613134026527405,accepted,102,0.501238226890564,1.0,True
5,1,0.48613134026527405,accepted,103,0.49744853377342224,1.0,True
5,1,0.48613134026527405,accepted,104,0.5056225061416626,1.0,True
5,1,0.48613134026527405,accepted,105,0.5030771493911743,1.0,True
5,1,0.48613134026527405,accepted,106,0.5006840229034424,1.0,True
5,1,0.48613134026527405,accepted,107,0.5096017718315125,1.0,True
5,1,0.48613134026527405,accepted,108,0.5070450305938721,1.0,True
5,1,0.48613134026527405,accepted,109,0.5087995529174805,1.0,True
5,1,0.48613134026527405,accepted,110,0.5137200951576233,1.0,True
5,1,0.48613134026527405,accepted,111,0.5038204193115234,1.0,True
5,1,0.48613134026527405,accepted,112,0.5050210952758789,1.0,True
5,1,0.48613134026527405,accepted,113,0.5104967951774597,1.0,True
5,1,0.48613134026527405,accepted,114,0.5016418695449829,1.0,True
5,1,0.48613134026527405,accepted,115,0.5069493055343628,1.0,True
5,1,0.48613134026527405,accepted,116,0.5100140571594238,1.0,True
5,1,0.48613134026527405,accepted,117,0.5087394118309021,1.0,True
5,1,0.48613134026527405,accepted,118,0.5058019757270813,1.0,True
5,1,0.48613134026527405,accepted,119,0.5208435654640198,1.0,True
5,1,0.48613134026527405,accepted,120,0.5057903528213501,1.0,True
5,1,0.48613134026527405,accepted,121,0.5132030248641968,1.0,True
5,1,0.48613134026527405,accepted,122,0.5031088590621948,1.0,True
5,1,0.48613134026527405,accepted,123,0.5115533471107483,1.0,True
5,1,0.48613134026527405,accepted,124,0.5132275223731995,1.0,True
5,1,0.48613134026527405,accepted,125,0.5189811587333679,1.0,True
5,1,0.48613134026527405,accepted,126,0.5227504372596741,1.0,True
5,1,0.48613134026527405,accepted,127,0.5183144211769104,1.0,True
5,1,0.48613134026527405,accepted,128,0.5125222206115723,1.0,True
5,1,0.48613134026527405,accepted,129,0.5213295221328735,1.0,True
5,1,0.48613134026527405,accepted,130,0.5188644528388977,1.0,True
5,1,0.48613134026527405,accepted,131,0.5127460956573486,1.0,True
5,1,0.48613134026527405,accepted,132,0.5114626884460449,1.0,True
5,1,0.48613134026527405,accepted,133,0.5162937045097351,1.0,True
5,1,0.48613134026527405,accepted,134,0.5171393752098083,1.0,True
5,1,0.48613134026527405,accepted,135,0.5097612142562866,1.0,True
5,1,0.48613134026527405,accepted,136,0.5142161846160889,1.0,True
5,1,0.48613134026527405,accepted,137,0.5184390544891357,1.0,True
5,1,0.48613134026527405,accepted,138,0.5111573934555054,1.0,True
5,1,0.48613134026527405,accepted,139,0.5114099979400635,1.0,True
5,1,0.48613134026527405,accepted,140,0.5178025960922241,1.0,True
5,1,0.48613134026527405,accepted,141,0.5170496106147766,1.0,True
5,1,0.48613134026527405,accepted,142,0.5148854851722717,1.0,True
5,1,0.48613134026527405,accepted,143,0.5171215534210205,1.0,True
5,1,0.48613134026527405,accepted,144,0.5218518376350403,1.0,True
5,1,0.48613134026527405,accepted,145,0.5135555863380432,1.0,True
5,1,0.48613134026527405,accepted,146,0.5081885457038879,1.0,True
5,1,0.48613134026527405,accepted,147,0.516086995601654,1.0,True
5,1,0.48613134026527405,accepted,148,0.5191752910614014,1.0,True
5,1,0.48613134026527405,accepted,149,0.5133684873580933,1.0,True
5,1,0.48613134026527405,accepted,150,0.5178381204605103,1.0,True
5,1,0.48613134026527405,accepted,151,0.5176554918289185,1.0,True
5,1,0.48613134026527405,accepted,152,0.5149837136268616,1.0,True
5,1,0.48613134026527405,accepted,153,0.5158311128616333,1.0,True
5,1,0.48613134026527405,accepted,154,0.5219115614891052,1.0,True
5,1,0.48613134026527405,accepted,155,0.5295544266700745,1.0,True
5,1,0.48613134026527405,accepted,156,0.5219882130622864,1.0,True
5,1,0.48613134026527405,accepted,157,0.5164631605148315,1.0,True
5,1,0.48613134026527405,accepted,158,0.5213802456855774,1.0,True
5,1,0.48613134026527405,accepted,159,0.5188366770744324,1.0,True
5,1,0.48613134026527405,accepted,160,0.5226288437843323,1.0,True
5,1,0.48613134026527405,accepted,161,0.5201466083526611,1.0,True
5,1,0.48613134026527405,accepted,162,0.5276247262954712,1.0,True
5,1,0.48613134026527405,accepted,163,0.5226168632507324,1.0,True
5,1,0.48613134026527405,accepted,164,0.5153571367263794,1.0,True
5,1,0.48613134026527405,accepted,165,0.5132930874824524,1.0,True
5,1,0.48613134026527405,accepted,166,0.5216498374938965,1.0,True
5,1,0.48613134026527405,accepted,167,0.5205733776092529,1.0,True
5,1,0.48613134026527405,accepted,168,0.5168641805648804,1.0,True
5,1,0.48613134026527405,accepted,169,0.5278139710426331,1.0,True
5,1,0.48613134026527405,accepted,170,0.5207322835922241,1.0,True
5,1,0.48613134026527405,accepted,171,0.52202308177948,1.0,True
5,1,0.48613134026527405,accepted,172,0.5043722987174988,1.0,True
5,1,0.48613134026527405,accepted,173,0.519521951675415,1.0,True
5,1,0.48613134026527405,accepted,174,0.5195506811141968,1.0,True
5,1,0.48613134026527405,accepted,175,0.5319110751152039,1.0,True
5,1,0.48613134026527405,accepted,176,0.5202974677085876,1.0,True
5,1,0.48613134026527405,accepted,177,0.5149297118186951,1.0,True
5,1,0.48613134026527405,accepted,178,0.5220668911933899,1.0,True
5,1,0.48613134026527405,accepted,179,0.5003288984298706,1.0,True
5,1,0.48613134026527405,accepted,180,0.5322652459144592,1.0,True
5,1,0.48613134026527405,accepted,181,0.5250146389007568,1.0,True
5,1,0.48613134026527405,accepted,182,0.520924985408783,1.0,True
5,1,0.48613134026527405,accepted,183,0.5165478587150574,1.0,True
5,1,0.48613134026527405,accepted,184,0.5204364061355591,1.0,True
5,1,0.48613134026527405,accepted,185,0.5247544050216675,1.0,True
5,1,0.48613134026527405,accepted,186,0.5237864255905151,1.0,True
5,1,0.48613134026527405,accepted,187,0.5233150720596313,1.0,True
5,1,0.48613134026527405,accepted,188,0.5281654596328735,1.0,True
5,1,0.48613134026527405,accepted,189,0.519199013710022,1.0,True
5,1,0.48613134026527405,accepted,190,0.5200057625770569,1.0,True
5,1,0.48613134026527405,accepted,191,0.5286693572998047,1.0,True
5,1,0.48613134026527405,accepted,192,0.5233310461044312,1.0,True
5,1,0.48613134026527405,accepted,193,0.5251188278198242,1.0,True
5,1,0.48613134026527405,accepted,194,0.5307891964912415,1.0,True
5,1,0.48613134026527405,accepted,195,0.5228062272071838,1.0,True
5,1,0.48613134026527405,accepted,196,0.5257201194763184,1.0,True
5,1,0.48613134026527405,accepted,197,0.5197707414627075,1.0,True
5,1,0.48613134026527405,accepted,198,0.5252640843391418,1.0,True
5,1,0.48613134026527405,accepted,199,0.5218767523765564,1.0,True
5,1,0.48613134026527405,accepted,200,0.5251559019088745,1.0,True
5,1,0.48613134026527405,accepted,201,0.5315662622451782,1.0,True
5,1,0.48613134026527405,accepted,202,0.5260671377182007,1.0,True
5,1,0.48613134026527405,accepted,203,0.5303874015808105,1.0,True
5,1,0.48613134026527405,accepted,204,0.5262216925621033,1.0,True
5,1,0.48613134026527405,accepted,205,0.5255276560783386,1.0,True
5,1,0.48613134026527405,accepted,206,0.5161352157592773,1.0,True
5,1,0.48613134026527405,accepted,207,0.5237205028533936,1.0,True
5,1,0.48613134026527405,accepted,208,0.5179132223129272,1.0,True
5,1,0.48613134026527405,accepted,209,0.5234378576278687,1.0,True
5,1,0.48613134026527405,accepted,210,0.5234128832817078,1.0,True
5,1,0.48613134026527405,accepted,211,0.5235716700553894,1.0,True
5,1,0.48613134026527405,accepted,212,0.5209538340568542,1.0,True
5,1,0.48613134026527405,accepted,213,0.5240942239761353,1.0,True
5,1,0.48613134026527405,accepted,214,0.5269086956977844,1.0,True
5,1,0.48613134026527405,accepted,215,0.5298798084259033,1.0,True
5,1,0.48613134026527405,accepted,216,0.5313453078269958,1.0,True
5,1,0.48613134026527405,accepted,217,0.531424343585968,1.0,True
5,1,0.48613134026527405,accepted,218,0.5311324596405029,1.0,True
5,1,0.48613134026527405,accepted,219,0.5238294005393982,1.0,True
5,1,0.48613134026527405,accepted,220,0.5279237031936646,1.0,True
5,1,0.48613134026527405,accepted,221,0.5291122198104858,1.0,True
5,1,0.48613134026527405,accepted,222,0.52912837266922,1.0,True
5,1,0.48613134026527405,accepted,223,0.5233230590820312,1.0,True
5,1,0.48613134026527405,accepted,224,0.5129906535148621,1.0,True
5,1,0.48613134026527405,accepted,225,0.527775764465332,1.0,True
5,1,0.48613134026527405,accepted,226,0.5286099314689636,1.0,True
5,1,0.48613134026527405,accepted,227,0.5318664312362671,1.0,True
5,1,0.48613134026527405,accepted,228,0.5207322835922241,1.0,True
5,1,0.48613134026527405,accepted,229,0.5262578725814819,1.0,True
5,1,0.48613134026527405,accepted,230,0.5285574197769165,1.0,True
5,1,0.48613134026527405,accepted,231,0.524020254611969,1.0,True
5,1,0.48613134026527405,accepted,232,0.523250162601471,1.0,True
5,1,0.48613134026527405,accepted,233,0.5243381857872009,1.0,True
5,1,0.48613134026527405,accepted,234,0.5239992737770081,1.0,True
5,1,0.48613134026527405,accepted,235,0.5250997543334961,1.0,True
5,1,0.48613134026527405,accepted,236,0.5251288414001465,1.0,True
5,1,0.48613134026527405,accepted,237,0.5261173844337463,1.0,True
5,1,0.48613134026527405,accepted,238,0.5275784134864807,1.0,True
5,1,0.48613134026527405,accepted,239,0.5143221020698547,1.0,True
5,1,0.48613134026527405,accepted,240,0.5231753587722778,1.0,True
5,1,0.48613134026527405,accepted,241,0.5265008211135864,1.0,True
5,1,0.48613134026527405,accepted,242,0.5280778408050537,1.0,True
5,1,0.48613134026527405,accepted,243,0.5286804437637329,1.0,True
5,1,0.48613134026527405,accepted,244,0.5280073285102844,1.0,True
5,1,0.48613134026527405,accepted,245,0.5298717021942139,1.0,True
5,1,0.48613134026527405,accepted,246,0.53266441822052,1.0,True
5,1,0.48613134026527405,accepted,247,0.5260230302810669,1.0,True
5,1,0.48613134026527405,accepted,248,0.5356014966964722,1.0,True
5,1,0.48613134026527405,accepted,249,0.5322033762931824,1.0,True
5,1,0.48613134026527405,accepted,250,0.5331807732582092,1.0,True
5,1,0.48613134026527405,accepted,251,0.5202775597572327,1.0,True
5,1,0.48613134026527405,accepted,252,0.5267016887664795,1.0,True
5,1,0.48613134026527405,accepted,253,0.5031884908676147,1.0,True
5,1,0.48613134026527405,accepted,254,0.5105785727500916,1.0,True
5,1,0.48613134026527405,accepted,255,0.5165025591850281,1.0,True
5,1,0.48613134026527405,accepted,256,0.5181741118431091,1.0,True
5,1,0.48613134026527405,accepted,257,0.5066109895706177,1.0,True
5,1,0.48613134026527405,accepted,258,0.5156894326210022,1.0,True
5,1,0.48613134026527405,accepted,259,0.5151969194412231,1.0,True
5,1,0.48613134026527405,accepted,260,0.4554104208946228,1.0,True
5,1,0.48613134026527405,accepted,261,0.5054007768630981,1.0,True
5,1,0.48613134026527405,accepted,262,0.5131853818893433,1.0,True
5,1,0.48613134026527405,accepted,263,0.5170288681983948,1.0,True
5,1,0.48613134026527405,accepted,264,0.5197083353996277,1.0,True
5,1,0.48613134026527405,accepted,265,0.5172892808914185,1.0,True
5,1,0.48613134026527405,accepted,266,0.5182906985282898,1.0,True
5,1,0.48613134026527405,accepted,267,0.5212877988815308,1.0,True
5,1,0.48613134026527405,accepted,268,0.5124087929725647,1.0,True
5,1,0.48613134026527405,accepted,269,0.518342137336731,1.0,True
5,1,0.48613134026527405,accepted,270,0.5187545418739319,1.0,True
5,1,0.48613134026527405,accepted,271,0.517458975315094,1.0,True
5,1,0.48613134026527405,accepted,272,0.5196448564529419,1.0,True
5,1,0.48613134026527405,accepted,273,0.5222700834274292,1.0,True
5,1,0.48613134026527405,accepted,274,0.5168336629867554,1.0,True
5,1,0.48613134026527405,accepted,275,0.516915500164032,1.0,True
5,1,0.48613134026527405,accepted,276,0.5167754888534546,1.0,True
5,1,0.48613134026527405,accepted,277,0.5244662165641785,1.0,True
5,1,0.48613134026527405,accepted,278,0.5241601467132568,1.0,True
5,1,0.48613134026527405,accepted,279,0.51937335729599,1.0,True
5,1,0.48613134026527405,accepted,280,0.5202021598815918,1.0,True
5,1,0.48613134026527405,accepted,281,0.5261334180831909,1.0,True
5,1,0.48613134026527405,accepted,282,0.5307091474533081,1.0,True
5,1,0.48613134026527405,accepted,283,0.5101755857467651,1.0,True
5,1,0.48613134026527405,accepted,284,0.5275875329971313,1.0,True
5,1,0.48613134026527405,accepted,285,0.5228880643844604,1.0,True
5,1,0.48613134026527405,accepted,286,0.5264526009559631,1.0,True
5,1,0.48613134026527405,accepted,287,0.5238433480262756,1.0,True
5,1,0.48613134026527405,accepted,288,0.5270956754684448,1.0,True
5,1,0.48613134026527405,accepted,289,0.5329164266586304,1.0,True
5,1,0.48613134026527405,accepted,290,0.529088020324707,1.0,True
5,1,0.48613134026527405,accepted,291,0.5269709825515747,1.0,True
5,1,0.48613134026527405,accepted,292,0.5225729942321777,1.0,True
5,1,0.48613134026527405,accepted,293,0.5359601974487305,1.0,True
5,1,0.48613134026527405,accepted,294,0.5288418531417847,1.0,True
5,1,0.48613134026527405,accepted,295,0.5317670106887817,1.0,True
5,1,0.48613134026527405,accepted,296,0.5383135080337524,1.0,True
5,1,0.48613134026527405,accepted,297,0.5220788717269897,1.0,True
5,1,0.48613134026527405,accepted,298,0.5262337327003479,1.0,True
5,1,0.48613134026527405,accepted,299,0.5280919075012207,1.0,True
5,1,0.48613134026527405,accepted,300,0.5255867838859558,1.0,True
5,1,0.48613134026527405,accepted,301,0.5254274010658264,1.0,True
5,1,0.48613134026527405,accepted,302,0.532009482383728,1.0,True
5,1,0.48613134026527405,accepted,303,0.539687991142273,1.0,True
5,1,0.48613134026527405,accepted,304,0.5304248332977295,1.0,True
5,1,0.48613134026527405,accepted,305,0.5360685586929321,1.0,True
5,1,0.48613134026527405,accepted,306,0.5160673260688782,1.0,True
5,1,0.48613134026527405,accepted,307,0.5394585132598877,1.0,True
5,1,0.48613134026527405,accepted,308,0.5288488864898682,1.0,True
5,1,0.48613134026527405,accepted,309,0.529376745223999,1.0,True
5,1,0.48613134026527405,accepted,310,0.5262216925621033,1.0,True
5,1,0.48613134026527405,accepted,311,0.5298979878425598,1.0,True
5,1,0.48613134026527405,accepted,312,0.5355861783027649,1.0,True
5,1,0.48613134026527405,accepted,313,0.5367776155471802,1.0,True
5,1,0.48613134026527405,accepted,314,0.5293060541152954,1.0,True
5,1,0.48613134026527405,accepted,315,0.5260410904884338,1.0,True
5,1,0.48613134026527405,accepted,316,0.5332254767417908,1.0,True
5,1,0.48613134026527405,accepted,317,0.5335225462913513,1.0,True
5,1,0.48613134026527405,accepted,318,0.5334717035293579,1.0,True
5,1,0.48613134026527405,accepted,319,0.5249726176261902,1.0,True
5,1,0.48613134026527405,accepted,320,0.5280213952064514,1.0,True
5,1,0.48613134026527405,accepted,321,0.5316331386566162,1.0,True
5,1,0.48613134026527405,accepted,322,0.5263301134109497,1.0,True
5,1,0.48613134026527405,accepted,323,0.4569278359413147,1.0,True
5,1,0.48613134026527405,accepted,324,0.5338503122329712,1.0,True
5,1,0.48613134026527405,accepted,325,0.5252470374107361,1.0,True
5,1,0.48613134026527405,accepted,326,0.5302851796150208,1.0,True
5,1,0.48613134026527405,accepted,327,0.5391345024108887,1.0,True
5,1,0.48613134026527405,accepted,328,0.5377787947654724,1.0,True
5,1,0.48613134026527405,accepted,329,0.5372191071510315,1.0,True
5,1,0.48613134026527405,accepted,330,0.5284324884414673,1.0,True
5,1,0.48613134026527405,accepted,331,0.5285736322402954,1.0,True
5,1,0.48613134026527405,accepted,332,0.5323556065559387,1.0,True
5,1,0.48613134026527405,accepted,333,0.5234038829803467,1.0,True
5,1,0.48613134026527405,accepted,334,0.5088441967964172,1.0,True
5,1,0.48613134026527405,accepted,335,0.5270996689796448,1.0,True
5,1,0.48613134026527405,accepted,336,0.5327253937721252,1.0,True
5,1,0.48613134026527405,accepted,337,0.5342159867286682,1.0,True
5,1,0.48613134026527405,accepted,338,0.5296554565429688,1.0,True
5,1,0.48613134026527405,accepted,339,0.5339949131011963,1.0,True
5,1,0.48613134026527405,accepted,340,0.5356515645980835,1.0,True
5,1,0.48613134026527405,accepted,341,0.5387767553329468,1.0,True
5,1,0.48613134026527405,accepted,342,0.523794412612915,1.0,True
5,1,0.48613134026527405,accepted,343,0.5268212556838989,1.0,True
5,1,0.48613134026527405,accepted,344,0.47672560811042786,1.0,True
5,1,0.48613134026527405,accepted,345,0.5275884866714478,1.0,True
5,1,0.48613134026527405,accepted,346,0.537920355796814,1.0,True
5,1,0.48613134026527405,accepted,347,0.5323292016983032,1.0,True
5,1,0.48613134026527405,accepted,348,0.535298228263855,1.0,True
5,1,0.48613134026527405,accepted,349,0.5269589424133301,1.0,True
5,1,0.48613134026527405,accepted,350,0.5322784781455994,1.0,True
5,1,0.48613134026527405,accepted,351,0.502609133720398,1.0,True
5,1,0.48613134026527405,accepted,352,0.5433671474456787,1.0,True
5,1,0.48613134026527405,accepted,353,0.5351266860961914,1.0,True
5,1,0.48613134026527405,accepted,354,0.5225869417190552,1.0,True
5,1,0.48613134026527405,accepted,355,0.5432116985321045,1.0,True
5,1,0.48613134026527405,accepted,356,0.5327355265617371,1.0,True
5,1,0.48613134026527405,accepted,357,0.5319110751152039,1.0,True
5,1,0.48613134026527405,accepted,358,0.5313077569007874,1.0,True
5,1,0.48613134026527405,accepted,359,0.5318096280097961,1.0,True
5,1,0.48613134026527405,accepted,360,0.5325292944908142,1.0,True
5,1,0.48613134026527405,accepted,361,0.5323241949081421,1.0,True
5,1,0.48613134026527405,accepted,362,0.5280364751815796,1.0,True
5,1,0.48613134026527405,accepted,363,0.5344534516334534,1.0,True
5,1,0.48613134026527405,accepted,364,0.5297322273254395,1.0,True
5,1,0.48613134026527405,accepted,365,0.5301244258880615,1.0,True
5,1,0.48613134026527405,accepted,366,0.5422852039337158,1.0,True
5,1,0.48613134026527405,accepted,367,0.5295463800430298,1.0,True
5,1,0.48613134026527405,accepted,368,0.5427994728088379,1.0,True
5,1,0.48613134026527405,accepted,369,0.5265821814537048,1.0,True
5,1,0.48613134026527405,accepted,370,0.5374260544776917,1.0,True
5,1,0.48613134026527405,accepted,371,0.5281543731689453,1.0,True
5,1,0.48613134026527405,accepted,372,0.5342047810554504,1.0,True
5,1,0.48613134026527405,accepted,373,0.5349653959274292,1.0,True
5,1,0.48613134026527405,accepted,374,0.5343647599220276,1.0,True
5,1,0.48613134026527405,accepted,375,0.5258484482765198,1.0,True
5,1,0.48613134026527405,accepted,376,0.5414759516716003,1.0,True
5,1,0.48613134026527405,accepted,377,0.5358232259750366,1.0,True
5,1,0.48613134026527405,accepted,378,0.5363671779632568,1.0,True
5,1,0.48613134026527405,accepted,379,0.5309360027313232,1.0,True
5,1,0.48613134026527405,accepted,380,0.5427145957946777,1.0,True
5,1,0.48613134026527405,accepted,381,0.536404013633728,1.0,True
5,1,0.48613134026527405,accepted,382,0.5410444140434265,1.0,True
5,1,0.48613134026527405,accepted,383,0.5425800085067749,1.0,True
5,1,0.48613134026527405,accepted,384,0.5338757634162903,1.0,True
5,1,0.48613134026527405,accepted,385,0.5392661094665527,1.0,True
5,1,0.48613134026527405,accepted,386,0.5319364666938782,1.0,True
5,1,0.48613134026527405,accepted,387,0.5368400812149048,1.0,True
5,1,0.48613134026527405,accepted,388,0.5316514372825623,1.0,True
5,1,0.48613134026527405,accepted,389,0.5341029167175293,1.0,True
5,1,0.48613134026527405,accepted,390,0.5414614081382751,1.0,True
5,1,0.48613134026527405,accepted,391,0.5363733768463135,1.0,True
5,1,0.48613134026527405,accepted,392,0.5430832505226135,1.0,True
5,1,0.48613134026527405,accepted,393,0.5316919684410095,1.0,True
5,1,0.48613134026527405,accepted,394,0.5327070355415344,1.0,True
5,1,0.48613134026527405,accepted,395,0.5291112065315247,1.0,True
5,1,0.48613134026527405,accepted,396,0.5392095446586609,1.0,True
5,1,0.48613134026527405,accepted,397,0.5401370525360107,1.0,True
5,1,0.48613134026527405,accepted,398,0.5328442454338074,1.0,True
5,1,0.48613134026527405,accepted,399,0.5385918021202087,1.0,True
5,1,0.48613134026527405,accepted,400,0.5320267081260681,1.0,True
5,1,0.48613134026527405,accepted,401,0.5349766612052917,1.0,True
5,1,0.48613134026527405,accepted,402,0.5289084315299988,1.0,True
5,1,0.48613134026527405,accepted,403,0.5338268876075745,1.0,True
5,1,0.48613134026527405,accepted,404,0.5328056216239929,1.0,True
5,1,0.48613134026527405,accepted,405,0.5308914184570312,1.0,True
5,1,0.48613134026527405,accepted,406,0.5336670875549316,1.0,True
5,1,0.48613134026527405,accepted,407,0.5273028016090393,1.0,True
5,1,0.48613134026527405,accepted,408,0.5368155241012573,1.0,True
5,1,0.48613134026527405,accepted,409,0.5377716422080994,1.0,True
5,1,0.48613134026527405,accepted,410,0.5369547605514526,1.0,True
5,1,0.48613134026527405,accepted,411,0.5299131274223328,1.0,True
5,1,0.48613134026527405,accepted,412,0.5378075242042542,1.0,True
5,1,0.48613134026527405,accepted,413,0.5353880524635315,1.0,True
5,1,0.48613134026527405,accepted,414,0.5295100212097168,1.0,True
5,1,0.48613134026527405,accepted,415,0.536221981048584,1.0,True
5,1,0.48613134026527405,accepted,416,0.5321627855300903,1.0,True
5,1,0.48613134026527405,accepted,417,0.5270393490791321,1.0,True
5,1,0.48613134026527405,accepted,418,0.5213901996612549,1.0,True
5,1,0.48613134026527405,accepted,419,0.5398362278938293,1.0,True
5,1,0.48613134026527405,accepted,420,0.5328310132026672,1.0,True
5,1,0.48613134026527405,accepted,421,0.5306079983711243,1.0,True
5,1,0.48613134026527405,accepted,422,0.5392095446586609,1.0,True
5,1,0.48613134026527405,accepted,423,0.5440650582313538,1.0,True
5,1,0.48613134026527405,accepted,424,0.5310311913490295,1.0,True
5,1,0.48613134026527405,accepted,425,0.536827802658081,1.0,True
5,1,0.48613134026527405,accepted,426,0.5352940559387207,1.0,True
5,1,0.48613134026527405,accepted,427,0.5390583872795105,1.0,True
5,1,0.48613134026527405,accepted,428,0.5315845012664795,1.0,True
5,1,0.48613134026527405,accepted,429,0.5310251116752625,1.0,True
5,1,0.48613134026527405,accepted,430,0.5247083306312561,1.0,True
5,1,0.48613134026527405,accepted,431,0.5260671377182007,1.0,True
5,1,0.48613134026527405,accepted,432,0.5366005301475525,1.0,True
5,1,0.48613134026527405,accepted,433,0.5202398896217346,1.0,True
5,1,0.48613134026527405,accepted,434,0.5278864502906799,1.0,True
5,1,0.48613134026527405,accepted,435,0.5344942212104797,1.0,True
5,1,0.48613134026527405,accepted,436,0.5380784273147583,1.0,True
5,1,0.48613134026527405,accepted,437,0.5302700400352478,1.0,True
5,1,0.48613134026527405,accepted,438,0.5327619314193726,1.0,True
5,1,0.48613134026527405,accepted,439,0.5345982313156128,1.0,True
5,1,0.48613134026527405,accepted,440,0.5345818996429443,1.0,True
5,1,0.48613134026527405,accepted,441,0.5351185202598572,1.0,True
5,1,0.48613134026527405,accepted,442,0.5327802300453186,1.0,True
5,1,0.48613134026527405,accepted,443,0.5319252610206604,1.0,True
5,1,0.48613134026527405,accepted,444,0.5332967042922974,1.0,True
5,1,0.48613134026527405,accepted,445,0.5397271513938904,1.0,True
5,1,0.48613134026527405,accepted,446,0.5364593267440796,1.0,True
5,1,0.48613134026527405,accepted,447,0.5265610814094543,1.0,True
5,1,0.48613134026527405,accepted,448,0.5307365655899048,1.0,True
5,1,0.48613134026527405,accepted,449,0.5354615449905396,1.0,True
5,1,0.48613134026527405,accepted,450,0.5325769782066345,1.0,True
5,1,0.48613134026527405,accepted,451,0.5293080806732178,1.0,True
5,1,0.48613134026527405,accepted,452,0.5253973603248596,1.0,True
5,1,0.48613134026527405,accepted,453,0.5344024896621704,1.0,True
5,1,0.48613134026527405,accepted,454,0.5349103212356567,1.0,True
5,1,0.48613134026527405,accepted,455,0.5355544686317444,1.0,True
5,1,0.48613134026527405,accepted,456,0.5241321921348572,1.0,True
5,1,0.48613134026527405,accepted,457,0.5248945355415344,1.0,True
5,1,0.48613134026527405,accepted,458,0.5365267992019653,1.0,True
5,1,0.48613134026527405,accepted,459,0.5415265560150146,1.0,True
5,1,0.48613134026527405,accepted,460,0.5429920554161072,1.0,True
5,1,0.48613134026527405,accepted,461,0.5303712487220764,1.0,True
5,1,0.48613134026527405,accepted,462,0.5244922041893005,1.0,True
5,1,0.48613134026527405,accepted,463,0.5343658328056335,1.0,True
5,1,0.48613134026527405,accepted,464,0.5328351259231567,1.0,True
5,1,0.48613134026527405,accepted,465,0.5275120735168457,1.0,True
5,1,0.48613134026527405,accepted,466,0.5396221280097961,1.0,True
5,1,0.48613134026527405,accepted,467,0.5316595435142517,1.0,True
5,1,0.48613134026527405,accepted,468,0.5379860401153564,1.0,True
5,1,0.48613134026527405,accepted,469,0.5334330201148987,1.0,True
5,1,0.48613134026527405,accepted,470,0.5227145552635193,1.0,True
5,1,0.48613134026527405,accepted,471,0.5376414060592651,1.0,True
5,1,0.48613134026527405,accepted,472,0.5292757153511047,1.0,True
5,1,0.48613134026527405,accepted,473,0.5394018888473511,1.0,True
5,1,0.48613134026527405,accepted,474,0.5283095240592957,1.0,True
5,1,0.48613134026527405,accepted,475,0.5373318195343018,1.0,True
5,1,0.48613134026527405,accepted,476,0.540103018283844,1.0,True
5,1,0.48613134026527405,accepted,477,0.5310068726539612,1.0,True
5,1,0.48613134026527405,accepted,478,0.5438441038131714,1.0,True
5,1,0.48613134026527405,accepted,479,0.5353573560714722,1.0,True
5,1,0.48613134026527405,accepted,480,0.5365933775901794,1.0,True
5,1,0.48613134026527405,accepted,481,0.5462580323219299,1.0,True
5,1,0.48613134026527405,accepted,482,0.5288962721824646,1.0,True
5,1,0.48613134026527405,accepted,483,0.5358998775482178,1.0,True
5,1,0.48613134026527405,accepted,484,0.5354758501052856,1.0,True
5,1,0.48613134026527405,accepted,485,0.5380188822746277,1.0,True
5,1,0.48613134026527405,accepted,486,0.5415089726448059,1.0,True
5,1,0.48613134026527405,accepted,487,0.5426266193389893,1.0,True
5,1,0.48613134026527405,accepted,488,0.5285736322402954,1.0,True
5,1,0.48613134026527405,accepted,489,0.5264726877212524,1.0,True
5,1,0.48613134026527405,accepted,490,0.5292162299156189,1.0,True
5,1,0.48613134026527405,accepted,491,0.5220927596092224,1.0,True
5,1,0.48613134026527405,accepted,492,0.5336507558822632,1.0,True
5,1,0.48613134026527405,accepted,493,0.537169873714447,1.0,True
5,1,0.48613134026527405,accepted,494,0.5356760621070862,1.0,True
5,1,0.48613134026527405,accepted,495,0.533526599407196,1.0,True
5,1,0.48613134026527405,accepted,496,0.5347450375556946,1.0,True
5,1,0.48613134026527405,accepted,497,0.5375286340713501,1.0,True
5,1,0.48613134026527405,accepted,498,0.5319252610206604,1.0,True
5,1,0.48613134026527405,accepted,499,0.5342873334884644,1.0,True
5,1,0.48613134026527405,accepted,500,0.5345513224601746,1.0,True
6,1,0.613484799861908,accepted,1,0.41658860445022583,1.0,True
6,1,0.613484799861908,accepted,2,0.4253612756729126,1.0,True
6,1,0.613484799861908,accepted,3,0.42434996366500854,1.0,True
6,1,0.613484799861908,accepted,4,0.41058552265167236,1.0,True
6,1,0.613484799861908,accepted,5,0.42916378378868103,1.0,True
6,1,0.613484799861908,accepted,6,0.4312068521976471,1.0,True
6,1,0.613484799861908,accepted,7,0.41971340775489807,1.0,True
6,1,0.613484799861908,accepted,8,0.44431138038635254,1.0,True
6,1,0.613484799861908,accepted,9,0.44360852241516113,1.0,True
6,1,0.613484799861908,accepted,10,0.4550544321537018,1.0,True
6,1,0.613484799861908,accepted,11,0.46168479323387146,1.0,True
6,1,0.613484799861908,accepted,12,0.4692612588405609,1.0,True
6,1,0.613484799861908,accepted,13,0.46879252791404724,1.0,True
6,1,0.613484799861908,accepted,14,0.47107994556427,1.0,True
6,1,0.613484799861908,accepted,15,0.4699437618255615,1.0,True
6,1,0.613484799861908,accepted,16,0.4864806532859802,1.0,True
6,1,0.613484799861908,accepted,17,0.4927016794681549,1.0,True
6,1,0.613484799861908,accepted,18,0.4700567424297333,1.0,True
6,1,0.613484799861908,accepted,19,0.03552262485027313,1.0,True
6,1,0.613484799861908,accepted,20,0.4953343868255615,1.0,True
6,1,0.613484799861908,accepted,21,0.4923766553401947,1.0,True
6,1,0.613484799861908,accepted,22,0.4991641044616699,1.0,True
6,1,0.613484799861908,accepted,23,0.49196359515190125,1.0,True
6,1,0.613484799861908,accepted,24,0.49281445145606995,1.0,True
6,1,0.613484799861908,accepted,25,0.5170801877975464,1.0,True
6,1,0.613484799861908,accepted,26,0.5133851170539856,1.0,True
6,1,0.613484799861908,accepted,27,0.522894024848938,1.0,True
6,1,0.613484799861908,accepted,28,0.5282047390937805,1.0,True
6,1,0.613484799861908,accepted,29,0.5390111207962036,1.0,True
6,1,0.613484799861908,accepted,30,0.5352532863616943,1.0,True
6,1,0.613484799861908,accepted,31,0.5435163974761963,1.0,True
6,1,0.613484799861908,accepted,32,0.542104184627533,1.0,True
6,1,0.613484799861908,accepted,33,0.5461226105690002,1.0,True
6,1,0.613484799861908,accepted,34,0.5574209690093994,1.0,True
6,1,0.613484799861908,accepted,35,0.5483478903770447,1.0,True
6,1,0.613484799861908,accepted,36,0.5591545701026917,1.0,True
6,1,0.613484799861908,accepted,37,0.5553240776062012,1.0,True
6,1,0.613484799861908,accepted,38,0.5606261491775513,1.0,True
6,1,0.613484799861908,accepted,39,0.5738903284072876,1.0,True
6,1,0.613484799861908,accepted,40,0.5728120803833008,1.0,True
6,1,0.613484799861908,accepted,41,0.5685539245605469,1.0,True
6,1,0.613484799861908,accepted,42,0.5758267045021057,1.0,True
6,1,0.613484799861908,accepted,43,0.5708227157592773,1.0,True
6,1,0.613484799861908,accepted,44,0.580677330493927,1.0,True
6,1,0.613484799861908,accepted,45,0.5829211473464966,1.0,True
6,1,0.613484799861908,accepted,46,0.5799866318702698,1.0,True
6,1,0.613484799861908,accepted,47,0.5878561735153198,1.0,True
6,1,0.613484799861908,accepted,48,0.5953691005706787,1.0,True
6,1,0.613484799861908,accepted,49,0.5906592607498169,1.0,True
6,1,0.613484799861908,accepted,50,0.593593418598175,1.0,True
6,1,0.613484799861908,accepted,51,0.591784656047821,1.0,True
6,1,0.613484799861908,accepted,52,0.5991740226745605,1.0,True
6,1,0.613484799861908,accepted,53,0.6017302870750427,1.0,True
6,1,0.613484799861908,accepted,54,0.6039355993270874,1.0,True
6,1,0.613484799861908,accepted,55,0.5997090935707092,1.0,True
6,1,0.613484799861908,accepted,56,0.6081849336624146,1.0,True
6,1,0.613484799861908,accepted,57,0.6031367182731628,1.0,True
6,1,0.613484799861908,accepted,58,0.6093367338180542,1.0,True
6,1,0.613484799861908,accepted,59,0.6077952980995178,1.0,True
6,1,0.613484799861908,accepted,60,0.6177035570144653,1.0,True
6,1,0.613484799861908,accepted,61,0.6112737655639648,1.0,True
6,1,0.613484799861908,accepted,62,0.6108378767967224,1.0,True
6,1,0.613484799861908,accepted,63,0.6130625605583191,1.0,True
6,1,0.613484799861908,accepted,64,0.6212694644927979,1.0,True
6,1,0.613484799861908,accepted,65,0.6158847212791443,1.0,True
6,1,0.613484799861908,accepted,66,0.615835428237915,1.0,True
6,1,0.613484799861908,accepted,67,0.6221185326576233,1.0,True
6,1,0.613484799861908,accepted,68,0.6233728528022766,1.0,True
6,1,0.613484799861908,accepted,69,0.6143103241920471,1.0,True
6,1,0.613484799861908,accepted,70,0.6173572540283203,1.0,True
6,1,0.613484799861908,accepted,71,0.619220495223999,1.0,True
6,1,0.613484799861908,accepted,72,0.6161597371101379,1.0,True
6,1,0.613484799861908,accepted,73,0.6285712718963623,1.0,True
6,1,0.613484799861908,accepted,74,0.6248131990432739,1.0,True
6,1,0.613484799861908,accepted,75,0.6215421557426453,1.0,True
6,1,0.613484799861908,accepted,76,0.6296799778938293,1.0,True
6,1,0.613484799861908,accepted,77,0.6258746981620789,1.0,True
6,1,0.613484799861908,accepted,78,0.6261469721794128,1.0,True
6,1,0.613484799861908,accepted,79,0.6305357813835144,1.0,True
6,1,0.613484799861908,accepted,80,0.6291254162788391,1.0,True
6,1,0.613484799861908,accepted,81,0.6333876252174377,1.0,True
6,1,0.613484799861908,accepted,82,0.6361165642738342,1.0,True
6,1,0.613484799861908,accepted,83,0.6284010410308838,1.0,True
6,1,0.613484799861908,accepted,84,0.6380875110626221,1.0,True
6,1,0.613484799861908,accepted,85,0.6431338787078857,1.0,True
6,1,0.613484799861908,accepted,86,0.6325087547302246,1.0,True
6,1,0.613484799861908,accepted,87,0.6395081877708435,1.0,True
6,1,0.613484799861908,accepted,88,0.6358787417411804,1.0,True
6,1,0.613484799861908,accepted,89,0.6341661810874939,1.0,True
6,1,0.613484799861908,accepted,90,0.6313107013702393,1.0,True
6,1,0.613484799861908,accepted,91,0.6357914209365845,1.0,True
6,1,0.613484799861908,accepted,92,0.6360679864883423,1.0,True
6,1,0.613484799861908,accepted,93,0.6356143951416016,1.0,True
6,1,0.613484799861908,accepted,94,0.6398522853851318,1.0,True
6,1,0.613484799861908,accepted,95,0.6474069952964783,1.0,True
6,1,0.613484799861908,accepted,96,0.6380608081817627,1.0,True
6,1,0.613484799861908,accepted,97,0.6379464268684387,1.0,True
6,1,0.613484799861908,accepted,98,0.6427708268165588,1.0,True
6,1,0.613484799861908,accepted,99,0.6451093554496765,1.0,True
6,1,0.613484799861908,accepted,100,0.6474391222000122,1.0,True
6,1,0.613484799861908,accepted,101,0.6473057866096497,1.0,True
6,1,0.613484799861908,accepted,102,0.6380486488342285,1.0,True
6,1,0.613484799861908,accepted,103,0.6415117979049683,1.0,True
6,1,0.613484799861908,accepted,104,0.643993079662323,1.0,True
6,1,0.613484799861908,accepted,105,0.6360558271408081,1.0,True
6,1,0.613484799861908,accepted,106,0.647310733795166,1.0,True
6,1,0.613484799861908,accepted,107,0.641714870929718,1.0,True
6,1,0.613484799861908,accepted,108,0.6518279314041138,1.0,True
6,1,0.613484799861908,accepted,109,0.6507595777511597,1.0,True
6,1,0.613484799861908,accepted,110,0.6472440361976624,1.0,True
6,1,0.613484799861908,accepted,111,0.6416316628456116,1.0,True
6,1,0.613484799861908,accepted,112,0.643310546875,1.0,True
6,1,0.613484799861908,accepted,113,0.6475428342819214,1.0,True
6,1,0.613484799861908,accepted,114,0.6437990665435791,1.0,True
6,1,0.613484799861908,accepted,115,0.6485390663146973,1.0,True
6,1,0.613484799861908,accepted,116,0.6539523601531982,1.0,True
6,1,0.613484799861908,accepted,117,0.6514102816581726,1.0,True
6,1,0.613484799861908,accepted,118,0.6546187996864319,1.0,True
6,1,0.613484799861908,accepted,119,0.6461290121078491,1.0,True
6,1,0.613484799861908,accepted,120,0.6488831043243408,1.0,True
6,1,0.613484799861908,accepted,121,0.6449347138404846,1.0,True
6,1,0.613484799861908,accepted,122,0.6550509333610535,1.0,True
6,1,0.613484799861908,accepted,123,0.6509557366371155,1.0,True
6,1,0.613484799861908,accepted,124,0.6461191773414612,1.0,True
6,1,0.613484799861908,accepted,125,0.6480123400688171,1.0,True
6,1,0.613484799861908,accepted,126,0.6454368233680725,1.0,True
6,1,0.613484799861908,accepted,127,0.6439906358718872,1.0,True
6,1,0.613484799861908,accepted,128,0.654721200466156,1.0,True
6,1,0.613484799861908,accepted,129,0.6468885540962219,1.0,True
6,1,0.613484799861908,accepted,130,0.6472415924072266,1.0,True
6,1,0.613484799861908,accepted,131,0.6501913070678711,1.0,True
6,1,0.613484799861908,accepted,132,0.6552258729934692,1.0,True
6,1,0.613484799861908,accepted,133,0.6501913070678711,1.0,True
6,1,0.613484799861908,accepted,134,0.6526862978935242,1.0,True
6,1,0.613484799861908,accepted,135,0.6482818722724915,1.0,True
6,1,0.613484799861908,accepted,136,0.653722882270813,1.0,True
6,1,0.613484799861908,accepted,137,0.6558335423469543,1.0,True
6,1,0.613484799861908,accepted,138,0.6467035412788391,1.0,True
6,1,0.613484799861908,accepted,139,0.6539648771286011,1.0,True
6,1,0.613484799861908,accepted,140,0.6487444639205933,1.0,True
6,1,0.613484799861908,accepted,141,0.6504096388816833,1.0,True
6,1,0.613484799861908,accepted,142,0.6531670093536377,1.0,True
6,1,0.613484799861908,accepted,143,0.6503351926803589,1.0,True
6,1,0.613484799861908,accepted,144,0.6492569446563721,1.0,True
6,1,0.613484799861908,accepted,145,0.6559736132621765,1.0,True
6,1,0.613484799861908,accepted,146,0.6514425873756409,1.0,True
6,1,0.613484799861908,accepted,147,0.6557759642601013,1.0,True
6,1,0.613484799861908,accepted,148,0.6518254280090332,1.0,True
6,1,0.613484799861908,accepted,149,0.6454712748527527,1.0,True
6,1,0.613484799861908,accepted,150,0.6529752612113953,1.0,True
6,1,0.613484799861908,accepted,151,0.6537428498268127,1.0,True
6,1,0.613484799861908,accepted,152,0.6532492637634277,1.0,True
6,1,0.613484799861908,accepted,153,0.6545863151550293,1.0,True
6,1,0.613484799861908,accepted,154,0.6517881155014038,1.0,True
6,1,0.613484799861908,accepted,155,0.6475551724433899,1.0,True
6,1,0.613484799861908,accepted,156,0.6531370878219604,1.0,True
6,1,0.613484799861908,accepted,157,0.6559686660766602,1.0,True
6,1,0.613484799861908,accepted,158,0.6583476662635803,1.0,True
6,1,0.613484799861908,accepted,159,0.6548435688018799,1.0,True
6,1,0.613484799861908,accepted,160,0.6534736156463623,1.0,True
6,1,0.613484799861908,accepted,161,0.6588149666786194,1.0,True
6,1,0.613484799861908,accepted,162,0.6511792540550232,1.0,True
6,1,0.613484799861908,accepted,163,0.6557009220123291,1.0,True
6,1,0.613484799861908,accepted,164,0.654319167137146,1.0,True
6,1,0.613484799861908,accepted,165,0.6566421389579773,1.0,True
6,1,0.613484799861908,accepted,166,0.6534262299537659,1.0,True
6,1,0.613484799861908,accepted,167,0.6571758389472961,1.0,True
6,1,0.613484799861908,accepted,168,0.6548960208892822,1.0,True
6,1,0.613484799861908,accepted,169,0.652285635471344,1.0,True
6,1,0.613484799861908,accepted,170,0.6578405499458313,1.0,True
6,1,0.613484799861908,accepted,171,0.6616281270980835,1.0,True
6,1,0.613484799861908,accepted,172,0.6590260863304138,1.0,True
6,1,0.613484799861908,accepted,173,0.6559460759162903,1.0,True
6,1,0.613484799861908,accepted,174,0.6634781956672668,1.0,True
6,1,0.613484799861908,accepted,175,0.6604001522064209,1.0,True
6,1,0.613484799861908,accepted,176,0.6666622161865234,1.0,True
6,1,0.613484799861908,accepted,177,0.6637895703315735,1.0,True
6,1,0.613484799861908,accepted,178,0.6635541319847107,1.0,True
6,1,0.613484799861908,accepted,179,0.660901665687561,1.0,True
6,1,0.613484799861908,accepted,180,0.6656889319419861,1.0,True
6,1,0.613484799861908,accepted,181,0.6622669696807861,1.0,True
6,1,0.613484799861908,accepted,182,0.6647094488143921,1.0,True
6,1,0.613484799861908,accepted,183,0.6635465025901794,1.0,True
6,1,0.613484799861908,accepted,184,0.6694884896278381,1.0,True
6,1,0.613484799861908,accepted,185,0.6640555262565613,1.0,True
6,1,0.613484799861908,accepted,186,0.6591643691062927,1.0,True
6,1,0.613484799861908,accepted,187,0.6512463092803955,1.0,True
6,1,0.613484799861908,accepted,188,0.6587596535682678,1.0,True
6,1,0.613484799861908,accepted,189,0.6581141352653503,1.0,True
6,1,0.613484799861908,accepted,190,0.6578706502914429,1.0,True
6,1,0.613484799861908,accepted,191,0.6644964814186096,1.0,True
6,1,0.613484799861908,accepted,192,0.6624565124511719,1.0,True
6,1,0.613484799861908,accepted,193,0.6593227982521057,1.0,True
6,1,0.613484799861908,accepted,194,0.6614893674850464,1.0,True
6,1,0.613484799861908,accepted,195,0.6629620790481567,1.0,True
6,1,0.613484799861908,accepted,196,0.6618250012397766,1.0,True
6,1,0.613484799861908,accepted,197,0.6597983837127686,1.0,True
6,1,0.613484799861908,accepted,198,0.6613732576370239,1.0,True
6,1,0.613484799861908,accepted,199,0.661910891532898,1.0,True
6,1,0.613484799861908,accepted,200,0.6564392447471619,1.0,True
6,1,0.613484799861908,accepted,201,0.6575394868850708,1.0,True
6,1,0.613484799861908,accepted,202,0.6591693758964539,1.0,True
6,1,0.613484799861908,accepted,203,0.6533913016319275,1.0,True
6,1,0.613484799861908,accepted,204,0.6623478531837463,1.0,True
6,1,0.613484799861908,accepted,205,0.664205014705658,1.0,True
6,1,0.613484799861908,accepted,206,0.6635820269584656,1.0,True
6,1,0.613484799861908,accepted,207,0.6589657664299011,1.0,True
6,1,0.613484799861908,accepted,208,0.6526813507080078,1.0,True
6,1,0.613484799861908,accepted,209,0.6630859971046448,1.0,True
6,1,0.613484799861908,accepted,210,0.6557784676551819,1.0,True
6,1,0.613484799861908,accepted,211,0.663903534412384,1.0,True
6,1,0.613484799861908,accepted,212,0.6652446389198303,1.0,True
6,1,0.613484799861908,accepted,213,0.6561412811279297,1.0,True
6,1,0.613484799861908,accepted,214,0.6632176041603088,1.0,True
6,1,0.613484799861908,accepted,215,0.6540970802307129,1.0,True
6,1,0.613484799861908,accepted,216,0.6633946895599365,1.0,True
6,1,0.613484799861908,accepted,217,0.6584807634353638,1.0,True
6,1,0.613484799861908,accepted,218,0.651691198348999,1.0,True
6,1,0.613484799861908,accepted,219,0.6511146426200867,1.0,True
6,1,0.613484799861908,accepted,220,0.6528008580207825,1.0,True
6,1,0.613484799861908,accepted,221,0.6528531312942505,1.0,True
6,1,0.613484799861908,accepted,222,0.6592398285865784,1.0,True
6,1,0.613484799861908,accepted,223,0.655310869216919,1.0,True
6,1,0.613484799861908,accepted,224,0.6626460552215576,1.0,True
6,1,0.613484799861908,accepted,225,0.64728844165802,1.0,True
6,1,0.613484799861908,accepted,226,0.655053436756134,1.0,True
6,1,0.613484799861908,accepted,227,0.6566796898841858,1.0,True
6,1,0.613484799861908,accepted,228,0.6548110842704773,1.0,True
6,1,0.613484799861908,accepted,229,0.6558035016059875,1.0,True
6,1,0.613484799861908,accepted,230,0.6549809575080872,1.0,True
6,1,0.613484799861908,accepted,231,0.6577903628349304,1.0,True
6,1,0.613484799861908,accepted,232,0.6626434922218323,1.0,True
6,1,0.613484799861908,accepted,233,0.6512289643287659,1.0,True
6,1,0.613484799861908,accepted,234,0.6566846966743469,1.0,True
6,1,0.613484799861908,accepted,235,0.6645902395248413,1.0,True
6,1,0.613484799861908,accepted,236,0.6528680920600891,1.0,True
6,1,0.613484799861908,accepted,237,0.6546337604522705,1.0,True
6,1,0.613484799861908,accepted,238,0.6628382205963135,1.0,True
6,1,0.613484799861908,accepted,239,0.665336012840271,1.0,True
6,1,0.613484799861908,accepted,240,0.662261962890625,1.0,True
6,1,0.613484799861908,accepted,241,0.6567773818969727,1.0,True
6,1,0.613484799861908,accepted,242,0.6614237427711487,1.0,True
6,1,0.613484799861908,accepted,243,0.6632251739501953,1.0,True
6,1,0.613484799861908,accepted,244,0.666947066783905,1.0,True
6,1,0.613484799861908,accepted,245,0.6612168550491333,1.0,True
6,1,0.613484799861908,accepted,246,0.6642962694168091,1.0,True
6,1,0.613484799861908,accepted,247,0.6589908599853516,1.0,True
6,1,0.613484799861908,accepted,248,0.658978283405304,1.0,True
6,1,0.613484799861908,accepted,249,0.6593881845474243,1.0,True
6,1,0.613484799861908,accepted,250,0.6682000160217285,1.0,True
6,1,0.613484799861908,accepted,251,0.6647119522094727,1.0,True
6,1,0.613484799861908,accepted,252,0.6653690338134766,1.0,True
6,1,0.613484799861908,accepted,253,0.6576849818229675,1.0,True
6,1,0.613484799861908,accepted,254,0.6621633768081665,1.0,True
6,1,0.613484799861908,accepted,255,0.6649325489997864,1.0,True
6,1,0.613484799861908,accepted,256,0.6676496863365173,1.0,True
6,1,0.613484799861908,accepted,257,0.6671379804611206,1.0,True
6,1,0.613484799861908,accepted,258,0.6662046313285828,1.0,True
6,1,0.613484799861908,accepted,259,0.6568625569343567,1.0,True
6,1,0.613484799861908,accepted,260,0.6600374579429626,1.0,True
6,1,0.613484799861908,accepted,261,0.6632833480834961,1.0,True
6,1,0.613484799861908,accepted,262,0.6636655330657959,1.0,True
6,1,0.613484799861908,accepted,263,0.6607957482337952,1.0,True
6,1,0.613484799861908,accepted,264,0.6530449390411377,1.0,True
6,1,0.613484799861908,accepted,265,0.6600978970527649,1.0,True
6,1,0.613484799861908,accepted,266,0.6532716751098633,1.0,True
6,1,0.613484799861908,accepted,267,0.6578104496002197,1.0,True
6,1,0.613484799861908,accepted,268,0.6638681292533875,1.0,True
6,1,0.613484799861908,accepted,269,0.6615751385688782,1.0,True
6,1,0.613484799861908,accepted,270,0.6616861820220947,1.0,True
6,1,0.613484799861908,accepted,271,0.6634984612464905,1.0,True
6,1,0.613484799861908,accepted,272,0.6671252250671387,1.0,True
6,1,0.613484799861908,accepted,273,0.6693531274795532,1.0,True
6,1,0.613484799861908,accepted,274,0.6650847792625427,1.0,True
6,1,0.613484799861908,accepted,275,0.6599846482276917,1.0,True
6,1,0.613484799861908,accepted,276,0.6578506231307983,1.0,True
6,1,0.613484799861908,accepted,277,0.6564717888832092,1.0,True
6,1,0.613484799861908,accepted,278,0.6604505777359009,1.0,True
6,1,0.613484799861908,accepted,279,0.6583727598190308,1.0,True
6,1,0.613484799861908,accepted,280,0.655535876750946,1.0,True
6,1,0.613484799861908,accepted,281,0.6668071746826172,1.0,True
6,1,0.613484799861908,accepted,282,0.6583702564239502,1.0,True
6,1,0.613484799861908,accepted,283,0.666344404220581,1.0,True
6,1,0.613484799861908,accepted,284,0.6699305176734924,1.0,True
6,1,0.613484799861908,accepted,285,0.6665681004524231,1.0,True
6,1,0.613484799861908,accepted,286,0.6637187004089355,1.0,True
6,1,0.613484799861908,accepted,287,0.656311571598053,1.0,True
6,1,0.613484799861908,accepted,288,0.6570530533790588,1.0,True
6,1,0.613484799861908,accepted,289,0.6619007587432861,1.0,True
6,1,0.613484799861908,accepted,290,0.6663392782211304,1.0,True
6,1,0.613484799861908,accepted,291,0.6599317193031311,1.0,True
6,1,0.613484799861908,accepted,292,0.6605185866355896,1.0,True
6,1,0.613484799861908,accepted,293,0.6587395668029785,1.0,True
6,1,0.613484799861908,accepted,294,0.6658108234405518,1.0,True
6,1,0.613484799861908,accepted,295,0.6546512246131897,1.0,True
6,1,0.613484799861908,accepted,296,0.6565118432044983,1.0,True
6,1,0.613484799861908,accepted,297,0.6640909910202026,1.0,True
6,1,0.613484799861908,accepted,298,0.6596121191978455,1.0,True
6,1,0.613484799861908,accepted,299,0.6596095561981201,1.0,True
6,1,0.613484799861908,accepted,300,0.6436148881912231,1.0,True
6,1,0.613484799861908,accepted,301,0.6630657911300659,1.0,True
6,1,0.613484799861908,accepted,302,0.6614464521408081,1.0,True
6,1,0.613484799861908,accepted,303,0.6598008871078491,1.0,True
6,1,0.613484799861908,accepted,304,0.6531869769096375,1.0,True
6,1,0.613484799861908,accepted,305,0.657426655292511,1.0,True
6,1,0.613484799861908,accepted,306,0.6599619388580322,1.0,True
6,1,0.613484799861908,accepted,307,0.6585938334465027,1.0,True
6,1,0.613484799861908,accepted,308,0.6532168984413147,1.0,True
6,1,0.613484799861908,accepted,309,0.6520666480064392,1.0,True
6,1,0.613484799861908,accepted,310,0.6403161883354187,1.0,True
6,1,0.613484799861908,accepted,311,0.4881872236728668,1.0,True
6,1,0.613484799861908,accepted,312,0.2998206615447998,1.0,True
6,1,0.613484799861908,accepted,313,0.6325377225875854,1.0,True
6,1,0.613484799861908,accepted,314,0.6244986057281494,1.0,True
6,1,0.613484799861908,accepted,315,0.628139853477478,1.0,True
6,1,0.613484799861908,accepted,316,0.6293822526931763,1.0,True
6,1,0.613484799861908,accepted,317,0.6377614736557007,1.0,True
6,1,0.613484799861908,accepted,318,0.6427929401397705,1.0,True
6,1,0.613484799861908,accepted,319,0.6329867243766785,1.0,True
6,1,0.613484799861908,accepted,320,0.648563802242279,1.0,True
6,1,0.613484799861908,accepted,321,0.6444845795631409,1.0,True
6,1,0.613484799861908,accepted,322,0.649700403213501,1.0,True
6,1,0.613484799861908,accepted,323,0.650841474533081,1.0,True
6,1,0.613484799861908,accepted,324,0.6511221528053284,1.0,True
6,1,0.613484799861908,accepted,325,0.6503203511238098,1.0,True
6,1,0.613484799861908,accepted,326,0.6513879299163818,1.0,True
6,1,0.613484799861908,accepted,327,0.6579183340072632,1.0,True
6,1,0.613484799861908,accepted,328,0.652285635471344,1.0,True
6,1,0.613484799861908,accepted,329,0.6564167141914368,1.0,True
6,1,0.613484799861908,accepted,330,0.6501938700675964,1.0,True
6,1,0.613484799861908,accepted,331,0.6542617678642273,1.0,True
6,1,0.613484799861908,accepted,332,0.6559861302375793,1.0,True
6,1,0.613484799861908,accepted,333,0.6619613766670227,1.0,True
6,1,0.613484799861908,accepted,334,0.6484228372573853,1.0,True
6,1,0.613484799861908,accepted,335,0.6570029258728027,1.0,True
6,1,0.613484799861908,accepted,336,0.651900053024292,1.0,True
6,1,0.613484799861908,accepted,337,0.6566495895385742,1.0,True
6,1,0.613484799861908,accepted,338,0.6516588926315308,1.0,True
6,1,0.613484799861908,accepted,339,0.6396497488021851,1.0,True
6,1,0.613484799861908,accepted,340,0.6240771412849426,1.0,True
6,1,0.613484799861908,accepted,341,0.6490638256072998,1.0,True
6,1,0.613484799861908,accepted,342,0.6407291293144226,1.0,True
6,1,0.613484799861908,accepted,343,0.6462177038192749,1.0,True
6,1,0.613484799861908,accepted,344,0.6310049295425415,1.0,True
6,1,0.613484799861908,accepted,345,0.6125529408454895,1.0,True
6,1,0.613484799861908,accepted,346,0.16547882556915283,1.0,True
6,1,0.613484799861908,accepted,347,0.0861382856965065,1.0,True
6,1,0.613484799861908,accepted,348,0.12104842066764832,1.0,True
6,1,0.613484799861908,accepted,349,0.005419319961220026,1.0,True
6,1,0.613484799861908,accepted,350,0.03389411419630051,1.0,True
6,1,0.613484799861908,accepted,351,0.036468930542469025,1.0,True
6,1,0.613484799861908,accepted,352,0.02150253765285015,1.0,True
6,1,0.613484799861908,accepted,353,0.05316774919629097,1.0,True
6,1,0.613484799861908,accepted,354,0.07249891757965088,1.0,True
6,1,0.613484799861908,accepted,355,0.07378148287534714,1.0,True
6,1,0.613484799861908,accepted,356,0.08953924477100372,1.0,True
6,1,0.613484799861908,accepted,357,0.07448337227106094,1.0,True
6,1,0.613484799861908,accepted,358,0.10277596861124039,1.0,True
6,1,0.613484799861908,accepted,359,0.1616220921278,1.0,True
6,1,0.613484799861908,accepted,360,0.09225966781377792,1.0,True
6,1,0.613484799861908,accepted,361,0.13601119816303253,1.0,True
6,1,0.613484799861908,accepted,362,0.1651899665594101,1.0,True
6,1,0.613484799861908,accepted,363,0.17369374632835388,1.0,True
6,1,0.613484799861908,accepted,364,0.18332703411579132,1.0,True
6,1,0.613484799861908,accepted,365,0.12860345840454102,1.0,True
6,1,0.613484799861908,accepted,366,0.18759864568710327,1.0,True
6,1,0.613484799861908,accepted,367,0.19541729986667633,1.0,True
6,1,0.613484799861908,accepted,368,0.11671704798936844,1.0,True
6,1,0.613484799861908,accepted,369,0.22083620727062225,1.0,True
6,1,0.613484799861908,accepted,370,0.13946093618869781,1.0,True
6,1,0.613484799861908,accepted,371,0.06994263082742691,1.0,True
6,1,0.613484799861908,accepted,372,0.13878798484802246,1.0,True
6,1,0.613484799861908,accepted,373,0.05676477774977684,1.0,True
6,1,0.613484799861908,accepted,374,0.021361589431762695,1.0,True
6,1,0.613484799861908,accepted,375,0.030127082020044327,1.0,True
6,1,0.613484799861908,accepted,376,0.013287311419844627,1.0,True
6,1,0.613484799861908,accepted,377,0.00680152652785182,1.0,True
6,1,0.613484799861908,accepted,378,0.00853066798299551,1.0,True
6,1,0.613484799861908,accepted,379,0.008477173745632172,1.0,True
6,1,0.613484799861908,accepted,380,0.011802527122199535,1.0,True
6,1,0.613484799861908,accepted,381,0.002682993421331048,1.0,True
6,1,0.613484799861908,accepted,382,0.007441403344273567,1.0,True
6,1,0.613484799861908,accepted,383,0.009307228960096836,1.0,True
6,1,0.613484799861908,accepted,384,0.020065288990736008,1.0,True
6,1,0.613484799861908,accepted,385,0.02014804817736149,1.0,True
6,1,0.613484799861908,accepted,386,0.008254875428974628,1.0,True
6,1,0.613484799861908,accepted,387,0.004243738483637571,1.0,True
6,1,0.613484799861908,accepted,388,0.03374588117003441,1.0,True
6,1,0.613484799861908,accepted,389,0.049251727759838104,1.0,True
6,1,0.613484799861908,accepted,390,0.03650442510843277,1.0,True
6,1,0.613484799861908,accepted,391,0.028512760996818542,1.0,True
6,1,0.613484799861908,accepted,392,0.07056033611297607,1.0,True
6,1,0.613484799861908,accepted,393,0.06682123988866806,1.0,True
6,1,0.613484799861908,accepted,394,0.08286555856466293,1.0,True
6,1,0.613484799861908,accepted,395,0.0713474303483963,1.0,True
6,1,0.613484799861908,accepted,396,0.10392480343580246,1.0,True
6,1,0.613484799861908,accepted,397,0.13302786648273468,1.0,True
6,1,0.613484799861908,accepted,398,0.10068972408771515,1.0,True
6,1,0.613484799861908,accepted,399,0.07560928165912628,1.0,True
6,1,0.613484799861908,accepted,400,0.12790091335773468,1.0,True
6,1,0.613484799861908,accepted,401,0.0926433801651001,1.0,True
6,1,0.613484799861908,accepted,402,0.13547836244106293,1.0,True
6,1,0.613484799861908,accepted,403,0.08606241643428802,1.0,True
6,1,0.613484799861908,accepted,404,0.017680084332823753,1.0,True
6,1,0.613484799861908,accepted,405,0.07738370448350906,1.0,True
6,1,0.613484799861908,accepted,406,0.08674865961074829,1.0,True
6,1,0.613484799861908,accepted,407,0.08622672408819199,1.0,True
6,1,0.613484799861908,accepted,408,0.05506471171975136,1.0,True
6,1,0.613484799861908,accepted,409,0.07268888503313065,1.0,True
6,1,0.613484799861908,accepted,410,0.03925506770610809,1.0,True
6,1,0.613484799861908,accepted,411,0.06454512476921082,1.0,True
6,1,0.613484799861908,accepted,412,0.14839312434196472,1.0,True
6,1,0.613484799861908,accepted,413,0.05806482583284378,1.0,True
6,1,0.613484799861908,accepted,414,0.18073353171348572,1.0,True
6,1,0.613484799861908,accepted,415,0.14101983606815338,1.0,True
6,1,0.613484799861908,accepted,416,0.1215541809797287,1.0,True
6,1,0.613484799861908,accepted,417,0.16938689351081848,1.0,True
6,1,0.613484799861908,accepted,418,0.20067137479782104,1.0,True
6,1,0.613484799861908,accepted,419,0.0519733801484108,1.0,True
6,1,0.613484799861908,accepted,420,0.21172896027565002,1.0,True
6,1,0.613484799861908,accepted,421,0.22188836336135864,1.0,True
6,1,0.613484799861908,accepted,422,0.21256250143051147,1.0,True
6,1,0.613484799861908,accepted,423,0.18161818385124207,1.0,True
6,1,0.613484799861908,accepted,424,0.27477848529815674,1.0,True
6,1,0.613484799861908,accepted,425,0.17404328286647797,1.0,True
6,1,0.613484799861908,accepted,426,0.21375620365142822,1.0,True
6,1,0.613484799861908,accepted,427,0.09856195002794266,1.0,True
6,1,0.613484799861908,accepted,428,0.2573007643222809,1.0,True
6,1,0.613484799861908,accepted,429,0.324698269367218,1.0,True
6,1,0.613484799861908,accepted,430,0.33703699707984924,1.0,True
6,1,0.613484799861908,accepted,431,0.33217519521713257,1.0,True
6,1,0.613484799861908,accepted,432,0.35062217712402344,1.0,True
6,1,0.613484799861908,accepted,433,0.2524290382862091,1.0,True
6,1,0.613484799861908,accepted,434,0.2698073387145996,1.0,True
6,1,0.613484799861908,accepted,435,0.16667111217975616,1.0,True
6,1,0.613484799861908,accepted,436,0.3555002808570862,1.0,True
6,1,0.613484799861908,accepted,437,0.28296172618865967,1.0,True
6,1,0.613484799861908,accepted,438,0.26612237095832825,1.0,True
6,1,0.613484799861908,accepted,439,0.31531763076782227,1.0,True
6,1,0.613484799861908,accepted,440,0.328064888715744,1.0,True
6,1,0.613484799861908,accepted,441,0.3034740686416626,1.0,True
6,1,0.613484799861908,accepted,442,0.264320433139801,1.0,True
6,1,0.613484799861908,accepted,443,0.24476999044418335,1.0,True
6,1,0.613484799861908,accepted,444,0.18405228853225708,1.0,True
6,1,0.613484799861908,accepted,445,0.03251034393906593,1.0,True
6,1,0.613484799861908,accepted,446,0.12039999663829803,1.0,True
6,1,0.613484799861908,accepted,447,0.296843558549881,1.0,True
6,1,0.613484799861908,accepted,448,0.17641961574554443,1.0,True
6,1,0.613484799861908,accepted,449,0.022937055677175522,1.0,True
6,1,0.613484799861908,accepted,450,0.1656278669834137,1.0,True
6,1,0.613484799861908,accepted,451,0.2701111435890198,1.0,True
6,1,0.613484799861908,accepted,452,0.07375728338956833,1.0,True
6,1,0.613484799861908,accepted,453,0.1786913126707077,1.0,True
6,1,0.613484799861908,accepted,454,0.20482605695724487,1.0,True
6,1,0.613484799861908,accepted,455,0.3600655794143677,1.0,True
6,1,0.613484799861908,accepted,456,0.08990717679262161,1.0,True
6,1,0.613484799861908,accepted,457,0.2448176145553589,1.0,True
6,1,0.613484799861908,accepted,458,0.18100124597549438,1.0,True
6,1,0.613484799861908,accepted,459,0.1839582324028015,1.0,True
6,1,0.613484799861908,accepted,460,0.08666927367448807,1.0,True
6,1,0.613484799861908,accepted,461,0.2528762221336365,1.0,True
6,1,0.613484799861908,accepted,462,0.0590607151389122,1.0,True
6,1,0.613484799861908,accepted,463,0.23061475157737732,1.0,True
6,1,0.613484799861908,accepted,464,0.11041488498449326,1.0,True
6,1,0.613484799861908,accepted,465,0.16582953929901123,1.0,True
6,1,0.613484799861908,accepted,466,0.1398349106311798,1.0,True
6,1,0.613484799861908,accepted,467,0.18736763298511505,1.0,True
6,1,0.613484799861908,accepted,468,0.22095417976379395,1.0,True
6,1,0.613484799861908,accepted,469,0.2304380089044571,1.0,True
6,1,0.613484799861908,accepted,470,0.25447583198547363,1.0,True
6,1,0.613484799861908,accepted,471,0.2586400806903839,1.0,True
6,1,0.613484799861908,accepted,472,0.2887805104255676,1.0,True
6,1,0.613484799861908,accepted,473,0.2718052268028259,1.0,True
6,1,0.613484799861908,accepted,474,0.3038053512573242,1.0,True
6,1,0.613484799861908,accepted,475,0.25363269448280334,1.0,True
6,1,0.613484799861908,accepted,476,0.23494353890419006,1.0,True
6,1,0.613484799861908,accepted,477,0.3352789282798767,1.0,True
6,1,0.613484799861908,accepted,478,0.2883732318878174,1.0,True
6,1,0.613484799861908,accepted,479,0.03533368930220604,1.0,True
6,1,0.613484799861908,accepted,480,0.03959435597062111,1.0,True
6,1,0.613484799861908,accepted,481,0.12304990738630295,1.0,True
6,1,0.613484799861908,accepted,482,0.32227227091789246,1.0,True
6,1,0.613484799861908,accepted,483,0.30821430683135986,1.0,True
6,1,0.613484799861908,accepted,484,0.3034428358078003,1.0,True
6,1,0.613484799861908,accepted,485,0.23916831612586975,1.0,True
6,1,0.613484799861908,accepted,486,0.028725646436214447,1.0,True
6,1,0.613484799861908,accepted,487,0.27757665514945984,1.0,True
6,1,0.613484799861908,accepted,488,0.019353214651346207,1.0,True
6,1,0.613484799861908,accepted,489,0.24690251052379608,1.0,True
6,1,0.613484799861908,accepted,490,0.24439679086208344,1.0,True
6,1,0.613484799861908,accepted,491,0.306531697511673,1.0,True
6,1,0.613484799861908,accepted,492,0.31332603096961975,1.0,True
6,1,0.613484799861908,accepted,493,0.27383673191070557,1.0,True
6,1,0.613484799861908,accepted,494,0.3182286322116852,1.0,True
6,1,0.613484799861908,accepted,495,0.3701288402080536,1.0,True
6,1,0.613484799861908,accepted,496,0.3494310975074768,1.0,True
6,1,0.613484799861908,accepted,497,0.33712059259414673,1.0,True
6,1,0.613484799861908,accepted,498,0.35109594464302063,1.0,True
6,1,0.613484799861908,accepted,499,0.041776761412620544,1.0,True
6,1,0.613484799861908,accepted,500,0.25389406085014343,1.0,True
7,1,0.7790443897247314,accepted,1,0.32510483264923096,1.0,True
7,1,0.7790443897247314,accepted,2,0.4318554103374481,1.0,True
7,1,0.7790443897247314,accepted,3,0.42576873302459717,1.0,True
7,1,0.7790443897247314,accepted,4,0.412054181098938,1.0,True
7,1,0.7790443897247314,accepted,5,0.4687960743904114,1.0,True
7,1,0.7790443897247314,accepted,6,0.46487292647361755,1.0,True
7,1,0.7790443897247314,accepted,7,0.4869020879268646,1.0,True
7,1,0.7790443897247314,accepted,8,0.48964571952819824,1.0,True
7,1,0.7790443897247314,accepted,9,0.4973660111427307,1.0,True
7,1,0.7790443897247314,accepted,10,0.5071543455123901,1.0,True
7,1,0.7790443897247314,accepted,11,0.5237524509429932,1.0,True
7,1,0.7790443897247314,accepted,12,0.5087723731994629,1.0,True
7,1,0.7790443897247314,accepted,13,0.5356658697128296,1.0,True
7,1,0.7790443897247314,accepted,14,0.5427725911140442,0.9998999834060669,True
7,1,0.7790443897247314,accepted,15,0.5444460511207581,1.0,True
7,1,0.7790443897247314,accepted,16,0.5415585041046143,1.0,True
7,1,0.7790443897247314,accepted,17,0.549260675907135,1.0,True
7,1,0.7790443897247314,accepted,18,0.548682689666748,1.0,True
7,1,0.7790443897247314,accepted,19,0.5181701183319092,1.0,True
7,1,0.7790443897247314,accepted,20,0.556583821773529,1.0,True
7,1,0.7790443897247314,accepted,21,0.5437403321266174,1.0,True
7,1,0.7790443897247314,accepted,22,0.56672203540802,1.0,True
7,1,0.7790443897247314,accepted,23,0.5569873452186584,1.0,True
7,1,0.7790443897247314,accepted,24,0.43290936946868896,1.0,True
7,1,0.7790443897247314,accepted,25,0.5605897903442383,1.0,True
7,1,0.7790443897247314,accepted,26,0.5706638097763062,1.0,True
7,1,0.7790443897247314,accepted,27,0.5538812279701233,1.0,True
7,1,0.7790443897247314,accepted,28,0.5881994366645813,1.0,True
7,1,0.7790443897247314,accepted,29,0.6010076403617859,1.0,True
7,1,0.7790443897247314,accepted,30,0.6002079844474792,0.9998999834060669,True
7,1,0.7790443897247314,accepted,31,0.6025180816650391,1.0,True
7,1,0.7790443897247314,accepted,32,0.6078300476074219,1.0,True
7,1,0.7790443897247314,accepted,33,0.615868330001831,1.0,True
7,1,0.7790443897247314,accepted,34,0.620641827583313,1.0,True
7,1,0.7790443897247314,accepted,35,0.6232040524482727,1.0,True
7,1,0.7790443897247314,accepted,36,0.6265818476676941,1.0,True
7,1,0.7790443897247314,accepted,37,0.64313143491745,1.0,True
7,1,0.7790443897247314,accepted,38,0.6440716981887817,1.0,True
7,1,0.7790443897247314,accepted,39,0.6413356065750122,1.0,True
7,1,0.7790443897247314,accepted,40,0.6588928699493408,1.0,True
7,1,0.7790443897247314,accepted,41,0.6541445255279541,1.0,True
7,1,0.7790443897247314,accepted,42,0.657913327217102,1.0,True
7,1,0.7790443897247314,accepted,43,0.664919912815094,1.0,True
7,1,0.7790443897247314,accepted,44,0.6633694171905518,1.0,True
7,1,0.7790443897247314,accepted,45,0.6604984402656555,1.0,True
7,1,0.7790443897247314,accepted,46,0.6733483076095581,1.0,True
7,1,0.7790443897247314,accepted,47,0.675524890422821,1.0,True
7,1,0.7790443897247314,accepted,48,0.6752028465270996,0.9999499917030334,True
7,1,0.7790443897247314,accepted,49,0.6812517046928406,1.0,True
7,1,0.7790443897247314,accepted,50,0.6865764856338501,1.0,True
7,1,0.7790443897247314,accepted,51,0.6807191967964172,1.0,True
7,1,0.7790443897247314,accepted,52,0.6878584623336792,1.0,True
7,1,0.7790443897247314,accepted,53,0.693142294883728,1.0,True
7,1,0.7790443897247314,accepted,54,0.6854747533798218,1.0,True
7,1,0.7790443897247314,accepted,55,0.6883440613746643,1.0,True
7,1,0.7790443897247314,accepted,56,0.6937772035598755,1.0,True
7,1,0.7790443897247314,accepted,57,0.7029681205749512,1.0,True
7,1,0.7790443897247314,accepted,58,0.6932005286216736,1.0,True
7,1,0.7790443897247314,accepted,59,0.7016099095344543,1.0,True
7,1,0.7790443897247314,accepted,60,0.6976093649864197,1.0,True
7,1,0.7790443897247314,accepted,61,0.704237699508667,1.0,True
7,1,0.7790443897247314,accepted,62,0.6997389197349548,1.0,True
7,1,0.7790443897247314,accepted,63,0.7054718732833862,1.0,True
7,1,0.7790443897247314,accepted,64,0.7105385661125183,1.0,True
7,1,0.7790443897247314,accepted,65,0.7079007625579834,1.0,True
7,1,0.7790443897247314,accepted,66,0.7034912705421448,1.0,True
7,1,0.7790443897247314,accepted,67,0.7063739895820618,1.0,True
7,1,0.7790443897247314,accepted,68,0.7136679887771606,1.0,True
7,1,0.7790443897247314,accepted,69,0.7089493274688721,1.0,True
7,1,0.7790443897247314,accepted,70,0.7132134437561035,1.0,True
7,1,0.7790443897247314,accepted,71,0.7139511704444885,1.0,True
7,1,0.7790443897247314,accepted,72,0.7170654535293579,1.0,True
7,1,0.7790443897247314,accepted,73,0.7149896025657654,1.0,True
7,1,0.7790443897247314,accepted,74,0.7168384194374084,1.0,True
7,1,0.7790443897247314,accepted,75,0.7225240468978882,1.0,True
7,1,0.7790443897247314,accepted,76,0.7183276414871216,1.0,True
7,1,0.7790443897247314,accepted,77,0.7229017615318298,1.0,True
7,1,0.7790443897247314,accepted,78,0.7209712862968445,1.0,True
7,1,0.7790443897247314,accepted,79,0.722830057144165,1.0,True
7,1,0.7790443897247314,accepted,80,0.7182864546775818,1.0,True
7,1,0.7790443897247314,accepted,81,0.7255290150642395,1.0,True
7,1,0.7790443897247314,accepted,82,0.7252993583679199,1.0,True
7,1,0.7790443897247314,accepted,83,0.7294976115226746,1.0,True
7,1,0.7790443897247314,accepted,84,0.7286354303359985,1.0,True
7,1,0.7790443897247314,accepted,85,0.7287299633026123,1.0,True
7,1,0.7790443897247314,accepted,86,0.7258667945861816,1.0,True
7,1,0.7790443897247314,accepted,87,0.7304722666740417,1.0,True
7,1,0.7790443897247314,accepted,88,0.7287494540214539,1.0,True
7,1,0.7790443897247314,accepted,89,0.7370050549507141,1.0,True
7,1,0.7790443897247314,accepted,90,0.7299374341964722,1.0,True
7,1,0.7790443897247314,accepted,91,0.7326881289482117,1.0,True
7,1,0.7790443897247314,accepted,92,0.7333089113235474,1.0,True
7,1,0.7790443897247314,accepted,93,0.7349556088447571,1.0,True
7,1,0.7790443897247314,accepted,94,0.7340813875198364,1.0,True
7,1,0.7790443897247314,accepted,95,0.7323416471481323,1.0,True
7,1,0.7790443897247314,accepted,96,0.7387389540672302,1.0,True
7,1,0.7790443897247314,accepted,97,0.7341541647911072,1.0,True
7,1,0.7790443897247314,accepted,98,0.7412371635437012,1.0,True
7,1,0.7790443897247314,accepted,99,0.7328558564186096,1.0,True
7,1,0.7790443897247314,accepted,100,0.7376238703727722,1.0,True
7,1,0.7790443897247314,accepted,101,0.7359992861747742,1.0,True
7,1,0.7790443897247314,accepted,102,0.7412739396095276,1.0,True
7,1,0.7790443897247314,accepted,103,0.7366593480110168,1.0,True
7,1,0.7790443897247314,accepted,104,0.745149552822113,1.0,True
7,1,0.7790443897247314,accepted,105,0.7385304570198059,1.0,True
7,1,0.7790443897247314,accepted,106,0.7446693181991577,1.0,True
7,1,0.7790443897247314,accepted,107,0.7410703301429749,1.0,True
7,1,0.7790443897247314,accepted,108,0.7380544543266296,1.0,True
7,1,0.7790443897247314,accepted,109,0.7427344918251038,1.0,True
7,1,0.7790443897247314,accepted,110,0.743539571762085,1.0,True
7,1,0.7790443897247314,accepted,111,0.7403526902198792,1.0,True
7,1,0.7790443897247314,accepted,112,0.739237904548645,1.0,True
7,1,0.7790443897247314,accepted,113,0.744055986404419,1.0,True
7,1,0.7790443897247314,accepted,114,0.7420774102210999,1.0,True
7,1,0.7790443897247314,accepted,115,0.7450955510139465,1.0,True
7,1,0.7790443897247314,accepted,116,0.7477321624755859,1.0,True
7,1,0.7790443897247314,accepted,117,0.7481715083122253,1.0,True
7,1,0.7790443897247314,accepted,118,0.7506873607635498,1.0,True
7,1,0.7790443897247314,accepted,119,0.7386600375175476,1.0,True
7,1,0.7790443897247314,accepted,120,0.7474897503852844,1.0,True
7,1,0.7790443897247314,accepted,121,0.7419641613960266,1.0,True
7,1,0.7790443897247314,accepted,122,0.741341769695282,1.0,True
7,1,0.7790443897247314,accepted,123,0.7459714412689209,1.0,True
7,1,0.7790443897247314,accepted,124,0.7491797208786011,1.0,True
7,1,0.7790443897247314,accepted,125,0.752596914768219,1.0,True
7,1,0.7790443897247314,accepted,126,0.7466205358505249,1.0,True
7,1,0.7790443897247314,accepted,127,0.7494426369667053,1.0,True
7,1,0.7790443897247314,accepted,128,0.7508047819137573,1.0,True
7,1,0.7790443897247314,accepted,129,0.7412286400794983,1.0,True
7,1,0.7790443897247314,accepted,130,0.7460511326789856,1.0,True
7,1,0.7790443897247314,accepted,131,0.7482457756996155,1.0,True
7,1,0.7790443897247314,accepted,132,0.7516644597053528,1.0,True
7,1,0.7790443897247314,accepted,133,0.7502979636192322,1.0,True
7,1,0.7790443897247314,accepted,134,0.7472816705703735,1.0,True
7,1,0.7790443897247314,accepted,135,0.7522898316383362,1.0,True
7,1,0.7790443897247314,accepted,136,0.749657154083252,1.0,True
7,1,0.7790443897247314,accepted,137,0.7521606683731079,1.0,True
7,1,0.7790443897247314,accepted,138,0.7504754066467285,1.0,True
7,1,0.7790443897247314,accepted,139,0.7493969202041626,1.0,True
7,1,0.7790443897247314,accepted,140,0.7519225478172302,1.0,True
7,1,0.7790443897247314,accepted,141,0.7457211017608643,1.0,True
7,1,0.7790443897247314,accepted,142,0.7463728189468384,1.0,True
7,1,0.7790443897247314,accepted,143,0.742913007736206,1.0,True
7,1,0.7790443897247314,accepted,144,0.7518967986106873,1.0,True
7,1,0.7790443897247314,accepted,145,0.7529041767120361,1.0,True
7,1,0.7790443897247314,accepted,146,0.7575858235359192,1.0,True
7,1,0.7790443897247314,accepted,147,0.7514723539352417,1.0,True
7,1,0.7790443897247314,accepted,148,0.7487196922302246,1.0,True
7,1,0.7790443897247314,accepted,149,0.7555886507034302,1.0,True
7,1,0.7790443897247314,accepted,150,0.7486397624015808,1.0,True
7,1,0.7790443897247314,accepted,151,0.7483828067779541,1.0,True
7,1,0.7790443897247314,accepted,152,0.7527146339416504,1.0,True
7,1,0.7790443897247314,accepted,153,0.746771514415741,1.0,True
7,1,0.7790443897247314,accepted,154,0.7586703896522522,1.0,True
7,1,0.7790443897247314,accepted,155,0.7564076781272888,1.0,True
7,1,0.7790443897247314,accepted,156,0.750592827796936,1.0,True
7,1,0.7790443897247314,accepted,157,0.7506586909294128,1.0,True
7,1,0.7790443897247314,accepted,158,0.74623042345047,1.0,True
7,1,0.7790443897247314,accepted,159,0.7597911953926086,1.0,True
7,1,0.7790443897247314,accepted,160,0.7520631551742554,1.0,True
7,1,0.7790443897247314,accepted,161,0.7493941187858582,1.0,True
7,1,0.7790443897247314,accepted,162,0.7493997812271118,1.0,True
7,1,0.7790443897247314,accepted,163,0.7562547922134399,1.0,True
7,1,0.7790443897247314,accepted,164,0.7554099559783936,1.0,True
7,1,0.7790443897247314,accepted,165,0.7567684054374695,1.0,True
7,1,0.7790443897247314,accepted,166,0.7574124336242676,1.0,True
7,1,0.7790443897247314,accepted,167,0.7521606683731079,1.0,True
7,1,0.7790443897247314,accepted,168,0.755709707736969,1.0,True
7,1,0.7790443897247314,accepted,169,0.7586240768432617,1.0,True
7,1,0.7790443897247314,accepted,170,0.756598174571991,1.0,True
7,1,0.7790443897247314,accepted,171,0.7523931860923767,1.0,True
7,1,0.7790443897247314,accepted,172,0.7535622119903564,1.0,True
7,1,0.7790443897247314,accepted,173,0.7536369562149048,1.0,True
7,1,0.7790443897247314,accepted,174,0.7588382363319397,1.0,True
7,1,0.7790443897247314,accepted,175,0.7518423199653625,1.0,True
7,1,0.7790443897247314,accepted,176,0.7550556063652039,1.0,True
7,1,0.7790443897247314,accepted,177,0.7562633752822876,1.0,True
7,1,0.7790443897247314,accepted,178,0.7639588117599487,1.0,True
7,1,0.7790443897247314,accepted,179,0.7512030005455017,1.0,True
7,1,0.7790443897247314,accepted,180,0.7619187235832214,1.0,True
7,1,0.7790443897247314,accepted,181,0.755358099937439,1.0,True
7,1,0.7790443897247314,accepted,182,0.7547475099563599,1.0,True
7,1,0.7790443897247314,accepted,183,0.757686972618103,1.0,True
7,1,0.7790443897247314,accepted,184,0.7570802569389343,1.0,True
7,1,0.7790443897247314,accepted,185,0.7603682279586792,1.0,True
7,1,0.7790443897247314,accepted,186,0.7574442625045776,1.0,True
7,1,0.7790443897247314,accepted,187,0.7519426941871643,1.0,True
7,1,0.7790443897247314,accepted,188,0.7584359645843506,1.0,True
7,1,0.7790443897247314,accepted,189,0.7566962838172913,1.0,True
7,1,0.7790443897247314,accepted,190,0.7579876780509949,1.0,True
7,1,0.7790443897247314,accepted,191,0.7556722164154053,1.0,True
7,1,0.7790443897247314,accepted,192,0.7612446546554565,1.0,True
7,1,0.7790443897247314,accepted,193,0.756078839302063,1.0,True
7,1,0.7790443897247314,accepted,194,0.7545603513717651,1.0,True
7,1,0.7790443897247314,accepted,195,0.7568637132644653,1.0,True
7,1,0.7790443897247314,accepted,196,0.7598781585693359,1.0,True
7,1,0.7790443897247314,accepted,197,0.7559374570846558,1.0,True
7,1,0.7790443897247314,accepted,198,0.7611749768257141,1.0,True
7,1,0.7790443897247314,accepted,199,0.7613114714622498,1.0,True
7,1,0.7790443897247314,accepted,200,0.7589366436004639,1.0,True
7,1,0.7790443897247314,accepted,201,0.7595535516738892,1.0,True
7,1,0.7790443897247314,accepted,202,0.7619478106498718,1.0,True
7,1,0.7790443897247314,accepted,203,0.7662120461463928,1.0,True
7,1,0.7790443897247314,accepted,204,0.758748471736908,1.0,True
7,1,0.7790443897247314,accepted,205,0.7619681358337402,1.0,True
7,1,0.7790443897247314,accepted,206,0.7624624371528625,1.0,True
7,1,0.7790443897247314,accepted,207,0.7627242207527161,1.0,True
7,1,0.7790443897247314,accepted,208,0.7557356953620911,1.0,True
7,1,0.7790443897247314,accepted,209,0.7611604928970337,0.9999499917030334,True
7,1,0.7790443897247314,accepted,210,0.766931414604187,1.0,True
7,1,0.7790443897247314,accepted,211,0.7585835456848145,1.0,True
7,1,0.7790443897247314,accepted,212,0.7613056898117065,1.0,True
7,1,0.7790443897247314,accepted,213,0.7644835710525513,1.0,True
7,1,0.7790443897247314,accepted,214,0.7579529881477356,1.0,True
7,1,0.7790443897247314,accepted,215,0.7629133462905884,1.0,True
7,1,0.7790443897247314,accepted,216,0.7585517168045044,1.0,True
7,1,0.7790443897247314,accepted,217,0.7560210824012756,0.9999499917030334,True
7,1,0.7790443897247314,accepted,218,0.7686389088630676,1.0,True
7,1,0.7790443897247314,accepted,219,0.7612069249153137,1.0,True
7,1,0.7790443897247314,accepted,220,0.7588527202606201,1.0,True
7,1,0.7790443897247314,accepted,221,0.7623082399368286,1.0,True
7,1,0.7790443897247314,accepted,222,0.7646498680114746,1.0,True
7,1,0.7790443897247314,accepted,223,0.7679179906845093,1.0,True
7,1,0.7790443897247314,accepted,224,0.7630530595779419,1.0,True
7,1,0.7790443897247314,accepted,225,0.7596578598022461,1.0,True
7,1,0.7790443897247314,accepted,226,0.7576956748962402,1.0,True
7,1,0.7790443897247314,accepted,227,0.7631025910377502,1.0,True
7,1,0.7790443897247314,accepted,228,0.7611546516418457,1.0,True
7,1,0.7790443897247314,accepted,229,0.7607366442680359,1.0,True
7,1,0.7790443897247314,accepted,230,0.7588469386100769,1.0,True
7,1,0.7790443897247314,accepted,231,0.7653356790542603,1.0,True
7,1,0.7790443897247314,accepted,232,0.7565548419952393,1.0,True
7,1,0.7790443897247314,accepted,233,0.7599303722381592,1.0,True
7,1,0.7790443897247314,accepted,234,0.7669636011123657,1.0,True
7,1,0.7790443897247314,accepted,235,0.7590264081954956,1.0,True
7,1,0.7790443897247314,accepted,236,0.7635684609413147,1.0,True
7,1,0.7790443897247314,accepted,237,0.7659958004951477,1.0,True
7,1,0.7790443897247314,accepted,238,0.7654582858085632,1.0,True
7,1,0.7790443897247314,accepted,239,0.7617908716201782,1.0,True
7,1,0.7790443897247314,accepted,240,0.7672298550605774,1.0,True
7,1,0.7790443897247314,accepted,241,0.7622384428977966,1.0,True
7,1,0.7790443897247314,accepted,242,0.7603884935379028,1.0,True
7,1,0.7790443897247314,accepted,243,0.7629337310791016,1.0,True
7,1,0.7790443897247314,accepted,244,0.7629424333572388,1.0,True
7,1,0.7790443897247314,accepted,245,0.7656452059745789,1.0,True
7,1,0.7790443897247314,accepted,246,0.7607280015945435,1.0,True
7,1,0.7790443897247314,accepted,247,0.7622181177139282,1.0,True
7,1,0.7790443897247314,accepted,248,0.7660453915596008,1.0,True
7,1,0.7790443897247314,accepted,249,0.7610646486282349,1.0,True
7,1,0.7790443897247314,accepted,250,0.7604726552963257,1.0,True
7,1,0.7790443897247314,accepted,251,0.7614102363586426,1.0,True
7,1,0.7790443897247314,accepted,252,0.765566349029541,1.0,True
7,1,0.7790443897247314,accepted,253,0.7676308751106262,1.0,True
7,1,0.7790443897247314,accepted,254,0.7015189528465271,1.0,True
7,1,0.7790443897247314,accepted,255,0.7650262117385864,1.0,True
7,1,0.7790443897247314,accepted,256,0.7632015347480774,1.0,True
7,1,0.7790443897247314,accepted,257,0.7661330699920654,1.0,True
7,1,0.7790443897247314,accepted,258,0.7657561898231506,1.0,True
7,1,0.7790443897247314,accepted,259,0.7644019722938538,1.0,True
7,1,0.7790443897247314,accepted,260,0.7430405616760254,1.0,True
7,1,0.7790443897247314,accepted,261,0.7616891264915466,1.0,True
7,1,0.7790443897247314,accepted,262,0.7621861100196838,1.0,True
7,1,0.7790443897247314,accepted,263,0.7585574984550476,1.0,True
7,1,0.7790443897247314,accepted,264,0.765677273273468,1.0,True
7,1,0.7790443897247314,accepted,265,0.7622298002243042,1.0,True
7,1,0.7790443897247314,accepted,266,0.7671127915382385,1.0,True
7,1,0.7790443897247314,accepted,267,0.7671772241592407,1.0,True
7,1,0.7790443897247314,accepted,268,0.7661126255989075,1.0,True
7,1,0.7790443897247314,accepted,269,0.7674288749694824,1.0,True
7,1,0.7790443897247314,accepted,270,0.7585633397102356,1.0,True
7,1,0.7790443897247314,accepted,271,0.7672766447067261,1.0,True
7,1,0.7790443897247314,accepted,272,0.766697347164154,1.0,True
7,1,0.7790443897247314,accepted,273,0.7682578563690186,1.0,True
7,1,0.7790443897247314,accepted,274,0.7662295699119568,1.0,True
7,1,0.7790443897247314,accepted,275,0.7677099704742432,1.0,True
7,1,0.7790443897247314,accepted,276,0.7640084028244019,1.0,True
7,1,0.7790443897247314,accepted,277,0.7677538990974426,1.0,True
7,1,0.7790443897247314,accepted,278,0.7637898921966553,1.0,True
7,1,0.7790443897247314,accepted,279,0.7726133465766907,1.0,True
7,1,0.7790443897247314,accepted,280,0.7669196724891663,1.0,True
7,1,0.7790443897247314,accepted,281,0.765963613986969,1.0,True
7,1,0.7790443897247314,accepted,282,0.7740116119384766,1.0,True
7,1,0.7790443897247314,accepted,283,0.7644019722938538,1.0,True
7,1,0.7790443897247314,accepted,284,0.7698155641555786,1.0,True
7,1,0.7790443897247314,accepted,285,0.7099940180778503,1.0,True
7,1,0.7790443897247314,accepted,286,0.7646965980529785,1.0,True
7,1,0.7790443897247314,accepted,287,0.7703796029090881,1.0,True
7,1,0.7790443897247314,accepted,288,0.7653006315231323,1.0,True
7,1,0.7790443897247314,accepted,289,0.7658205032348633,1.0,True
7,1,0.7790443897247314,accepted,290,0.7681670188903809,1.0,True
7,1,0.7790443897247314,accepted,291,0.7714147567749023,1.0,True
7,1,0.7790443897247314,accepted,292,0.7683311104774475,1.0,True
7,1,0.7790443897247314,accepted,293,0.7703443169593811,1.0,True
7,1,0.7790443897247314,accepted,294,0.7684776186943054,1.0,True
7,1,0.7790443897247314,accepted,295,0.7678095698356628,1.0,True
7,1,0.7790443897247314,accepted,296,0.7737636566162109,1.0,True
7,1,0.7790443897247314,accepted,297,0.772516131401062,1.0,True
7,1,0.7790443897247314,accepted,298,0.7688060402870178,1.0,True
7,1,0.7790443897247314,accepted,299,0.7719210386276245,1.0,True
7,1,0.7790443897247314,accepted,300,0.768958568572998,1.0,True
7,1,0.7790443897247314,accepted,301,0.771491289138794,1.0,True
7,1,0.7790443897247314,accepted,302,0.7676748633384705,0.9999499917030334,True
7,1,0.7790443897247314,accepted,303,0.7669665217399597,1.0,True
7,1,0.7790443897247314,accepted,304,0.765951931476593,1.0,True
7,1,0.7790443897247314,accepted,305,0.7665833234786987,1.0,True
7,1,0.7790443897247314,accepted,306,0.7666710615158081,1.0,True
7,1,0.7790443897247314,accepted,307,0.7679471969604492,1.0,True
7,1,0.7790443897247314,accepted,308,0.7672766447067261,1.0,True
7,1,0.7790443897247314,accepted,309,0.7719652652740479,1.0,True
7,1,0.7790443897247314,accepted,310,0.7686095833778381,1.0,True
7,1,0.7790443897247314,accepted,311,0.7672005891799927,1.0,True
7,1,0.7790443897247314,accepted,312,0.7678095698356628,1.0,True
7,1,0.7790443897247314,accepted,313,0.7673293352127075,1.0,True
7,1,0.7790443897247314,accepted,314,0.7649796009063721,1.0,True
7,1,0.7790443897247314,accepted,315,0.7678564190864563,1.0,True
7,1,0.7790443897247314,accepted,316,0.7690054774284363,1.0,True
7,1,0.7790443897247314,accepted,317,0.7692108750343323,0.9999499917030334,True
7,1,0.7790443897247314,accepted,318,0.770911693572998,1.0,True
7,1,0.7790443897247314,accepted,319,0.7680849432945251,1.0,True
7,1,0.7790443897247314,accepted,320,0.766568660736084,1.0,True
7,1,0.7790443897247314,accepted,321,0.7666008472442627,1.0,True
7,1,0.7790443897247314,accepted,322,0.7660366892814636,1.0,True
7,1,0.7790443897247314,accepted,323,0.7697891592979431,1.0,True
7,1,0.7790443897247314,accepted,324,0.7680234313011169,1.0,True
7,1,0.7790443897247314,accepted,325,0.7729347348213196,1.0,True
7,1,0.7790443897247314,accepted,326,0.7648599147796631,1.0,True
7,1,0.7790443897247314,accepted,327,0.7702150940895081,1.0,True
7,1,0.7790443897247314,accepted,328,0.7640462517738342,1.0,True
7,1,0.7790443897247314,accepted,329,0.7773227095603943,1.0,True
7,1,0.7790443897247314,accepted,330,0.7638306617736816,1.0,True
7,1,0.7790443897247314,accepted,331,0.7740382552146912,1.0,True
7,1,0.7790443897247314,accepted,332,0.7631025910377502,1.0,True
7,1,0.7790443897247314,accepted,333,0.7704471945762634,1.0,True
7,1,0.7790443897247314,accepted,334,0.769366443157196,1.0,True
7,1,0.7790443897247314,accepted,335,0.7685245871543884,1.0,True
7,1,0.7790443897247314,accepted,336,0.771714985370636,1.0,True
7,1,0.7790443897247314,accepted,337,0.7710822820663452,1.0,True
7,1,0.7790443897247314,accepted,338,0.7689292430877686,1.0,True
7,1,0.7790443897247314,accepted,339,0.7716943621635437,1.0,True
7,1,0.7790443897247314,accepted,340,0.7716708183288574,1.0,True
7,1,0.7790443897247314,accepted,341,0.7765343189239502,1.0,True
7,1,0.7790443897247314,accepted,342,0.7661886215209961,1.0,True
7,1,0.7790443897247314,accepted,343,0.7656159996986389,1.0,True
7,1,0.7790443897247314,accepted,344,0.7674933075904846,1.0,True
7,1,0.7790443897247314,accepted,345,0.7696159482002258,1.0,True
7,1,0.7790443897247314,accepted,346,0.7699418663978577,1.0,True
7,1,0.7790443897247314,accepted,347,0.7756402492523193,1.0,True
7,1,0.7790443897247314,accepted,348,0.7690436840057373,1.0,True
7,1,0.7790443897247314,accepted,349,0.7646381855010986,1.0,True
7,1,0.7790443897247314,accepted,350,0.7681992650032043,1.0,True
7,1,0.7790443897247314,accepted,351,0.7731204628944397,1.0,True
7,1,0.7790443897247314,accepted,352,0.7628406286239624,1.0,True
7,1,0.7790443897247314,accepted,353,0.7688412666320801,1.0,True
7,1,0.7790443897247314,accepted,354,0.7673059701919556,1.0,True
7,1,0.7790443897247314,accepted,355,0.7677392959594727,1.0,True
7,1,0.7790443897247314,accepted,356,0.7597013711929321,1.0,True
7,1,0.7790443897247314,accepted,357,0.7669079303741455,1.0,True
7,1,0.7790443897247314,accepted,358,0.7705853581428528,1.0,True
7,1,0.7790443897247314,accepted,359,0.715025007724762,1.0,True
7,1,0.7790443897247314,accepted,360,0.7731056809425354,1.0,True
7,1,0.7790443897247314,accepted,361,0.7670133113861084,1.0,True
7,1,0.7790443897247314,accepted,362,0.7691639065742493,1.0,True
7,1,0.7790443897247314,accepted,363,0.7680321931838989,1.0,True
7,1,0.7790443897247314,accepted,364,0.770503044128418,1.0,True
7,1,0.7790443897247314,accepted,365,0.7655400633811951,1.0,True
7,1,0.7790443897247314,accepted,366,0.7698243856430054,1.0,True
7,1,0.7790443897247314,accepted,367,0.7591132521629333,1.0,True
7,1,0.7790443897247314,accepted,368,0.7686418294906616,1.0,True
7,1,0.7790443897247314,accepted,369,0.7667441368103027,1.0,True
7,1,0.7790443897247314,accepted,370,0.764232873916626,1.0,True
7,1,0.7790443897247314,accepted,371,0.7674171924591064,1.0,True
7,1,0.7790443897247314,accepted,372,0.7686300873756409,1.0,True
7,1,0.7790443897247314,accepted,373,0.7696335315704346,1.0,True
7,1,0.7790443897247314,accepted,374,0.7711499929428101,1.0,True
7,1,0.7790443897247314,accepted,375,0.7641395926475525,1.0,True
7,1,0.7790443897247314,accepted,376,0.7666710615158081,1.0,True
7,1,0.7790443897247314,accepted,377,0.7749186158180237,1.0,True
7,1,0.7790443897247314,accepted,378,0.7664254307746887,1.0,True
7,1,0.7790443897247314,accepted,379,0.7665160298347473,1.0,True
7,1,0.7790443897247314,accepted,380,0.7578170895576477,1.0,True
7,1,0.7790443897247314,accepted,381,0.7675049901008606,1.0,True
7,1,0.7790443897247314,accepted,382,0.7681992650032043,1.0,True
7,1,0.7790443897247314,accepted,383,0.7731676697731018,1.0,True
7,1,0.7790443897247314,accepted,384,0.770015299320221,1.0,True
7,1,0.7790443897247314,accepted,385,0.7733062505722046,1.0,True
7,1,0.7790443897247314,accepted,386,0.7714412212371826,1.0,True
7,1,0.7790443897247314,accepted,387,0.7686711549758911,1.0,True
7,1,0.7790443897247314,accepted,388,0.7643932104110718,0.9998999834060669,True
7,1,0.7790443897247314,accepted,389,0.7701650857925415,1.0,True
7,1,0.7790443897247314,accepted,390,0.7747589945793152,1.0,True
7,1,0.7790443897247314,accepted,391,0.779002845287323,1.0,True
7,1,0.7790443897247314,accepted,392,0.7648336291313171,1.0,True
7,1,0.7790443897247314,accepted,393,0.771120548248291,1.0,True
7,1,0.7790443897247314,accepted,394,0.7742006182670593,1.0,True
7,1,0.7790443897247314,accepted,395,0.7722420692443848,1.0,True
7,1,0.7790443897247314,accepted,396,0.7716590762138367,1.0,True
7,1,0.7790443897247314,accepted,397,0.7721802592277527,1.0,True
7,1,0.7790443897247314,accepted,398,0.7732502222061157,1.0,True
7,1,0.7790443897247314,accepted,399,0.7714971303939819,1.0,True
7,1,0.7790443897247314,accepted,400,0.7709381580352783,1.0,True
7,1,0.7790443897247314,accepted,401,0.7770796418190002,1.0,True
7,1,0.7790443897247314,accepted,402,0.7708881497383118,1.0,True
7,1,0.7790443897247314,accepted,403,0.7659198045730591,1.0,True
7,1,0.7790443897247314,accepted,404,0.7726870775222778,1.0,True
7,1,0.7790443897247314,accepted,405,0.7707381844520569,1.0,True
7,1,0.7790443897247314,accepted,406,0.7708823084831238,1.0,True
7,1,0.7790443897247314,accepted,407,0.7712205648422241,1.0,True
7,1,0.7790443897247314,accepted,408,0.7752912044525146,1.0,True
7,1,0.7790443897247314,accepted,409,0.7685597538948059,1.0,True
7,1,0.7790443897247314,accepted,410,0.7735836505889893,1.0,True
7,1,0.7790443897247314,accepted,411,0.7723982334136963,1.0,True
7,1,0.7790443897247314,accepted,412,0.7734655737876892,1.0,True
7,1,0.7790443897247314,accepted,413,0.7737548351287842,1.0,True
7,1,0.7790443897247314,accepted,414,0.772899329662323,1.0,True
7,1,0.7790443897247314,accepted,415,0.7710617184638977,1.0,True
7,1,0.7790443897247314,accepted,416,0.7749718427658081,1.0,True
7,1,0.7790443897247314,accepted,417,0.7652714252471924,1.0,True
7,1,0.7790443897247314,accepted,418,0.7643845081329346,1.0,True
7,1,0.7790443897247314,accepted,419,0.7680351138114929,1.0,True
7,1,0.7790443897247314,accepted,420,0.7661827802658081,1.0,True
7,1,0.7790443897247314,accepted,421,0.7678329944610596,1.0,True
7,1,0.7790443897247314,accepted,422,0.762020468711853,1.0,True
7,1,0.7790443897247314,accepted,423,0.7651196718215942,1.0,True
7,1,0.7790443897247314,accepted,424,0.7681846022605896,1.0,True
7,1,0.7790443897247314,accepted,425,0.7680321931838989,1.0,True
7,1,0.7790443897247314,accepted,426,0.7666388750076294,0.9998499751091003,True
7,1,0.7790443897247314,accepted,427,0.7701269388198853,1.0,True
7,1,0.7790443897247314,accepted,428,0.7618547677993774,1.0,True
7,1,0.7790443897247314,accepted,429,0.7637840509414673,1.0,True
7,1,0.7790443897247314,accepted,430,0.7544136047363281,1.0,True
7,1,0.7790443897247314,accepted,431,0.7596549987792969,1.0,True
7,1,0.7790443897247314,accepted,432,0.7616920471191406,1.0,True
7,1,0.7790443897247314,accepted,433,0.7548137307167053,1.0,True
7,1,0.7790443897247314,accepted,434,0.7635276913642883,1.0,True
7,1,0.7790443897247314,accepted,435,0.7613114714622498,1.0,True
7,1,0.7790443897247314,accepted,436,0.7637315988540649,1.0,True
7,1,0.7790443897247314,accepted,437,0.7650086879730225,1.0,True
7,1,0.7790443897247314,accepted,438,0.7679794430732727,1.0,True
7,1,0.7790443897247314,accepted,439,0.7609253525733948,1.0,True
7,1,0.7790443897247314,accepted,440,0.7573431134223938,1.0,True
7,1,0.7790443897247314,accepted,441,0.7687913775444031,1.0,True
7,1,0.7790443897247314,accepted,442,0.7446125149726868,1.0,True
7,1,0.7790443897247314,accepted,443,0.7539302706718445,1.0,True
7,1,0.7790443897247314,accepted,444,0.7519311904907227,1.0,True
7,1,0.7790443897247314,accepted,445,0.7504582405090332,1.0,True
7,1,0.7790443897247314,accepted,446,0.7440446019172668,1.0,True
7,1,0.7790443897247314,accepted,447,0.7349948287010193,1.0,True
7,1,0.7790443897247314,accepted,448,0.7539187669754028,1.0,True
7,1,0.7790443897247314,accepted,449,0.7511886358261108,1.0,True
7,1,0.7790443897247314,accepted,450,0.7392830848693848,1.0,True
7,1,0.7790443897247314,accepted,451,0.7335466742515564,1.0,True
7,1,0.7790443897247314,accepted,452,0.7564191818237305,1.0,True
7,1,0.7790443897247314,accepted,453,0.7566789388656616,1.0,True
7,1,0.7790443897247314,accepted,454,0.7575743198394775,1.0,True
7,1,0.7790443897247314,accepted,455,0.7589627504348755,1.0,True
7,1,0.7790443897247314,accepted,456,0.7670162320137024,1.0,True
7,1,0.7790443897247314,accepted,457,0.7636616826057434,1.0,True
7,1,0.7790443897247314,accepted,458,0.7515067458152771,1.0,True
7,1,0.7790443897247314,accepted,459,0.7626718878746033,1.0,True
7,1,0.7790443897247314,accepted,460,0.7655254602432251,1.0,True
7,1,0.7790443897247314,accepted,461,0.7637723684310913,1.0,True
7,1,0.7790443897247314,accepted,462,0.7596926689147949,1.0,True
7,1,0.7790443897247314,accepted,463,0.7645710706710815,1.0,True
7,1,0.7790443897247314,accepted,464,0.76289302110672,1.0,True
7,1,0.7790443897247314,accepted,465,0.7621715664863586,1.0,True
7,1,0.7790443897247314,accepted,466,0.7606409192085266,1.0,True
7,1,0.7790443897247314,accepted,467,0.764413595199585,1.0,True
7,1,0.7790443897247314,accepted,468,0.7705265879631042,1.0,True
7,1,0.7790443897247314,accepted,469,0.7666330337524414,1.0,True
7,1,0.7790443897247314,accepted,470,0.7627213001251221,1.0,True
7,1,0.7790443897247314,accepted,471,0.7662879824638367,1.0,True
7,1,0.7790443897247314,accepted,472,0.7667499780654907,1.0,True
7,1,0.7790443897247314,accepted,473,0.7674582004547119,1.0,True
7,1,0.7790443897247314,accepted,474,0.766217827796936,1.0,True
7,1,0.7790443897247314,accepted,475,0.7694632411003113,1.0,True
7,1,0.7790443897247314,accepted,476,0.7629978060722351,1.0,True
7,1,0.7790443897247314,accepted,477,0.761773407459259,1.0,True
7,1,0.7790443897247314,accepted,478,0.7212435603141785,1.0,True
7,1,0.7790443897247314,accepted,479,0.6087443232536316,1.0,True
7,1,0.7790443897247314,accepted,480,0.6621053218841553,1.0,True
7,1,0.7790443897247314,accepted,481,0.7042591571807861,1.0,True
7,1,0.7790443897247314,accepted,482,0.6830654740333557,1.0,True
7,1,0.7790443897247314,accepted,483,0.6879870295524597,1.0,True
7,1,0.7790443897247314,accepted,484,0.7018187046051025,1.0,True
7,1,0.7790443897247314,accepted,485,0.7121694684028625,1.0,True
7,1,0.7790443897247314,accepted,486,0.7128462791442871,1.0,True
7,1,0.7790443897247314,accepted,487,0.6856604218482971,1.0,True
7,1,0.7790443897247314,accepted,488,0.7249812483787537,1.0,True
7,1,0.7790443897247314,accepted,489,0.49759942293167114,1.0,True
7,1,0.7790443897247314,accepted,490,0.7101727724075317,1.0,True
7,1,0.7790443897247314,accepted,491,0.7218077778816223,1.0,True
7,1,0.7790443897247314,accepted,492,0.7079548239707947,1.0,True
7,1,0.7790443897247314,accepted,493,0.6875174045562744,1.0,True
7,1,0.7790443897247314,accepted,494,0.7053050398826599,1.0,True
7,1,0.7790443897247314,accepted,495,0.6967769265174866,1.0,True
7,1,0.7790443897247314,accepted,496,0.7024588584899902,1.0,True
7,1,0.7790443897247314,accepted,497,0.6974630355834961,1.0,True
7,1,0.7790443897247314,accepted,498,0.7094632983207703,1.0,True
7,1,0.7790443897247314,accepted,499,0.7280409336090088,1.0,True
7,1,0.7790443897247314,accepted,500,0.7258363366127014,1.0,True
8,1,0.9297035932540894,accepted,1,0.04923463240265846,1.0,True
8,1,0.9297035932540894,accepted,2,0.16655860841274261,1.0,True
8,1,0.9297035932540894,accepted,3,0.049663394689559937,1.0,True
8,1,0.9297035932540894,accepted,4,0.16932809352874756,1.0,True
8,1,0.9297035932540894,accepted,5,0.12612181901931763,1.0,True
8,1,0.9297035932540894,accepted,6,0.3160281181335449,1.0,True
8,1,0.9297035932540894,accepted,7,0.08484101295471191,1.0,True
8,1,0.9297035932540894,accepted,8,0.33155232667922974,1.0,True
8,1,0.9297035932540894,accepted,9,0.17109157145023346,1.0,True
8,1,0.9297035932540894,accepted,10,0.42661091685295105,1.0,True
8,1,0.9297035932540894,accepted,11,0.37522968649864197,1.0,True
8,1,0.9297035932540894,accepted,12,0.49729958176612854,1.0,True
8,1,0.9297035932540894,accepted,13,0.4333505630493164,1.0,True
8,1,0.9297035932540894,accepted,14,0.5272142887115479,1.0,True
8,1,0.9297035932540894,accepted,15,0.5371719598770142,1.0,True
8,1,0.9297035932540894,accepted,16,0.5300394892692566,1.0,True
8,1,0.9297035932540894,accepted,17,0.5432365536689758,1.0,True
8,1,0.9297035932540894,accepted,18,0.47288942337036133,1.0,True
8,1,0.9297035932540894,accepted,19,0.4358040690422058,1.0,True
8,1,0.9297035932540894,accepted,20,0.5159196853637695,1.0,True
8,1,0.9297035932540894,accepted,21,0.5679274797439575,1.0,True
8,1,0.9297035932540894,accepted,22,0.4007975161075592,1.0,True
8,1,0.9297035932540894,accepted,23,0.5920172333717346,1.0,True
8,1,0.9297035932540894,accepted,24,0.43328607082366943,1.0,True
8,1,0.9297035932540894,accepted,25,0.6295046806335449,1.0,True
8,1,0.9297035932540894,accepted,26,0.5271901488304138,1.0,True
8,1,0.9297035932540894,accepted,27,0.5687730312347412,1.0,True
8,1,0.9297035932540894,accepted,28,0.6256288886070251,1.0,True
8,1,0.9297035932540894,accepted,29,0.6338759064674377,1.0,True
8,1,0.9297035932540894,accepted,30,0.6263118386268616,1.0,True
8,1,0.9297035932540894,accepted,31,0.6185075640678406,1.0,True
8,1,0.9297035932540894,accepted,32,0.6423296332359314,1.0,True
8,1,0.9297035932540894,accepted,33,0.6473724246025085,1.0,True
8,1,0.9297035932540894,accepted,34,0.6173831224441528,1.0,True
8,1,0.9297035932540894,accepted,35,0.6721062660217285,1.0,True
8,1,0.9297035932540894,accepted,36,0.6809269785881042,1.0,True
8,1,0.9297035932540894,accepted,37,0.699912428855896,1.0,True
8,1,0.9297035932540894,accepted,38,0.6503178477287292,1.0,True
8,1,0.9297035932540894,accepted,39,0.6677668690681458,1.0,True
8,1,0.9297035932540894,accepted,40,0.6438015103340149,1.0,True
8,1,0.9297035932540894,accepted,41,0.7143570780754089,1.0,True
8,1,0.9297035932540894,accepted,42,0.7171913385391235,1.0,True
8,1,0.9297035932540894,accepted,43,0.7045063972473145,1.0,True
8,1,0.9297035932540894,accepted,44,0.7058783769607544,1.0,True
8,1,0.9297035932540894,accepted,45,0.6965510249137878,1.0,True
8,1,0.9297035932540894,accepted,46,0.7227419018745422,1.0,True
8,1,0.9297035932540894,accepted,47,0.6891270279884338,1.0,True
8,1,0.9297035932540894,accepted,48,0.7179714441299438,1.0,True
8,1,0.9297035932540894,accepted,49,0.7458491325378418,1.0,True
8,1,0.9297035932540894,accepted,50,0.746537983417511,1.0,True
8,1,0.9297035932540894,accepted,51,0.6766519546508789,1.0,True
8,1,0.9297035932540894,accepted,52,0.7549173831939697,1.0,True
8,1,0.9297035932540894,accepted,53,0.7173253893852234,1.0,True
8,1,0.9297035932540894,accepted,54,0.7168521285057068,1.0,True
8,1,0.9297035932540894,accepted,55,0.7517046332359314,1.0,True
8,1,0.9297035932540894,accepted,56,0.7492682933807373,1.0,True
8,1,0.9297035932540894,accepted,57,0.758907675743103,1.0,True
8,1,0.9297035932540894,accepted,58,0.7113142609596252,1.0,True
8,1,0.9297035932540894,accepted,59,0.7533954977989197,1.0,True
8,1,0.9297035932540894,accepted,60,0.7396554350852966,1.0,True
8,1,0.9297035932540894,accepted,61,0.7596115469932556,1.0,True
8,1,0.9297035932540894,accepted,62,0.7598085999488831,1.0,True
8,1,0.9297035932540894,accepted,63,0.7527893781661987,1.0,True
8,1,0.9297035932540894,accepted,64,0.7677158117294312,1.0,True
8,1,0.9297035932540894,accepted,65,0.753050684928894,1.0,True
8,1,0.9297035932540894,accepted,66,0.7613608837127686,1.0,True
8,1,0.9297035932540894,accepted,67,0.7363980412483215,1.0,True
8,1,0.9297035932540894,accepted,68,0.7713823914527893,1.0,True
8,1,0.9297035932540894,accepted,69,0.752103328704834,1.0,True
8,1,0.9297035932540894,accepted,70,0.7743512392044067,1.0,True
8,1,0.9297035932540894,accepted,71,0.7731882929801941,1.0,True
8,1,0.9297035932540894,accepted,72,0.7746880650520325,1.0,True
8,1,0.9297035932540894,accepted,73,0.7462902665138245,1.0,True
8,1,0.9297035932540894,accepted,74,0.7732974290847778,1.0,True
8,1,0.9297035932540894,accepted,75,0.7823441624641418,1.0,True
8,1,0.9297035932540894,accepted,76,0.7506758570671082,1.0,True
8,1,0.9297035932540894,accepted,77,0.7434743046760559,1.0,True
8,1,0.9297035932540894,accepted,78,0.7862095832824707,1.0,True
8,1,0.9297035932540894,accepted,79,0.779092013835907,1.0,True
8,1,0.9297035932540894,accepted,80,0.770218014717102,1.0,True
8,1,0.9297035932540894,accepted,81,0.744973361492157,1.0,True
8,1,0.9297035932540894,accepted,82,0.7904015183448792,1.0,True
8,1,0.9297035932540894,accepted,83,0.7586124539375305,1.0,True
8,1,0.9297035932540894,accepted,84,0.7962148785591125,1.0,True
8,1,0.9297035932540894,accepted,85,0.7249259352684021,1.0,True
8,1,0.9297035932540894,accepted,86,0.7977867126464844,1.0,True
8,1,0.9297035932540894,accepted,87,0.7920857667922974,1.0,True
8,1,0.9297035932540894,accepted,88,0.7649796009063721,1.0,True
8,1,0.9297035932540894,accepted,89,0.7397287487983704,1.0,True
8,1,0.9297035932540894,accepted,90,0.7881193161010742,1.0,True
8,1,0.9297035932540894,accepted,91,0.7680351138114929,1.0,True
8,1,0.9297035932540894,accepted,92,0.7903050184249878,1.0,True
8,1,0.9297035932540894,accepted,93,0.8026739954948425,1.0,True
8,1,0.9297035932540894,accepted,94,0.7814255356788635,1.0,True
8,1,0.9297035932540894,accepted,95,0.7768661975860596,1.0,True
8,1,0.9297035932540894,accepted,96,0.8002251386642456,1.0,True
8,1,0.9297035932540894,accepted,97,0.7805793881416321,1.0,True
8,1,0.9297035932540894,accepted,98,0.7930713891983032,1.0,True
8,1,0.9297035932540894,accepted,99,0.7870557308197021,1.0,True
8,1,0.9297035932540894,accepted,100,0.7944642901420593,1.0,True
8,1,0.9297035932540894,accepted,101,0.7974672317504883,1.0,True
8,1,0.9297035932540894,accepted,102,0.7936767339706421,1.0,True
8,1,0.9297035932540894,accepted,103,0.7636675238609314,1.0,True
8,1,0.9297035932540894,accepted,104,0.7791514992713928,1.0,True
8,1,0.9297035932540894,accepted,105,0.784917950630188,1.0,True
8,1,0.9297035932540894,accepted,106,0.7975037097930908,1.0,True
8,1,0.9297035932540894,accepted,107,0.7814552783966064,1.0,True
8,1,0.9297035932540894,accepted,108,0.7785661816596985,1.0,True
8,1,0.9297035932540894,accepted,109,0.7923214435577393,1.0,True
8,1,0.9297035932540894,accepted,110,0.7989135384559631,1.0,True
8,1,0.9297035932540894,accepted,111,0.8029771447181702,1.0,True
8,1,0.9297035932540894,accepted,112,0.8023494482040405,1.0,True
8,1,0.9297035932540894,accepted,113,0.7792524695396423,1.0,True
8,1,0.9297035932540894,accepted,114,0.8035808205604553,1.0,True
8,1,0.9297035932540894,accepted,115,0.7841189503669739,1.0,True
8,1,0.9297035932540894,accepted,116,0.7862605452537537,1.0,True
8,1,0.9297035932540894,accepted,117,0.7854241728782654,1.0,True
8,1,0.9297035932540894,accepted,118,0.8050873875617981,1.0,True
8,1,0.9297035932540894,accepted,119,0.793788731098175,1.0,True
8,1,0.9297035932540894,accepted,120,0.814241886138916,1.0,True
8,1,0.9297035932540894,accepted,121,0.793461799621582,1.0,True
8,1,0.9297035932540894,accepted,122,0.7672679424285889,1.0,True
8,1,0.9297035932540894,accepted,123,0.8015968799591064,1.0,True
8,1,0.9297035932540894,accepted,124,0.8046145439147949,1.0,True
8,1,0.9297035932540894,accepted,125,0.8071661591529846,1.0,True
8,1,0.9297035932540894,accepted,126,0.8114234209060669,1.0,True
8,1,0.9297035932540894,accepted,127,0.7862485647201538,1.0,True
8,1,0.9297035932540894,accepted,128,0.794221818447113,1.0,True
8,1,0.9297035932540894,accepted,129,0.8085220456123352,1.0,True
8,1,0.9297035932540894,accepted,130,0.8083987832069397,1.0,True
8,1,0.9297035932540894,accepted,131,0.7977471351623535,1.0,True
8,1,0.9297035932540894,accepted,132,0.7855140566825867,1.0,True
8,1,0.9297035932540894,accepted,133,0.8126780390739441,1.0,True
8,1,0.9297035932540894,accepted,134,0.8084912300109863,1.0,True
8,1,0.9297035932540894,accepted,135,0.8154231309890747,1.0,True
8,1,0.9297035932540894,accepted,136,0.7887900471687317,1.0,True
8,1,0.9297035932540894,accepted,137,0.813239336013794,1.0,True
8,1,0.9297035932540894,accepted,138,0.7958201169967651,1.0,True
8,1,0.9297035932540894,accepted,139,0.8014379143714905,1.0,True
8,1,0.9297035932540894,accepted,140,0.8018660545349121,1.0,True
8,1,0.9297035932540894,accepted,141,0.8143600225448608,1.0,True
8,1,0.9297035932540894,accepted,142,0.8136675357818604,1.0,True
8,1,0.9297035932540894,accepted,143,0.8094478845596313,1.0,True
8,1,0.9297035932540894,accepted,144,0.8144562840461731,1.0,True
8,1,0.9297035932540894,accepted,145,0.8161295056343079,1.0,True
8,1,0.9297035932540894,accepted,146,0.7864315509796143,1.0,True
8,1,0.9297035932540894,accepted,147,0.7401832342147827,1.0,True
8,1,0.9297035932540894,accepted,148,0.8134968280792236,1.0,True
8,1,0.9297035932540894,accepted,149,0.8152178525924683,1.0,True
8,1,0.9297035932540894,accepted,150,0.8179590702056885,1.0,True
8,1,0.9297035932540894,accepted,151,0.805425226688385,1.0,True
8,1,0.9297035932540894,accepted,152,0.8134719729423523,1.0,True
8,1,0.9297035932540894,accepted,153,0.8162944912910461,1.0,True
8,1,0.9297035932540894,accepted,154,0.8202838897705078,1.0,True
8,1,0.9297035932540894,accepted,155,0.7968863844871521,1.0,True
8,1,0.9297035932540894,accepted,156,0.8177188038825989,1.0,True
8,1,0.9297035932540894,accepted,157,0.7962695360183716,1.0,True
8,1,0.9297035932540894,accepted,158,0.8182618021965027,1.0,True
8,1,0.9297035932540894,accepted,159,0.8069506287574768,1.0,True
8,1,0.9297035932540894,accepted,160,0.7944703102111816,1.0,True
8,1,0.9297035932540894,accepted,161,0.8164408802986145,1.0,True
8,1,0.9297035932540894,accepted,162,0.8133044242858887,1.0,True
8,1,0.9297035932540894,accepted,163,0.7645623683929443,1.0,True
8,1,0.9297035932540894,accepted,164,0.8167430758476257,1.0,True
8,1,0.9297035932540894,accepted,165,0.7994836568832397,1.0,True
8,1,0.9297035932540894,accepted,166,0.8209537267684937,1.0,True
8,1,0.9297035932540894,accepted,167,0.823381245136261,1.0,True
8,1,0.9297035932540894,accepted,168,0.817406952381134,1.0,True
8,1,0.9297035932540894,accepted,169,0.8084326386451721,1.0,True
8,1,0.9297035932540894,accepted,170,0.7839843034744263,1.0,True
8,1,0.9297035932540894,accepted,171,0.8125168085098267,1.0,True
8,1,0.9297035932540894,accepted,172,0.8143630623817444,1.0,True
8,1,0.9297035932540894,accepted,173,0.8206688165664673,1.0,True
8,1,0.9297035932540894,accepted,174,0.8198208808898926,1.0,True
8,1,0.9297035932540894,accepted,175,0.7917020916938782,1.0,True
8,1,0.9297035932540894,accepted,176,0.8148975372314453,1.0,True
8,1,0.9297035932540894,accepted,177,0.8161948919296265,1.0,True
8,1,0.9297035932540894,accepted,178,0.8183242082595825,1.0,True
8,1,0.9297035932540894,accepted,179,0.8193050622940063,1.0,True
8,1,0.9297035932540894,accepted,180,0.8200711011886597,1.0,True
8,1,0.9297035932540894,accepted,181,0.8212356567382812,1.0,True
8,1,0.9297035932540894,accepted,182,0.822063148021698,1.0,True
8,1,0.9297035932540894,accepted,183,0.8197583556175232,1.0,True
8,1,0.9297035932540894,accepted,184,0.8083124160766602,1.0,True
8,1,0.9297035932540894,accepted,185,0.8252869248390198,1.0,True
8,1,0.9297035932540894,accepted,186,0.8154697418212891,1.0,True
8,1,0.9297035932540894,accepted,187,0.7983195185661316,1.0,True
8,1,0.9297035932540894,accepted,188,0.810987114906311,1.0,True
8,1,0.9297035932540894,accepted,189,0.8132610321044922,1.0,True
8,1,0.9297035932540894,accepted,190,0.8142823576927185,1.0,True
8,1,0.9297035932540894,accepted,191,0.8244247436523438,1.0,True
8,1,0.9297035932540894,accepted,192,0.8165842294692993,1.0,True
8,1,0.9297035932540894,accepted,193,0.8092286586761475,1.0,True
8,1,0.9297035932540894,accepted,194,0.8155506253242493,1.0,True
8,1,0.9297035932540894,accepted,195,0.813686192035675,1.0,True
8,1,0.9297035932540894,accepted,196,0.8132516741752625,1.0,True
8,1,0.9297035932540894,accepted,197,0.8170889019966125,1.0,True
8,1,0.9297035932540894,accepted,198,0.8168646097183228,1.0,True
8,1,0.9297035932540894,accepted,199,0.810538649559021,1.0,True
8,1,0.9297035932540894,accepted,200,0.8081119656562805,1.0,True
8,1,0.9297035932540894,accepted,201,0.8178529739379883,1.0,True
8,1,0.9297035932540894,accepted,202,0.8247204422950745,1.0,True
8,1,0.9297035932540894,accepted,203,0.8261719942092896,1.0,True
8,1,0.9297035932540894,accepted,204,0.820252537727356,1.0,True
8,1,0.9297035932540894,accepted,205,0.8242422938346863,1.0,True
8,1,0.9297035932540894,accepted,206,0.8273389339447021,1.0,True
8,1,0.9297035932540894,accepted,207,0.8178030848503113,1.0,True
8,1,0.9297035932540894,accepted,208,0.8206093311309814,1.0,True
8,1,0.9297035932540894,accepted,209,0.8165125250816345,1.0,True
8,1,0.9297035932540894,accepted,210,0.823459804058075,1.0,True
8,1,0.9297035932540894,accepted,211,0.8214362263679504,1.0,True
8,1,0.9297035932540894,accepted,212,0.8120148181915283,1.0,True
8,1,0.9297035932540894,accepted,213,0.8244404792785645,1.0,True
8,1,0.9297035932540894,accepted,214,0.5213941931724548,1.0,True
8,1,0.9297035932540894,accepted,215,0.800790011882782,1.0,True
8,1,0.9297035932540894,accepted,216,0.8155101537704468,1.0,True
8,1,0.9297035932540894,accepted,217,0.6423860192298889,1.0,True
8,1,0.9297035932540894,accepted,218,0.8217495679855347,1.0,True
8,1,0.9297035932540894,accepted,219,0.8115844130516052,1.0,True
8,1,0.9297035932540894,accepted,220,0.8180651664733887,1.0,True
8,1,0.9297035932540894,accepted,221,0.7508992552757263,1.0,True
8,1,0.9297035932540894,accepted,222,0.807083010673523,1.0,True
8,1,0.9297035932540894,accepted,223,0.8274052143096924,1.0,True
8,1,0.9297035932540894,accepted,224,0.8229918479919434,1.0,True
8,1,0.9297035932540894,accepted,225,0.8102912902832031,1.0,True
8,1,0.9297035932540894,accepted,226,0.8135247826576233,1.0,True
8,1,0.9297035932540894,accepted,227,0.820650041103363,1.0,True
8,1,0.9297035932540894,accepted,228,0.8307766318321228,1.0,True
8,1,0.9297035932540894,accepted,229,0.8257246017456055,1.0,True
8,1,0.9297035932540894,accepted,230,0.8254285454750061,1.0,True
8,1,0.9297035932540894,accepted,231,0.8107087016105652,1.0,True
8,1,0.9297035932540894,accepted,232,0.8181400299072266,1.0,True
8,1,0.9297035932540894,accepted,233,0.8265628814697266,1.0,True
8,1,0.9297035932540894,accepted,234,0.820527970790863,1.0,True
8,1,0.9297035932540894,accepted,235,0.830272912979126,1.0,True
8,1,0.9297035932540894,accepted,236,0.8054713010787964,1.0,True
8,1,0.9297035932540894,accepted,237,0.7993800044059753,1.0,True
8,1,0.9297035932540894,accepted,238,0.8341522812843323,1.0,True
8,1,0.9297035932540894,accepted,239,0.8156065940856934,1.0,True
8,1,0.9297035932540894,accepted,240,0.8247298002243042,1.0,True
8,1,0.9297035932540894,accepted,241,0.8289437294006348,1.0,True
8,1,0.9297035932540894,accepted,242,0.8223893046379089,1.0,True
8,1,0.9297035932540894,accepted,243,0.7885674238204956,1.0,True
8,1,0.9297035932540894,accepted,244,0.827692449092865,1.0,True
8,1,0.9297035932540894,accepted,245,0.8290987014770508,1.0,True
8,1,0.9297035932540894,accepted,246,0.8172354698181152,1.0,True
8,1,0.9297035932540894,accepted,247,0.8256584405899048,1.0,True
8,1,0.9297035932540894,accepted,248,0.8253592848777771,1.0,True
8,1,0.9297035932540894,accepted,249,0.8207001686096191,1.0,True
8,1,0.9297035932540894,accepted,250,0.8316105604171753,1.0,True
8,1,0.9297035932540894,accepted,251,0.815581738948822,1.0,True
8,1,0.9297035932540894,accepted,252,0.8209913372993469,1.0,True
8,1,0.9297035932540894,accepted,253,0.8267993927001953,1.0,True
8,1,0.9297035932540894,accepted,254,0.8309605121612549,1.0,True
8,1,0.9297035932540894,accepted,255,0.8206688165664673,1.0,True
8,1,0.9297035932540894,accepted,256,0.8335670232772827,1.0,True
8,1,0.9297035932540894,accepted,257,0.8314043879508972,1.0,True
8,1,0.9297035932540894,accepted,258,0.8345851898193359,1.0,True
8,1,0.9297035932540894,accepted,259,0.8255923390388489,1.0,True
8,1,0.9297035932540894,accepted,260,0.8343528509140015,1.0,True
8,1,0.9297035932540894,accepted,261,0.8292632102966309,1.0,True
8,1,0.9297035932540894,accepted,262,0.8278851509094238,1.0,True
8,1,0.9297035932540894,accepted,263,0.8270139694213867,1.0,True
8,1,0.9297035932540894,accepted,264,0.8214862942695618,1.0,True
8,1,0.9297035932540894,accepted,265,0.826313853263855,1.0,True
8,1,0.9297035932540894,accepted,266,0.8285517692565918,1.0,True
8,1,0.9297035932540894,accepted,267,0.8266323208808899,1.0,True
8,1,0.9297035932540894,accepted,268,0.7825202941894531,1.0,True
8,1,0.9297035932540894,accepted,269,0.827540934085846,1.0,True
8,1,0.9297035932540894,accepted,270,0.8090187907218933,1.0,True
8,1,0.9297035932540894,accepted,271,0.8338373899459839,1.0,True
8,1,0.9297035932540894,accepted,272,0.8159178495407104,1.0,True
8,1,0.9297035932540894,accepted,273,0.8088213205337524,1.0,True
8,1,0.9297035932540894,accepted,274,0.8296492099761963,1.0,True
8,1,0.9297035932540894,accepted,275,0.831020712852478,1.0,True
8,1,0.9297035932540894,accepted,276,0.8295763731002808,1.0,True
8,1,0.9297035932540894,accepted,277,0.8233749270439148,1.0,True
8,1,0.9297035932540894,accepted,278,0.8279356360435486,1.0,True
8,1,0.9297035932540894,accepted,279,0.8277966976165771,1.0,True
8,1,0.9297035932540894,accepted,280,0.8361115455627441,1.0,True
8,1,0.9297035932540894,accepted,281,0.8364593386650085,1.0,True
8,1,0.9297035932540894,accepted,282,0.8335893154144287,1.0,True
8,1,0.9297035932540894,accepted,283,0.8277651071548462,1.0,True
8,1,0.9297035932540894,accepted,284,0.8183085918426514,1.0,True
8,1,0.9297035932540894,accepted,285,0.8334684371948242,1.0,True
8,1,0.9297035932540894,accepted,286,0.8305389881134033,1.0,True
8,1,0.9297035932540894,accepted,287,0.8352221846580505,1.0,True
8,1,0.9297035932540894,accepted,288,0.8373755812644958,1.0,True
8,1,0.9297035932540894,accepted,289,0.829472005367279,1.0,True
8,1,0.9297035932540894,accepted,290,0.8298866152763367,1.0,True
8,1,0.9297035932540894,accepted,291,0.8293043375015259,1.0,True
8,1,0.9297035932540894,accepted,292,0.8363093733787537,1.0,True
8,1,0.9297035932540894,accepted,293,0.8343591690063477,1.0,True
8,1,0.9297035932540894,accepted,294,0.8323754072189331,1.0,True
8,1,0.9297035932540894,accepted,295,0.835738480091095,1.0,True
8,1,0.9297035932540894,accepted,296,0.8107149004936218,1.0,True
8,1,0.9297035932540894,accepted,297,0.8374650478363037,1.0,True
8,1,0.9297035932540894,accepted,298,0.8233027458190918,1.0,True
8,1,0.9297035932540894,accepted,299,0.8254883885383606,1.0,True
8,1,0.9297035932540894,accepted,300,0.8341522812843323,1.0,True
8,1,0.9297035932540894,accepted,301,0.8351966738700867,1.0,True
8,1,0.9297035932540894,accepted,302,0.8309510350227356,1.0,True
8,1,0.9297035932540894,accepted,303,0.8348972201347351,1.0,True
8,1,0.9297035932540894,accepted,304,0.8312268257141113,1.0,True
8,1,0.9297035932540894,accepted,305,0.7793208956718445,1.0,True
8,1,0.9297035932540894,accepted,306,0.836127519607544,1.0,True
8,1,0.9297035932540894,accepted,307,0.8308051824569702,1.0,True
8,1,0.9297035932540894,accepted,308,0.8388782143592834,1.0,True
8,1,0.9297035932540894,accepted,309,0.8341396450996399,1.0,True
8,1,0.9297035932540894,accepted,310,0.8357703685760498,1.0,True
8,1,0.9297035932540894,accepted,311,0.8222638964653015,1.0,True
8,1,0.9297035932540894,accepted,312,0.8323468565940857,1.0,True
8,1,0.9297035932540894,accepted,313,0.8340441584587097,1.0,True
8,1,0.9297035932540894,accepted,314,0.8210602402687073,1.0,True
8,1,0.9297035932540894,accepted,315,0.8352858424186707,1.0,True
8,1,0.9297035932540894,accepted,316,0.8253058195114136,1.0,True
8,1,0.9297035932540894,accepted,317,0.8325881958007812,1.0,True
8,1,0.9297035932540894,accepted,318,0.8375385403633118,1.0,True
8,1,0.9297035932540894,accepted,319,0.8338627815246582,1.0,True
8,1,0.9297035932540894,accepted,320,0.809898853302002,1.0,True
8,1,0.9297035932540894,accepted,321,0.826931893825531,1.0,True
8,1,0.9297035932540894,accepted,322,0.8103747963905334,1.0,True
8,1,0.9297035932540894,accepted,323,0.7861495614051819,1.0,True
8,1,0.9297035932540894,accepted,324,0.8213672637939453,1.0,True
8,1,0.9297035932540894,accepted,325,0.7737311720848083,1.0,True
8,1,0.9297035932540894,accepted,326,0.8332681655883789,1.0,True
8,1,0.9297035932540894,accepted,327,0.805514395236969,1.0,True
8,1,0.9297035932540894,accepted,328,0.8139376044273376,1.0,True
8,1,0.9297035932540894,accepted,329,0.827701985836029,1.0,True
8,1,0.9297035932540894,accepted,330,0.8146116137504578,1.0,True
8,1,0.9297035932540894,accepted,331,0.8319944739341736,1.0,True
8,1,0.9297035932540894,accepted,332,0.8268278241157532,1.0,True
8,1,0.9297035932540894,accepted,333,0.7979784607887268,1.0,True
8,1,0.9297035932540894,accepted,334,0.8071938753128052,1.0,True
8,1,0.9297035932540894,accepted,335,0.8296998739242554,1.0,True
8,1,0.9297035932540894,accepted,336,0.8336878418922424,1.0,True
8,1,0.9297035932540894,accepted,337,0.8371583819389343,1.0,True
8,1,0.9297035932540894,accepted,338,0.8401400446891785,1.0,True
8,1,0.9297035932540894,accepted,339,0.8361498117446899,1.0,True
8,1,0.9297035932540894,accepted,340,0.8412015438079834,1.0,True
8,1,0.9297035932540894,accepted,341,0.8193487524986267,1.0,True
8,1,0.9297035932540894,accepted,342,0.8333476185798645,1.0,True
8,1,0.9297035932540894,accepted,343,0.8326517343521118,1.0,True
8,1,0.9297035932540894,accepted,344,0.8351553082466125,1.0,True
8,1,0.9297035932540894,accepted,345,0.8280777931213379,1.0,True
8,1,0.9297035932540894,accepted,346,0.8324834108352661,1.0,True
8,1,0.9297035932540894,accepted,347,0.8157715201377869,1.0,True
8,1,0.9297035932540894,accepted,348,0.8360924124717712,1.0,True
8,1,0.9297035932540894,accepted,349,0.8367497324943542,1.0,True
8,1,0.9297035932540894,accepted,350,0.8228506445884705,1.0,True
8,1,0.9297035932540894,accepted,351,0.7987002730369568,1.0,True
8,1,0.9297035932540894,accepted,352,0.8342159390449524,1.0,True
8,1,0.9297035932540894,accepted,353,0.8422739505767822,1.0,True
8,1,0.9297035932540894,accepted,354,0.8257182836532593,1.0,True
8,1,0.9297035932540894,accepted,355,0.8426756858825684,1.0,True
8,1,0.9297035932540894,accepted,356,0.8386542797088623,1.0,True
8,1,0.9297035932540894,accepted,357,0.8370019197463989,1.0,True
8,1,0.9297035932540894,accepted,358,0.8320420980453491,1.0,True
8,1,0.9297035932540894,accepted,359,0.820947527885437,1.0,True
8,1,0.9297035932540894,accepted,360,0.8088151216506958,1.0,True
8,1,0.9297035932540894,accepted,361,0.8361338973045349,1.0,True
8,1,0.9297035932540894,accepted,362,0.8349832892417908,1.0,True
8,1,0.9297035932540894,accepted,363,0.8335479497909546,1.0,True
8,1,0.9297035932540894,accepted,364,0.8407202959060669,1.0,True
8,1,0.9297035932540894,accepted,365,0.8376343846321106,1.0,True
8,1,0.9297035932540894,accepted,366,0.8398484587669373,1.0,True
8,1,0.9297035932540894,accepted,367,0.8332395553588867,1.0,True
8,1,0.9297035932540894,accepted,368,0.8394448757171631,1.0,True
8,1,0.9297035932540894,accepted,369,0.8369316458702087,1.0,True
8,1,0.9297035932540894,accepted,370,0.8333762884140015,1.0,True
8,1,0.9297035932540894,accepted,371,0.8235445618629456,1.0,True
8,1,0.9297035932540894,accepted,372,0.8380146622657776,1.0,True
8,1,0.9297035932540894,accepted,373,0.8331727981567383,1.0,True
8,1,0.9297035932540894,accepted,374,0.8275314569473267,1.0,True
8,1,0.9297035932540894,accepted,375,0.8331759572029114,1.0,True
8,1,0.9297035932540894,accepted,376,0.8284063935279846,1.0,True
8,1,0.9297035932540894,accepted,377,0.8172978758811951,1.0,True
8,1,0.9297035932540894,accepted,378,0.8320960998535156,1.0,True
8,1,0.9297035932540894,accepted,379,0.8284443020820618,1.0,True
8,1,0.9297035932540894,accepted,380,0.8325533270835876,1.0,True
8,1,0.9297035932540894,accepted,381,0.834556519985199,1.0,True
8,1,0.9297035932540894,accepted,382,0.8432416319847107,1.0,True
8,1,0.9297035932540894,accepted,383,0.8400759696960449,1.0,True
8,1,0.9297035932540894,accepted,384,0.8352635502815247,1.0,True
8,1,0.9297035932540894,accepted,385,0.7448937296867371,1.0,True
8,1,0.9297035932540894,accepted,386,0.8378037810325623,1.0,True
8,1,0.9297035932540894,accepted,387,0.834511935710907,1.0,True
8,1,0.9297035932540894,accepted,388,0.8261688351631165,1.0,True
8,1,0.9297035932540894,accepted,389,0.841484010219574,1.0,True
8,1,0.9297035932540894,accepted,390,0.8231708407402039,1.0,True
8,1,0.9297035932540894,accepted,391,0.8369316458702087,1.0,True
8,1,0.9297035932540894,accepted,392,0.8373212218284607,1.0,True
8,1,0.9297035932540894,accepted,393,0.8236545324325562,1.0,True
8,1,0.9297035932540894,accepted,394,0.7752408981323242,1.0,True
8,1,0.9297035932540894,accepted,395,0.840120792388916,1.0,True
8,1,0.9297035932540894,accepted,396,0.8314424157142639,1.0,True
8,1,0.9297035932540894,accepted,397,0.8415577411651611,1.0,True
8,1,0.9297035932540894,accepted,398,0.8400406837463379,1.0,True
8,1,0.9297035932540894,accepted,399,0.8385103344917297,1.0,True
8,1,0.9297035932540894,accepted,400,0.8388654589653015,1.0,True
8,1,0.9297035932540894,accepted,401,0.8321055769920349,1.0,True
8,1,0.9297035932540894,accepted,402,0.8361913561820984,1.0,True
8,1,0.9297035932540894,accepted,403,0.8405792117118835,1.0,True
8,1,0.9297035932540894,accepted,404,0.8418917655944824,1.0,True
8,1,0.9297035932540894,accepted,405,0.8415384888648987,1.0,True
8,1,0.9297035932540894,accepted,406,0.834782600402832,1.0,True
8,1,0.9297035932540894,accepted,407,0.8438787460327148,1.0,True
8,1,0.9297035932540894,accepted,408,0.834550142288208,1.0,True
8,1,0.9297035932540894,accepted,409,0.8386286497116089,1.0,True
8,1,0.9297035932540894,accepted,410,0.8414326310157776,1.0,True
8,1,0.9297035932540894,accepted,411,0.8428075313568115,1.0,True
8,1,0.9297035932540894,accepted,412,0.8417311310768127,1.0,True
8,1,0.9297035932540894,accepted,413,0.8429135680198669,1.0,True
8,1,0.9297035932540894,accepted,414,0.834496021270752,1.0,True
8,1,0.9297035932540894,accepted,415,0.840197741985321,1.0,True
8,1,0.9297035932540894,accepted,416,0.8449740409851074,1.0,True
8,1,0.9297035932540894,accepted,417,0.8442361950874329,1.0,True
8,1,0.9297035932540894,accepted,418,0.8280398845672607,1.0,True
8,1,0.9297035932540894,accepted,419,0.8403836488723755,1.0,True
8,1,0.9297035932540894,accepted,420,0.8341172933578491,1.0,True
8,1,0.9297035932540894,accepted,421,0.8399925827980042,1.0,True
8,1,0.9297035932540894,accepted,422,0.8415481448173523,1.0,True
8,1,0.9297035932540894,accepted,423,0.8359043002128601,1.0,True
8,1,0.9297035932540894,accepted,424,0.8385518789291382,1.0,True
8,1,0.9297035932540894,accepted,425,0.8370402455329895,1.0,True
8,1,0.9297035932540894,accepted,426,0.847618043422699,1.0,True
8,1,0.9297035932540894,accepted,427,0.8472753763198853,1.0,True
8,1,0.9297035932540894,accepted,428,0.8385583162307739,1.0,True
8,1,0.9297035932540894,accepted,429,0.8332935571670532,1.0,True
8,1,0.9297035932540894,accepted,430,0.8369476199150085,1.0,True
8,1,0.9297035932540894,accepted,431,0.7921794056892395,1.0,True
8,1,0.9297035932540894,accepted,432,0.840646505355835,1.0,True
8,1,0.9297035932540894,accepted,433,0.8312299847602844,1.0,True
8,1,0.9297035932540894,accepted,434,0.8456608653068542,1.0,True
8,1,0.9297035932540894,accepted,435,0.7462048530578613,1.0,True
8,1,0.9297035932540894,accepted,436,0.8374106884002686,1.0,True
8,1,0.9297035932540894,accepted,437,0.8363667726516724,1.0,True
8,1,0.9297035932540894,accepted,438,0.8333953619003296,1.0,True
8,1,0.9297035932540894,accepted,439,0.8408517837524414,1.0,True
8,1,0.9297035932540894,accepted,440,0.8451771140098572,1.0,True
8,1,0.9297035932540894,accepted,441,0.8340154886245728,1.0,True
8,1,0.9297035932540894,accepted,442,0.8472625017166138,1.0,True
8,1,0.9297035932540894,accepted,443,0.8389358520507812,1.0,True
8,1,0.9297035932540894,accepted,444,0.8198333978652954,1.0,True
8,1,0.9297035932540894,accepted,445,0.8380019068717957,1.0,True
8,1,0.9297035932540894,accepted,446,0.8211103081703186,1.0,True
8,1,0.9297035932540894,accepted,447,0.8395057320594788,1.0,True
8,1,0.9297035932540894,accepted,448,0.8400887250900269,1.0,True
8,1,0.9297035932540894,accepted,449,0.8421711325645447,1.0,True
8,1,0.9297035932540894,accepted,450,0.8453963994979858,1.0,True
8,1,0.9297035932540894,accepted,451,0.8422868251800537,1.0,True
8,1,0.9297035932540894,accepted,452,0.8464386463165283,1.0,True
8,1,0.9297035932540894,accepted,453,0.8410026431083679,1.0,True
8,1,0.9297035932540894,accepted,454,0.8437307476997375,1.0,True
8,1,0.9297035932540894,accepted,455,0.8449063301086426,1.0,True
8,1,0.9297035932540894,accepted,456,0.8405567407608032,1.0,True
8,1,0.9297035932540894,accepted,457,0.8400887250900269,1.0,True
8,1,0.9297035932540894,accepted,458,0.8408293724060059,1.0,True
8,1,0.9297035932540894,accepted,459,0.8424667716026306,1.0,True
8,1,0.9297035932540894,accepted,460,0.8328296542167664,1.0,True
8,1,0.9297035932540894,accepted,461,0.8462610840797424,1.0,True
8,1,0.9297035932540894,accepted,462,0.8445841073989868,1.0,True
8,1,0.9297035932540894,accepted,463,0.8457318544387817,1.0,True
8,1,0.9297035932540894,accepted,464,0.8418595790863037,1.0,True
8,1,0.9297035932540894,accepted,465,0.8351393342018127,1.0,True
8,1,0.9297035932540894,accepted,466,0.8061906099319458,1.0,True
8,1,0.9297035932540894,accepted,467,0.8430679440498352,1.0,True
8,1,0.9297035932540894,accepted,468,0.8364784717559814,1.0,True
8,1,0.9297035932540894,accepted,469,0.8394801020622253,1.0,True
8,1,0.9297035932540894,accepted,470,0.8420394659042358,1.0,True
8,1,0.9297035932540894,accepted,471,0.8348526954650879,1.0,True
8,1,0.9297035932540894,accepted,472,0.8414390087127686,1.0,True
8,1,0.9297035932540894,accepted,473,0.8363444805145264,1.0,True
8,1,0.9297035932540894,accepted,474,0.8397811651229858,1.0,True
8,1,0.9297035932540894,accepted,475,0.8344228267669678,1.0,True
8,1,0.9297035932540894,accepted,476,0.8450449705123901,1.0,True
8,1,0.9297035932540894,accepted,477,0.8387022614479065,1.0,True
8,1,0.9297035932540894,accepted,478,0.8335956335067749,1.0,True
8,1,0.9297035932540894,accepted,479,0.8401111364364624,1.0,True
8,1,0.9297035932540894,accepted,480,0.8423382639884949,1.0,True
8,1,0.9297035932540894,accepted,481,0.8404156565666199,1.0,True
8,1,0.9297035932540894,accepted,482,0.8400534987449646,1.0,True
8,1,0.9297035932540894,accepted,483,0.8341745734214783,1.0,True
8,1,0.9297035932540894,accepted,484,0.8393328189849854,1.0,True
8,1,0.9297035932540894,accepted,485,0.8398644924163818,1.0,True
8,1,0.9297035932540894,accepted,486,0.8485206365585327,1.0,True
8,1,0.9297035932540894,accepted,487,0.8381233811378479,1.0,True
8,1,0.9297035932540894,accepted,488,0.827017068862915,1.0,True
8,1,0.9297035932540894,accepted,489,0.8431001305580139,1.0,True
8,1,0.9297035932540894,accepted,490,0.8423317670822144,1.0,True
8,1,0.9297035932540894,accepted,491,0.8391790986061096,1.0,True
8,1,0.9297035932540894,accepted,492,0.8371264338493347,1.0,True
8,1,0.9297035932540894,accepted,493,0.8269349932670593,1.0,True
8,1,0.9297035932540894,accepted,494,0.8329630494117737,1.0,True
8,1,0.9297035932540894,accepted,495,0.8380594849586487,1.0,True
8,1,0.9297035932540894,accepted,496,0.8342223167419434,1.0,True
8,1,0.9297035932540894,accepted,497,0.791101336479187,1.0,True
8,1,0.9297035932540894,accepted,498,0.8393840193748474,1.0,True
8,1,0.9297035932540894,accepted,499,0.8421711325645447,1.0,True
8,1,0.9297035932540894,accepted,500,0.8416444659233093,1.0,True
9,1,1.0,accepted,1,0.07768034934997559,1.0,True
9,1,1.0,accepted,2,0.023713886737823486,1.0,True
9,1,1.0,accepted,3,0.07895558327436447,1.0,True
9,1,1.0,accepted,4,0.14381425082683563,1.0,True
9,1,1.0,accepted,5,0.24542118608951569,1.0,True
9,1,1.0,accepted,6,0.2419704794883728,1.0,True
9,1,1.0,accepted,7,0.2636708915233612,1.0,True
9,1,1.0,accepted,8,0.3381548523902893,1.0,True
9,1,1.0,accepted,9,0.41521385312080383,1.0,True
9,1,1.0,accepted,10,0.4394504427909851,1.0,True
9,1,1.0,accepted,11,0.4014934003353119,1.0,True
9,1,1.0,accepted,12,0.47617173194885254,1.0,True
9,1,1.0,accepted,13,0.47607409954071045,1.0,True
9,1,1.0,accepted,14,0.4445483088493347,1.0,True
9,1,1.0,accepted,15,0.5291142463684082,1.0,True
9,1,1.0,accepted,16,0.3932913541793823,1.0,True
9,1,1.0,accepted,17,0.496842622756958,1.0,True
9,1,1.0,accepted,18,0.502274215221405,1.0,True
9,1,1.0,accepted,19,0.4323004484176636,1.0,True
9,1,1.0,accepted,20,0.5188387036323547,1.0,True
9,1,1.0,accepted,21,0.5457435846328735,1.0,True
9,1,1.0,accepted,22,0.5053246021270752,1.0,True
9,1,1.0,accepted,23,0.5275185704231262,1.0,True
9,1,1.0,accepted,24,0.5480107069015503,1.0,True
9,1,1.0,accepted,25,0.5366020798683167,1.0,True
9,1,1.0,accepted,26,0.554701566696167,1.0,True
9,1,1.0,accepted,27,0.5668836236000061,1.0,True
9,1,1.0,accepted,28,0.5014983415603638,1.0,True
9,1,1.0,accepted,29,0.5849119424819946,1.0,True
9,1,1.0,accepted,30,0.5903900861740112,1.0,True
9,1,1.0,accepted,31,0.6084616184234619,1.0,True
9,1,1.0,accepted,32,0.6179273724555969,1.0,True
9,1,1.0,accepted,33,0.6330808401107788,1.0,True
9,1,1.0,accepted,34,0.622320294380188,1.0,True
9,1,1.0,accepted,35,0.6144538521766663,1.0,True
9,1,1.0,accepted,36,0.5924385786056519,1.0,True
9,1,1.0,accepted,37,0.6128895282745361,1.0,True
9,1,1.0,accepted,38,0.6399725675582886,1.0,True
9,1,1.0,accepted,39,0.6764918565750122,1.0,True
9,1,1.0,accepted,40,0.6339176297187805,1.0,True
9,1,1.0,accepted,41,0.6430448889732361,1.0,True
9,1,1.0,accepted,42,0.6334384083747864,1.0,True
9,1,1.0,accepted,43,0.6356289386749268,1.0,True
9,1,1.0,accepted,44,0.649478018283844,1.0,True
9,1,1.0,accepted,45,0.6707136034965515,1.0,True
9,1,1.0,accepted,46,0.6703241467475891,1.0,True
9,1,1.0,accepted,47,0.6466918587684631,1.0,True
9,1,1.0,accepted,48,0.6853100657463074,1.0,True
9,1,1.0,accepted,49,0.6605513095855713,1.0,True
9,1,1.0,accepted,50,0.665454089641571,1.0,True
9,1,1.0,accepted,51,0.6615732312202454,1.0,True
9,1,1.0,accepted,52,0.6564329862594604,1.0,True
9,1,1.0,accepted,53,0.647024929523468,1.0,True
9,1,1.0,accepted,54,0.6586710810661316,1.0,True
9,1,1.0,accepted,55,0.7154984474182129,1.0,True
9,1,1.0,accepted,56,0.6833730340003967,1.0,True
9,1,1.0,accepted,57,0.6887531876564026,1.0,True
9,1,1.0,accepted,58,0.7045521140098572,1.0,True
9,1,1.0,accepted,59,0.7013068795204163,1.0,True
9,1,1.0,accepted,60,0.6523726582527161,1.0,True
9,1,1.0,accepted,61,0.6759663224220276,1.0,True
9,1,1.0,accepted,62,0.6913644671440125,1.0,True
9,1,1.0,accepted,63,0.7211315035820007,1.0,True
9,1,1.0,accepted,64,0.6654857993125916,1.0,True
9,1,1.0,accepted,65,0.7092624306678772,1.0,True
9,1,1.0,accepted,66,0.7209354639053345,1.0,True
9,1,1.0,accepted,67,0.7070209383964539,1.0,True
9,1,1.0,accepted,68,0.7177448868751526,1.0,True
9,1,1.0,accepted,69,0.6944934725761414,1.0,True
9,1,1.0,accepted,70,0.7219723463058472,1.0,True
9,1,1.0,accepted,71,0.7137638926506042,1.0,True
9,1,1.0,accepted,72,0.7409495115280151,1.0,True
9,1,1.0,accepted,73,0.7092698812484741,1.0,True
9,1,1.0,accepted,74,0.7208997011184692,1.0,True
9,1,1.0,accepted,75,0.7014853954315186,1.0,True
9,1,1.0,accepted,76,0.7180118560791016,1.0,True
9,1,1.0,accepted,77,0.7110137939453125,1.0,True
9,1,1.0,accepted,78,0.7268365621566772,1.0,True
9,1,1.0,accepted,79,0.7290816903114319,1.0,True
9,1,1.0,accepted,80,0.723686695098877,1.0,True
9,1,1.0,accepted,81,0.7149268388748169,1.0,True
9,1,1.0,accepted,82,0.7338742017745972,1.0,True
9,1,1.0,accepted,83,0.7409275770187378,1.0,True
9,1,1.0,accepted,84,0.7359866499900818,1.0,True
9,1,1.0,accepted,85,0.7376829385757446,1.0,True
9,1,1.0,accepted,86,0.7369741201400757,1.0,True
9,1,1.0,accepted,87,0.7386586666107178,1.0,True
9,1,1.0,accepted,88,0.7587506771087646,1.0,True
9,1,1.0,accepted,89,0.7234721183776855,1.0,True
9,1,1.0,accepted,90,0.7460981607437134,1.0,True
9,1,1.0,accepted,91,0.739488959312439,1.0,True
9,1,1.0,accepted,92,0.7267277836799622,1.0,True
9,1,1.0,accepted,93,0.7374346256256104,1.0,True
9,1,1.0,accepted,94,0.7392653822898865,1.0,True
9,1,1.0,accepted,95,0.754635214805603,1.0,True
9,1,1.0,accepted,96,0.7671135663986206,1.0,True
9,1,1.0,accepted,97,0.7396941781044006,1.0,True
9,1,1.0,accepted,98,0.7465636134147644,1.0,True
9,1,1.0,accepted,99,0.7574558258056641,1.0,True
9,1,1.0,accepted,100,0.7549065947532654,1.0,True
9,1,1.0,accepted,101,0.7398797273635864,1.0,True
9,1,1.0,accepted,102,0.7456962466239929,1.0,True
9,1,1.0,accepted,103,0.745149552822113,1.0,True
9,1,1.0,accepted,104,0.7635415196418762,1.0,True
9,1,1.0,accepted,105,0.758621871471405,1.0,True
9,1,1.0,accepted,106,0.7528560757637024,1.0,True
9,1,1.0,accepted,107,0.7422536611557007,1.0,True
9,1,1.0,accepted,108,0.7474291920661926,1.0,True
9,1,1.0,accepted,109,0.7429916262626648,1.0,True
9,1,1.0,accepted,110,0.7649605870246887,1.0,True
9,1,1.0,accepted,111,0.7588216066360474,1.0,True
9,1,1.0,accepted,112,0.7657087445259094,1.0,True
9,1,1.0,accepted,113,0.734752357006073,1.0,True
9,1,1.0,accepted,114,0.7575215101242065,1.0,True
9,1,1.0,accepted,115,0.7587108612060547,1.0,True
9,1,1.0,accepted,116,0.7642999291419983,1.0,True
9,1,1.0,accepted,117,0.7374093532562256,1.0,True
9,1,1.0,accepted,118,0.762178897857666,1.0,True
9,1,1.0,accepted,119,0.7689372897148132,1.0,True
9,1,1.0,accepted,120,0.7706353664398193,1.0,True
9,1,1.0,accepted,121,0.7545337080955505,1.0,True
9,1,1.0,accepted,122,0.7671501040458679,1.0,True
9,1,1.0,accepted,123,0.7626478672027588,1.0,True
9,1,1.0,accepted,124,0.7527239918708801,1.0,True
9,1,1.0,accepted,125,0.7677905559539795,1.0,True
9,1,1.0,accepted,126,0.7754605412483215,1.0,True
9,1,1.0,accepted,127,0.7818585634231567,1.0,True
9,1,1.0,accepted,128,0.7368912100791931,1.0,True
9,1,1.0,accepted,129,0.7822889685630798,1.0,True
9,1,1.0,accepted,130,0.7841061949729919,1.0,True
9,1,1.0,accepted,131,0.7594485282897949,1.0,True
9,1,1.0,accepted,132,0.7733122110366821,1.0,True
9,1,1.0,accepted,133,0.7521119117736816,1.0,True
9,1,1.0,accepted,134,0.7693715691566467,1.0,True
9,1,1.0,accepted,135,0.7624245882034302,1.0,True
9,1,1.0,accepted,136,0.78126460313797,1.0,True
9,1,1.0,accepted,137,0.7778544425964355,1.0,True
9,1,1.0,accepted,138,0.7805965542793274,1.0,True
9,1,1.0,accepted,139,0.7677326798439026,1.0,True
9,1,1.0,accepted,140,0.7784510850906372,1.0,True
9,1,1.0,accepted,141,0.7791708111763,1.0,True
9,1,1.0,accepted,142,0.7713831067085266,1.0,True
9,1,1.0,accepted,143,0.7897309064865112,1.0,True
9,1,1.0,accepted,144,0.7719873189926147,1.0,True
9,1,1.0,accepted,145,0.7790006399154663,1.0,True
9,1,1.0,accepted,146,0.7772018909454346,1.0,True
9,1,1.0,accepted,147,0.7843028903007507,1.0,True
9,1,1.0,accepted,148,0.7810172438621521,1.0,True
9,1,1.0,accepted,149,0.741535484790802,1.0,True
9,1,1.0,accepted,150,0.7730408310890198,1.0,True
9,1,1.0,accepted,151,0.7716789245605469,1.0,True
9,1,1.0,accepted,152,0.7458718419075012,1.0,True
9,1,1.0,accepted,153,0.7753784656524658,1.0,True
9,1,1.0,accepted,154,0.7777935862541199,1.0,True
9,1,1.0,accepted,155,0.791323184967041,1.0,True
9,1,1.0,accepted,156,0.7760619521141052,1.0,True
9,1,1.0,accepted,157,0.7877023220062256,1.0,True
9,1,1.0,accepted,158,0.8003578782081604,1.0,True
9,1,1.0,accepted,159,0.7762278318405151,1.0,True
9,1,1.0,accepted,160,0.7593464851379395,1.0,True
9,1,1.0,accepted,161,0.7779693603515625,1.0,True
9,1,1.0,accepted,162,0.786655068397522,1.0,True
9,1,1.0,accepted,163,0.763994574546814,1.0,True
9,1,1.0,accepted,164,0.7889630794525146,1.0,True
9,1,1.0,accepted,165,0.7772619128227234,1.0,True
9,1,1.0,accepted,166,0.7939401268959045,1.0,True
9,1,1.0,accepted,167,0.803530216217041,1.0,True
9,1,1.0,accepted,168,0.7791091203689575,1.0,True
9,1,1.0,accepted,169,0.7869821786880493,1.0,True
9,1,1.0,accepted,170,0.7662405371665955,1.0,True
9,1,1.0,accepted,171,0.783893883228302,1.0,True
9,1,1.0,accepted,172,0.7668326497077942,1.0,True
9,1,1.0,accepted,173,0.7924242615699768,1.0,True
9,1,1.0,accepted,174,0.7788416743278503,1.0,True
9,1,1.0,accepted,175,0.7885043025016785,1.0,True
9,1,1.0,accepted,176,0.7884170413017273,1.0,True
9,1,1.0,accepted,177,0.7861046195030212,1.0,True
9,1,1.0,accepted,178,0.7919226288795471,1.0,True
9,1,1.0,accepted,179,0.78357994556427,1.0,True
9,1,1.0,accepted,180,0.7898469567298889,1.0,True
9,1,1.0,accepted,181,0.7744487524032593,1.0,True
9,1,1.0,accepted,182,0.8021131157875061,1.0,True
9,1,1.0,accepted,183,0.7866340279579163,1.0,True
9,1,1.0,accepted,184,0.7974733710289001,1.0,True
9,1,1.0,accepted,185,0.7607787847518921,1.0,True
9,1,1.0,accepted,186,0.791059136390686,1.0,True
9,1,1.0,accepted,187,0.7899501323699951,1.0,True
9,1,1.0,accepted,188,0.7909504771232605,1.0,True
9,1,1.0,accepted,189,0.7958800792694092,1.0,True
9,1,1.0,accepted,190,0.7902469635009766,1.0,True
9,1,1.0,accepted,191,0.7754435539245605,1.0,True
9,1,1.0,accepted,192,0.7929995656013489,1.0,True
9,1,1.0,accepted,193,0.7845325469970703,1.0,True
9,1,1.0,accepted,194,0.7914228439331055,1.0,True
9,1,1.0,accepted,195,0.7974832057952881,1.0,True
9,1,1.0,accepted,196,0.8042516708374023,1.0,True
9,1,1.0,accepted,197,0.7983248233795166,1.0,True
9,1,1.0,accepted,198,0.8040615320205688,1.0,True
9,1,1.0,accepted,199,0.7857688069343567,1.0,True
9,1,1.0,accepted,200,0.8026610016822815,1.0,True
9,1,1.0,accepted,201,0.7918033003807068,1.0,True
9,1,1.0,accepted,202,0.7872644662857056,1.0,True
9,1,1.0,accepted,203,0.7702893018722534,1.0,True
9,1,1.0,accepted,204,0.7207952737808228,1.0,True
9,1,1.0,accepted,205,0.7795966267585754,1.0,True
9,1,1.0,accepted,206,0.800658643245697,1.0,True
9,1,1.0,accepted,207,0.7956402897834778,1.0,True
9,1,1.0,accepted,208,0.7915563583374023,1.0,True
9,1,1.0,accepted,209,0.7993685007095337,1.0,True
9,1,1.0,accepted,210,0.8037586808204651,1.0,True
9,1,1.0,accepted,211,0.7754102349281311,1.0,True
9,1,1.0,accepted,212,0.7931500673294067,1.0,True
9,1,1.0,accepted,213,0.8090164661407471,1.0,True
9,1,1.0,accepted,214,0.7863715291023254,1.0,True
9,1,1.0,accepted,215,0.7913563847541809,1.0,True
9,1,1.0,accepted,216,0.8003678321838379,1.0,True
9,1,1.0,accepted,217,0.7903962731361389,1.0,True
9,1,1.0,accepted,218,0.8090450167655945,1.0,True
9,1,1.0,accepted,219,0.7852960824966431,1.0,True
9,1,1.0,accepted,220,0.7938235998153687,1.0,True
9,1,1.0,accepted,221,0.7791380882263184,1.0,True
9,1,1.0,accepted,222,0.8030629754066467,1.0,True
9,1,1.0,accepted,223,0.7993357181549072,1.0,True
9,1,1.0,accepted,224,0.8007442355155945,1.0,True
9,1,1.0,accepted,225,0.8097019195556641,1.0,True
9,1,1.0,accepted,226,0.7962573766708374,1.0,True
9,1,1.0,accepted,227,0.8036398887634277,1.0,True
9,1,1.0,accepted,228,0.7856429219245911,1.0,True
9,1,1.0,accepted,229,0.8032850623130798,1.0,True
9,1,1.0,accepted,230,0.8108456134796143,1.0,True
9,1,1.0,accepted,231,0.7928951978683472,1.0,True
9,1,1.0,accepted,232,0.7957495450973511,1.0,True
9,1,1.0,accepted,233,0.7891016006469727,1.0,True
9,1,1.0,accepted,234,0.8006212711334229,1.0,True
9,1,1.0,accepted,235,0.7950690984725952,1.0,True
9,1,1.0,accepted,236,0.804481029510498,1.0,True
9,1,1.0,accepted,237,0.8062352538108826,1.0,True
9,1,1.0,accepted,238,0.7903578281402588,1.0,True
9,1,1.0,accepted,239,0.8072593212127686,1.0,True
9,1,1.0,accepted,240,0.7884321212768555,1.0,True
9,1,1.0,accepted,241,0.8026625514030457,1.0,True
9,1,1.0,accepted,242,0.8156797289848328,1.0,True
9,1,1.0,accepted,243,0.675451397895813,1.0,True
9,1,1.0,accepted,244,0.8081682920455933,1.0,True
9,1,1.0,accepted,245,0.810616672039032,1.0,True
9,1,1.0,accepted,246,0.8121790289878845,1.0,True
9,1,1.0,accepted,247,0.8041481375694275,1.0,True
9,1,1.0,accepted,248,0.8055128455162048,1.0,True
9,1,1.0,accepted,249,0.7763862609863281,1.0,True
9,1,1.0,accepted,250,0.8146543502807617,1.0,True
9,1,1.0,accepted,251,0.802512526512146,1.0,True
9,1,1.0,accepted,252,0.810608983039856,1.0,True
9,1,1.0,accepted,253,0.8150631189346313,1.0,True
9,1,1.0,accepted,254,0.8024657964706421,1.0,True
9,1,1.0,accepted,255,0.8184982538223267,1.0,True
9,1,1.0,accepted,256,0.8043000102043152,1.0,True
9,1,1.0,accepted,257,0.7470714449882507,1.0,True
9,1,1.0,accepted,258,0.8181908130645752,1.0,True
9,1,1.0,accepted,259,0.8028860688209534,1.0,True
9,1,1.0,accepted,260,0.7869626879692078,1.0,True
9,1,1.0,accepted,261,0.7817214131355286,1.0,True
9,1,1.0,accepted,262,0.8057917356491089,1.0,True
9,1,1.0,accepted,263,0.8085560202598572,1.0,True
9,1,1.0,accepted,264,0.8022767901420593,1.0,True
9,1,1.0,accepted,265,0.809796929359436,1.0,True
9,1,1.0,accepted,266,0.8051741123199463,1.0,True
9,1,1.0,accepted,267,0.8125113844871521,1.0,True
9,1,1.0,accepted,268,0.8037310242652893,1.0,True
9,1,1.0,accepted,269,0.8049353361129761,1.0,True
9,1,1.0,accepted,270,0.8157240748405457,1.0,True
9,1,1.0,accepted,271,0.811130166053772,1.0,True
9,1,1.0,accepted,272,0.815026581287384,1.0,True
9,1,1.0,accepted,273,0.8116154074668884,1.0,True
9,1,1.0,accepted,274,0.8024352192878723,1.0,True
9,1,1.0,accepted,275,0.8147312998771667,1.0,True
9,1,1.0,accepted,276,0.7988640069961548,1.0,True
9,1,1.0,accepted,277,0.7978065013885498,1.0,True
9,1,1.0,accepted,278,0.8225650787353516,1.0,True
9,1,1.0,accepted,279,0.8203347325325012,1.0,True
9,1,1.0,accepted,280,0.7949159741401672,1.0,True
9,1,1.0,accepted,281,0.8034383058547974,1.0,True
9,1,1.0,accepted,282,0.7987855672836304,1.0,True
9,1,1.0,accepted,283,0.7459622025489807,1.0,True
9,1,1.0,accepted,284,0.8112361431121826,1.0,True
9,1,1.0,accepted,285,0.8028240203857422,1.0,True
9,1,1.0,accepted,286,0.7948598265647888,1.0,True
9,1,1.0,accepted,287,0.8076566457748413,1.0,True
9,1,1.0,accepted,288,0.8086509108543396,1.0,True
9,1,1.0,accepted,289,0.8102263808250427,1.0,True
9,1,1.0,accepted,290,0.7945286631584167,1.0,True
9,1,1.0,accepted,291,0.8206844925880432,1.0,True
9,1,1.0,accepted,292,0.8121867775917053,1.0,True
9,1,1.0,accepted,293,0.7979152798652649,1.0,True
9,1,1.0,accepted,294,0.8165242075920105,1.0,True
9,1,1.0,accepted,295,0.8208026885986328,1.0,True
9,1,1.0,accepted,296,0.8026280403137207,1.0,True
9,1,1.0,accepted,297,0.8087410926818848,1.0,True
9,1,1.0,accepted,298,0.8253844976425171,1.0,True
9,1,1.0,accepted,299,0.8147180676460266,1.0,True
9,1,1.0,accepted,300,0.7676938772201538,1.0,True
9,1,1.0,accepted,301,0.8232226371765137,1.0,True
9,1,1.0,accepted,302,0.8189471960067749,1.0,True
9,1,1.0,accepted,303,0.8286181092262268,1.0,True
9,1,1.0,accepted,304,0.806147575378418,1.0,True
9,1,1.0,accepted,305,0.8154246807098389,1.0,True
9,1,1.0,accepted,306,0.8219612240791321,1.0,True
9,1,1.0,accepted,307,0.8182157278060913,1.0,True
9,1,1.0,accepted,308,0.8265818357467651,1.0,True
9,1,1.0,accepted,309,0.8164105415344238,1.0,True
9,1,1.0,accepted,310,0.8112261295318604,1.0,True
9,1,1.0,accepted,311,0.812280535697937,1.0,True
9,1,1.0,accepted,312,0.8073424100875854,1.0,True
9,1,1.0,accepted,313,0.8216038942337036,1.0,True
9,1,1.0,accepted,314,0.8112059831619263,1.0,True
9,1,1.0,accepted,315,0.8204098343849182,1.0,True
9,1,1.0,accepted,316,0.8121659159660339,1.0,True
9,1,1.0,accepted,317,0.8055250644683838,1.0,True
9,1,1.0,accepted,318,0.7801626324653625,1.0,True
9,1,1.0,accepted,319,0.8071461319923401,1.0,True
9,1,1.0,accepted,320,0.8010810613632202,1.0,True
9,1,1.0,accepted,321,0.8168022632598877,1.0,True
9,1,1.0,accepted,322,0.825446605682373,1.0,True
9,1,1.0,accepted,323,0.8139345049858093,1.0,True
9,1,1.0,accepted,324,0.828993558883667,1.0,True
9,1,1.0,accepted,325,0.7912696003913879,1.0,True
9,1,1.0,accepted,326,0.8180354833602905,1.0,True
9,1,1.0,accepted,327,0.8222983479499817,1.0,True
9,1,1.0,accepted,328,0.8152092695236206,1.0,True
9,1,1.0,accepted,329,0.7855514883995056,1.0,True
9,1,1.0,accepted,330,0.8231629729270935,1.0,True
9,1,1.0,accepted,331,0.8247069716453552,1.0,True
9,1,1.0,accepted,332,0.8211918473243713,1.0,True
9,1,1.0,accepted,333,0.8249626159667969,1.0,True
9,1,1.0,accepted,334,0.8182352781295776,1.0,True
9,1,1.0,accepted,335,0.8167484998703003,1.0,True
9,1,1.0,accepted,336,0.8240277171134949,1.0,True
9,1,1.0,accepted,337,0.8185052871704102,1.0,True
9,1,1.0,accepted,338,0.8280074596405029,1.0,True
9,1,1.0,accepted,339,0.7650933861732483,1.0,True
9,1,1.0,accepted,340,0.8299214839935303,1.0,True
9,1,1.0,accepted,341,0.8167749643325806,1.0,True
9,1,1.0,accepted,342,0.8114954233169556,1.0,True
9,1,1.0,accepted,343,0.8305477499961853,1.0,True
9,1,1.0,accepted,344,0.8233420252799988,1.0,True
9,1,1.0,accepted,345,0.8338587880134583,1.0,True
9,1,1.0,accepted,346,0.7709131240844727,1.0,True
9,1,1.0,accepted,347,0.7604914903640747,1.0,True
9,1,1.0,accepted,348,0.8318913578987122,1.0,True
9,1,1.0,accepted,349,0.7768669128417969,1.0,True
9,1,1.0,accepted,350,0.8108888864517212,1.0,True
9,1,1.0,accepted,351,0.8173882365226746,1.0,True
9,1,1.0,accepted,352,0.8240050077438354,1.0,True
9,1,1.0,accepted,353,0.8044518828392029,1.0,True
9,1,1.0,accepted,354,0.8219925761222839,1.0,True
9,1,1.0,accepted,355,0.8016840815544128,1.0,True
9,1,1.0,accepted,356,0.826629102230072,1.0,True
9,1,1.0,accepted,357,0.8120179176330566,1.0,True
9,1,1.0,accepted,358,0.8247140645980835,1.0,True
9,1,1.0,accepted,359,0.810752809047699,1.0,True
9,1,1.0,accepted,360,0.8281693458557129,1.0,True
9,1,1.0,accepted,361,0.8354403972625732,1.0,True
9,1,1.0,accepted,362,0.834632158279419,1.0,True
9,1,1.0,accepted,363,0.7663230895996094,1.0,True
9,1,1.0,accepted,364,0.8257033228874207,1.0,True
9,1,1.0,accepted,365,0.8222889304161072,1.0,True
9,1,1.0,accepted,366,0.8274825215339661,1.0,True
9,1,1.0,accepted,367,0.8232603073120117,1.0,True
9,1,1.0,accepted,368,0.8347252607345581,1.0,True
9,1,1.0,accepted,369,0.8326978087425232,1.0,True
9,1,1.0,accepted,370,0.8235846757888794,1.0,True
9,1,1.0,accepted,371,0.819900631904602,1.0,True
9,1,1.0,accepted,372,0.8091955184936523,1.0,True
9,1,1.0,accepted,373,0.6604322791099548,1.0,True
9,1,1.0,accepted,374,0.8323087692260742,1.0,True
9,1,1.0,accepted,375,0.8308606743812561,1.0,True
9,1,1.0,accepted,376,0.8292964100837708,1.0,True
9,1,1.0,accepted,377,0.8160345554351807,1.0,True
9,1,1.0,accepted,378,0.8215506076812744,1.0,True
9,1,1.0,accepted,379,0.8229659795761108,1.0,True
9,1,1.0,accepted,380,0.7897053360939026,1.0,True
9,1,1.0,accepted,381,0.8288520574569702,1.0,True
9,1,1.0,accepted,382,0.8277525305747986,1.0,True
9,1,1.0,accepted,383,0.820254921913147,1.0,True
9,1,1.0,accepted,384,0.7664839029312134,1.0,True
9,1,1.0,accepted,385,0.8201516270637512,1.0,True
9,1,1.0,accepted,386,0.8230907320976257,1.0,True
9,1,1.0,accepted,387,0.8258025646209717,1.0,True
9,1,1.0,accepted,388,0.8160399794578552,1.0,True
9,1,1.0,accepted,389,0.810592770576477,1.0,True
9,1,1.0,accepted,390,0.8188886642456055,1.0,True
9,1,1.0,accepted,391,0.8327184319496155,1.0,True
9,1,1.0,accepted,392,0.8331823348999023,1.0,True
9,1,1.0,accepted,393,0.8298145532608032,1.0,True
9,1,1.0,accepted,394,0.8255277276039124,1.0,True
9,1,1.0,accepted,395,0.8219306468963623,1.0,True
9,1,1.0,accepted,396,0.8176907896995544,1.0,True
9,1,1.0,accepted,397,0.829671323299408,1.0,True
9,1,1.0,accepted,398,0.8356316685676575,1.0,True
9,1,1.0,accepted,399,0.8261641263961792,1.0,True
9,1,1.0,accepted,400,0.8159411549568176,1.0,True
9,1,1.0,accepted,401,0.818990170955658,1.0,True
9,1,1.0,accepted,402,0.8114358186721802,1.0,True
9,1,1.0,accepted,403,0.8294047713279724,1.0,True
9,1,1.0,accepted,404,0.8092464804649353,1.0,True
9,1,1.0,accepted,405,0.8240631222724915,1.0,True
9,1,1.0,accepted,406,0.8251885175704956,1.0,True
9,1,1.0,accepted,407,0.8102859258651733,1.0,True
9,1,1.0,accepted,408,0.8163147568702698,1.0,True
9,1,1.0,accepted,409,0.7318417429924011,1.0,True
9,1,1.0,accepted,410,0.6135169863700867,1.0,True
9,1,1.0,accepted,411,0.8215333223342896,1.0,True
9,1,1.0,accepted,412,0.8174389600753784,1.0,True
9,1,1.0,accepted,413,0.8287066221237183,1.0,True
9,1,1.0,accepted,414,0.837002694606781,1.0,True
9,1,1.0,accepted,415,0.8255112171173096,1.0,True
9,1,1.0,accepted,416,0.8228961229324341,1.0,True
9,1,1.0,accepted,417,0.8266606330871582,1.0,True
9,1,1.0,accepted,418,0.8180448412895203,1.0,True
9,1,1.0,accepted,419,0.8165055513381958,1.0,True
9,1,1.0,accepted,420,0.8302966356277466,1.0,True
9,1,1.0,accepted,421,0.8375002145767212,1.0,True
9,1,1.0,accepted,422,0.8090604543685913,1.0,True
9,1,1.0,accepted,423,0.8368789553642273,1.0,True
9,1,1.0,accepted,424,0.8328232765197754,1.0,True
9,1,1.0,accepted,425,0.46307113766670227,1.0,True
9,1,1.0,accepted,426,0.8284790515899658,1.0,True
9,1,1.0,accepted,427,0.8318286538124084,1.0,True
9,1,1.0,accepted,428,0.8307045698165894,1.0,True
9,1,1.0,accepted,429,0.8330528140068054,1.0,True
9,1,1.0,accepted,430,0.8406802415847778,1.0,True
9,1,1.0,accepted,431,0.8354093432426453,1.0,True
9,1,1.0,accepted,432,0.8279420137405396,1.0,True
9,1,1.0,accepted,433,0.8312165141105652,1.0,True
9,1,1.0,accepted,434,0.8329153656959534,1.0,True
9,1,1.0,accepted,435,0.8245056867599487,1.0,True
9,1,1.0,accepted,436,0.802165150642395,1.0,True
9,1,1.0,accepted,437,0.8397499322891235,1.0,True
9,1,1.0,accepted,438,0.8290125131607056,1.0,True
9,1,1.0,accepted,439,0.741442859172821,1.0,True
9,1,1.0,accepted,440,0.8120814561843872,1.0,True
9,1,1.0,accepted,441,0.8326549530029297,1.0,True
9,1,1.0,accepted,442,0.772499144077301,1.0,True
9,1,1.0,accepted,443,0.834902822971344,1.0,True
9,1,1.0,accepted,444,0.8304970264434814,1.0,True
9,1,1.0,accepted,445,0.8317755460739136,1.0,True
9,1,1.0,accepted,446,0.8354308605194092,1.0,True
9,1,1.0,accepted,447,0.8296350240707397,1.0,True
9,1,1.0,accepted,448,0.8316280245780945,1.0,True
9,1,1.0,accepted,449,0.8319222927093506,1.0,True
9,1,1.0,accepted,450,0.8244011402130127,1.0,True
9,1,1.0,accepted,451,0.5863383412361145,1.0,True
9,1,1.0,accepted,452,0.6363118886947632,1.0,True
9,1,1.0,accepted,453,0.8388774991035461,1.0,True
9,1,1.0,accepted,454,0.8122487664222717,1.0,True
9,1,1.0,accepted,455,0.8333317041397095,1.0,True
9,1,1.0,accepted,456,0.784809410572052,1.0,True
9,1,1.0,accepted,457,0.7118978500366211,1.0,True
9,1,1.0,accepted,458,0.8390214443206787,1.0,True
9,1,1.0,accepted,459,0.8393895626068115,1.0,True
9,1,1.0,accepted,460,0.7620153427124023,1.0,True
9,1,1.0,accepted,461,0.827701985836029,1.0,True
9,1,1.0,accepted,462,0.8353105783462524,1.0,True
9,1,1.0,accepted,463,0.818558394908905,1.0,True
9,1,1.0,accepted,464,0.8264281153678894,1.0,True
9,1,1.0,accepted,465,0.824924111366272,1.0,True
9,1,1.0,accepted,466,0.7998733520507812,1.0,True
9,1,1.0,accepted,467,0.8234378099441528,1.0,True
9,1,1.0,accepted,468,0.8351751565933228,1.0,True
9,1,1.0,accepted,469,0.8222591280937195,1.0,True
9,1,1.0,accepted,470,0.8312045931816101,1.0,True
9,1,1.0,accepted,471,0.8370506167411804,1.0,True
9,1,1.0,accepted,472,0.8382097482681274,1.0,True
9,1,1.0,accepted,473,0.8279213905334473,1.0,True
9,1,1.0,accepted,474,0.8325691223144531,1.0,True
9,1,1.0,accepted,475,0.8186848759651184,1.0,True
9,1,1.0,accepted,476,0.8103508353233337,1.0,True
9,1,1.0,accepted,477,0.825264036655426,1.0,True
9,1,1.0,accepted,478,0.8358469009399414,1.0,True
9,1,1.0,accepted,479,0.8273980617523193,1.0,True
9,1,1.0,accepted,480,0.8301597237586975,1.0,True
9,1,1.0,accepted,481,0.7797238230705261,1.0,True
9,1,1.0,accepted,482,0.8168357014656067,1.0,True
9,1,1.0,accepted,483,0.7906978130340576,1.0,True
9,1,1.0,accepted,484,0.8263524174690247,1.0,True
9,1,1.0,accepted,485,0.7711182832717896,1.0,True
9,1,1.0,accepted,486,0.8347682356834412,1.0,True
9,1,1.0,accepted,487,0.8302507400512695,1.0,True
9,1,1.0,accepted,488,0.8229016065597534,1.0,True
9,1,1.0,accepted,489,0.8150623440742493,1.0,True
9,1,1.0,accepted,490,0.8222638964653015,1.0,True
9,1,1.0,accepted,491,0.8087272047996521,1.0,True
9,1,1.0,accepted,492,0.832673966884613,1.0,True
9,1,1.0,accepted,493,0.8166947364807129,1.0,True
9,1,1.0,accepted,494,0.8398204445838928,1.0,True
9,1,1.0,accepted,495,0.826058566570282,1.0,True
9,1,1.0,accepted,496,0.818293035030365,1.0,True
9,1,1.0,accepted,497,0.830467700958252,1.0,True
9,1,1.0,accepted,498,0.83266681432724,1.0,True
9,1,1.0,accepted,499,0.8402153849601746,1.0,True
9,1,1.0,accepted,500,0.833807110786438,1.0,True
