level,attempt,t,attempt_status,step,batch_ess,kept_fraction,update_applied
1,1,0.20999999344348907,accepted,1,0.022686636075377464,1.0,True
1,1,0.20999999344348907,accepted,2,0.023854106664657593,1.0,True
1,1,0.20999999344348907,accepted,3,0.022785965353250504,1.0,True
1,1,0.20999999344348907,accepted,4,0.02406434342265129,1.0,True
1,1,0.20999999344348907,accepted,5,0.025166334584355354,1.0,True
1,1,0.20999999344348907,accepted,6,0.025805898010730743,1.0,True
1,1,0.20999999344348907,accepted,7,0.0291411355137825,1.0,True
1,1,0.20999999344348907,accepted,8,0.029569966718554497,1.0,True
1,1,0.20999999344348907,accepted,9,0.033681031316518784,1.0,True
1,1,0.20999999344348907,accepted,10,0.034771066159009933,1.0,True
1,1,0.20999999344348907,accepted,11,0.03826200217008591,1.0,True
1,1,0.20999999344348907,accepted,12,0.04710253328084946,1.0,True
1,1,0.20999999344348907,accepted,13,0.05907141789793968,1.0,True
1,1,0.20999999344348907,accepted,14,0.0678575411438942,1.0,True
1,1,0.20999999344348907,accepted,15,0.0824100449681282,1.0,True
1,1,0.20999999344348907,accepted,16,0.09396052360534668,1.0,True
1,1,0.20999999344348907,accepted,17,0.10556702315807343,1.0,True
1,1,0.20999999344348907,accepted,18,0.1103544607758522,1.0,True
1,1,0.20999999344348907,accepted,19,0.11860235035419464,1.0,True
1,1,0.20999999344348907,accepted,20,0.13450101017951965,1.0,True
1,1,0.20999999344348907,accepted,21,0.13368946313858032,1.0,True
1,1,0.20999999344348907,accepted,22,0.16719934344291687,1.0,True
1,1,0.20999999344348907,accepted,23,0.20636126399040222,1.0,True
1,1,0.20999999344348907,accepted,24,0.22957901656627655,1.0,True
1,1,0.20999999344348907,accepted,25,0.27189624309539795,1.0,True
1,1,0.20999999344348907,accepted,26,0.2963765263557434,1.0,True
1,1,0.20999999344348907,accepted,27,0.32378238439559937,1.0,True
1,1,0.20999999344348907,accepted,28,0.336804062128067,1.0,True
1,1,0.20999999344348907,accepted,29,0.35744723677635193,1.0,True
1,1,0.20999999344348907,accepted,30,0.38040080666542053,1.0,True
1,1,0.20999999344348907,accepted,31,0.3877227008342743,1.0,True
1,1,0.20999999344348907,accepted,32,0.42455437779426575,1.0,True
1,1,0.20999999344348907,accepted,33,0.4255685806274414,1.0,True
1,1,0.20999999344348907,accepted,34,0.46944165229797363,1.0,True
1,1,0.20999999344348907,accepted,35,0.4948909878730774,1.0,True
1,1,0.20999999344348907,accepted,36,0.5097573399543762,1.0,True
1,1,0.20999999344348907,accepted,37,0.5586215257644653,1.0,True
1,1,0.20999999344348907,accepted,38,0.5594212412834167,1.0,False
1,1,0.20999999344348907,accepted,39,0.5651304125785828,1.0,True
1,1,0.20999999344348907,accepted,40,0.5745381712913513,1.0,True
1,1,0.20999999344348907,accepted,41,0.5929054617881775,1.0,True
1,1,0.20999999344348907,accepted,42,0.6098861694335938,1.0,True
1,1,0.20999999344348907,accepted,43,0.6414414048194885,1.0,True
1,1,0.20999999344348907,accepted,44,0.6425005793571472,1.0,True
1,1,0.20999999344348907,accepted,45,0.6593945026397705,1.0,True
1,1,0.20999999344348907,accepted,46,0.6759843826293945,1.0,True
1,1,0.20999999344348907,accepted,47,0.6825549602508545,1.0,True
1,1,0.20999999344348907,accepted,48,0.6932897567749023,1.0,True
1,1,0.20999999344348907,accepted,49,0.7108862996101379,1.0,True
1,1,0.20999999344348907,accepted,50,0.7313610315322876,1.0,True
1,1,0.20999999344348907,accepted,51,0.7343348264694214,1.0,True
1,1,0.20999999344348907,accepted,52,0.7454736232757568,1.0,True
1,1,0.20999999344348907,accepted,53,0.7606445550918579,1.0,True
1,1,0.20999999344348907,accepted,54,0.7654714584350586,1.0,True
1,1,0.20999999344348907,accepted,55,0.779002845287323,1.0,True
1,1,0.20999999344348907,accepted,56,0.7673871517181396,1.0,True
1,1,0.20999999344348907,accepted,57,0.7887058258056641,1.0,True
1,1,0.20999999344348907,accepted,58,0.78282630443573,1.0,True
1,1,0.20999999344348907,accepted,59,0.7928233742713928,1.0,True
1,1,0.20999999344348907,accepted,60,0.8007449507713318,1.0,True
1,1,0.20999999344348907,accepted,61,0.8040691614151001,1.0,True
1,1,0.20999999344348907,accepted,62,0.8195129036903381,1.0,True
1,1,0.20999999344348907,accepted,63,0.7990507483482361,1.0,True
1,1,0.20999999344348907,accepted,64,0.8162657022476196,1.0,True
1,1,0.20999999344348907,accepted,65,0.8218789100646973,1.0,True
1,1,0.20999999344348907,accepted,66,0.8368183374404907,1.0,True
1,1,0.20999999344348907,accepted,67,0.8329718112945557,1.0,True
1,1,0.20999999344348907,accepted,68,0.8261570334434509,1.0,True
1,1,0.20999999344348907,accepted,69,0.8522186875343323,1.0,True
1,1,0.20999999344348907,accepted,70,0.846713125705719,1.0,True
1,1,0.20999999344348907,accepted,71,0.8490346670150757,1.0,True
1,1,0.20999999344348907,accepted,72,0.8532360196113586,1.0,True
1,1,0.20999999344348907,accepted,73,0.8541128635406494,1.0,True
1,1,0.20999999344348907,accepted,74,0.8598435521125793,1.0,True
1,1,0.20999999344348907,accepted,75,0.8563010692596436,1.0,True
1,1,0.20999999344348907,accepted,76,0.8647777438163757,1.0,True
1,1,0.20999999344348907,accepted,77,0.8596033453941345,1.0,True
1,1,0.20999999344348907,accepted,78,0.86341392993927,1.0,True
1,1,0.20999999344348907,accepted,79,0.8470887541770935,1.0,True
1,1,0.20999999344348907,accepted,80,0.8701351881027222,1.0,True
1,1,0.20999999344348907,accepted,81,0.8679728507995605,1.0,True
1,1,0.20999999344348907,accepted,82,0.8651663064956665,1.0,True
1,1,0.20999999344348907,accepted,83,0.8755106925964355,1.0,True
1,1,0.20999999344348907,accepted,84,0.8815514445304871,1.0,True
1,1,0.20999999344348907,accepted,85,0.8728979229927063,1.0,True
1,1,0.20999999344348907,accepted,86,0.8813765645027161,1.0,True
1,1,0.20999999344348907,accepted,87,0.8846641778945923,1.0,True
1,1,0.20999999344348907,accepted,88,0.8799513578414917,1.0,True
1,1,0.20999999344348907,accepted,89,0.8719859719276428,1.0,True
1,1,0.20999999344348907,accepted,90,0.8863100409507751,1.0,True
1,1,0.20999999344348907,accepted,91,0.8869213461875916,1.0,True
1,1,0.20999999344348907,accepted,92,0.8807195425033569,1.0,True
1,1,0.20999999344348907,accepted,93,0.8873714208602905,1.0,True
1,1,0.20999999344348907,accepted,94,0.8886215090751648,1.0,True
1,1,0.20999999344348907,accepted,95,0.8934940695762634,1.0,True
1,1,0.20999999344348907,accepted,96,0.8894268870353699,1.0,True
1,1,0.20999999344348907,accepted,97,0.8910943865776062,1.0,True
1,1,0.20999999344348907,accepted,98,0.8985819816589355,1.0,True
1,1,0.20999999344348907,accepted,99,0.8815068602561951,1.0,True
1,1,0.20999999344348907,accepted,100,0.9025446176528931,1.0,True
1,1,0.20999999344348907,accepted,101,0.8946571350097656,1.0,True
1,1,0.20999999344348907,accepted,102,0.8951162695884705,1.0,True
1,1,0.20999999344348907,accepted,103,0.899616003036499,1.0,True
1,1,0.20999999344348907,accepted,104,0.8978238105773926,1.0,True
1,1,0.20999999344348907,accepted,105,0.8995301723480225,1.0,True
1,1,0.20999999344348907,accepted,106,0.9063000082969666,1.0,True
1,1,0.20999999344348907,accepted,107,0.8994513154029846,1.0,True
1,1,0.20999999344348907,accepted,108,0.9047128558158875,1.0,True
1,1,0.20999999344348907,accepted,109,0.8989658951759338,1.0,True
1,1,0.20999999344348907,accepted,110,0.9062395095825195,1.0,True
1,1,0.20999999344348907,accepted,111,0.8983402848243713,1.0,True
1,1,0.20999999344348907,accepted,112,0.9052772521972656,1.0,True
1,1,0.20999999344348907,accepted,113,0.9136225581169128,1.0,True
1,1,0.20999999344348907,accepted,114,0.9048543572425842,1.0,True
1,1,0.20999999344348907,accepted,115,0.9055759906768799,1.0,True
1,1,0.20999999344348907,accepted,116,0.9051563739776611,1.0,True
1,1,0.20999999344348907,accepted,117,0.9045764803886414,1.0,True
1,1,0.20999999344348907,accepted,118,0.9194946885108948,1.0,True
1,1,0.20999999344348907,accepted,119,0.9167891144752502,1.0,True
1,1,0.20999999344348907,accepted,120,0.9125549793243408,1.0,True
1,1,0.20999999344348907,accepted,121,0.9109029769897461,1.0,True
1,1,0.20999999344348907,accepted,122,0.9164167046546936,1.0,True
1,1,0.20999999344348907,accepted,123,0.9140967130661011,1.0,True
1,1,0.20999999344348907,accepted,124,0.9154279232025146,1.0,True
1,1,0.20999999344348907,accepted,125,0.9190738797187805,1.0,True
1,1,0.20999999344348907,accepted,126,0.9047576785087585,1.0,True
1,1,0.20999999344348907,accepted,127,0.9103835821151733,1.0,True
1,1,0.20999999344348907,accepted,128,0.920410692691803,1.0,True
1,1,0.20999999344348907,accepted,129,0.9167401194572449,1.0,True
1,1,0.20999999344348907,accepted,130,0.9236483573913574,1.0,True
1,1,0.20999999344348907,accepted,131,0.9156584143638611,1.0,False
1,1,0.20999999344348907,accepted,132,0.9156234860420227,1.0,True
1,1,0.20999999344348907,accepted,133,0.9129754304885864,1.0,True
1,1,0.20999999344348907,accepted,134,0.9201139807701111,1.0,True
1,1,0.20999999344348907,accepted,135,0.9201263189315796,1.0,True
1,1,0.20999999344348907,accepted,136,0.9248223900794983,1.0,True
1,1,0.20999999344348907,accepted,137,0.9257330298423767,1.0,True
1,1,0.20999999344348907,accepted,138,0.9167891144752502,1.0,True
1,1,0.20999999344348907,accepted,139,0.9197806715965271,1.0,True
1,1,0.20999999344348907,accepted,140,0.920150876045227,1.0,True
1,1,0.20999999344348907,accepted,141,0.9227889776229858,1.0,True
1,1,0.20999999344348907,accepted,142,0.9231216907501221,1.0,True
1,1,0.20999999344348907,accepted,143,0.9212642312049866,1.0,True
1,1,0.20999999344348907,accepted,144,0.9176691174507141,1.0,True
1,1,0.20999999344348907,accepted,145,0.9262010455131531,1.0,True
1,1,0.20999999344348907,accepted,146,0.9214091897010803,1.0,True
1,1,0.20999999344348907,accepted,147,0.9237011671066284,1.0,True
1,1,0.20999999344348907,accepted,148,0.9255599975585938,1.0,True
1,1,0.20999999344348907,accepted,149,0.922336757183075,1.0,True
1,1,0.20999999344348907,accepted,150,0.9239231944084167,1.0,True
1,1,0.20999999344348907,accepted,151,0.9198034405708313,1.0,True
1,1,0.20999999344348907,accepted,152,0.9282755255699158,1.0,True
1,1,0.20999999344348907,accepted,153,0.931862473487854,1.0,True
1,1,0.20999999344348907,accepted,154,0.9177951216697693,1.0,True
1,1,0.20999999344348907,accepted,155,0.9334047436714172,1.0,True
1,1,0.20999999344348907,accepted,156,0.9237487316131592,1.0,True
1,1,0.20999999344348907,accepted,157,0.9290071129798889,1.0,True
1,1,0.20999999344348907,accepted,158,0.9328476786613464,1.0,True
1,1,0.20999999344348907,accepted,159,0.9316492080688477,1.0,True
1,1,0.20999999344348907,accepted,160,0.9272474646568298,1.0,True
1,1,0.20999999344348907,accepted,161,0.9315621256828308,1.0,True
1,1,0.20999999344348907,accepted,162,0.9304389953613281,1.0,True
1,1,0.20999999344348907,accepted,163,0.9290779829025269,1.0,True
1,1,0.20999999344348907,accepted,164,0.9322251677513123,1.0,True
1,1,0.20999999344348907,accepted,165,0.9342330098152161,1.0,True
1,1,0.20999999344348907,accepted,166,0.9332765936851501,1.0,True
1,1,0.20999999344348907,accepted,167,0.9315071105957031,1.0,True
1,1,0.20999999344348907,accepted,168,0.9326146841049194,1.0,True
1,1,0.20999999344348907,accepted,169,0.9372779130935669,1.0,True
1,1,0.20999999344348907,accepted,170,0.9269875288009644,1.0,True
1,1,0.20999999344348907,accepted,171,0.9338944554328918,1.0,True
1,1,0.20999999344348907,accepted,172,0.9410396218299866,1.0,True
1,1,0.20999999344348907,accepted,173,0.9301631450653076,1.0,True
1,1,0.20999999344348907,accepted,174,0.9355936050415039,1.0,True
1,1,0.20999999344348907,accepted,175,0.9406717419624329,1.0,True
1,1,0.20999999344348907,accepted,176,0.9379521012306213,1.0,True
1,1,0.20999999344348907,accepted,177,0.9338071942329407,1.0,True
1,1,0.20999999344348907,accepted,178,0.9356614351272583,1.0,True
1,1,0.20999999344348907,accepted,179,0.9365184307098389,1.0,True
1,1,0.20999999344348907,accepted,180,0.9392016530036926,1.0,True
1,1,0.20999999344348907,accepted,181,0.9407022595405579,1.0,True
1,1,0.20999999344348907,accepted,182,0.9361826777458191,1.0,True
1,1,0.20999999344348907,accepted,183,0.9364398121833801,1.0,True
1,1,0.20999999344348907,accepted,184,0.9399614930152893,1.0,True
1,1,0.20999999344348907,accepted,185,0.94007807970047,1.0,True
1,1,0.20999999344348907,accepted,186,0.9382070899009705,1.0,True
1,1,0.20999999344348907,accepted,187,0.9422932863235474,1.0,True
1,1,0.20999999344348907,accepted,188,0.9334065914154053,1.0,True
1,1,0.20999999344348907,accepted,189,0.9388237595558167,1.0,True
1,1,0.20999999344348907,accepted,190,0.944301187992096,1.0,True
1,1,0.20999999344348907,accepted,191,0.9355168342590332,1.0,True
1,1,0.20999999344348907,accepted,192,0.9437070488929749,1.0,True
1,1,0.20999999344348907,accepted,193,0.9417955875396729,1.0,True
1,1,0.20999999344348907,accepted,194,0.9400439858436584,1.0,True
1,1,0.20999999344348907,accepted,195,0.9434694647789001,1.0,True
1,1,0.20999999344348907,accepted,196,0.9460201263427734,1.0,True
1,1,0.20999999344348907,accepted,197,0.9472523927688599,1.0,True
1,1,0.20999999344348907,accepted,198,0.9407291412353516,1.0,True
1,1,0.20999999344348907,accepted,199,0.9452274441719055,1.0,True
1,1,0.20999999344348907,accepted,200,0.9433722496032715,1.0,True
1,1,0.20999999344348907,accepted,201,0.9443894624710083,1.0,True
1,1,0.20999999344348907,accepted,202,0.9470139145851135,1.0,True
1,1,0.20999999344348907,accepted,203,0.9459145665168762,1.0,True
1,1,0.20999999344348907,accepted,204,0.9413897395133972,1.0,True
1,1,0.20999999344348907,accepted,205,0.9486953020095825,1.0,True
1,1,0.20999999344348907,accepted,206,0.9462394118309021,1.0,True
1,1,0.20999999344348907,accepted,207,0.9521558880805969,1.0,True
1,1,0.20999999344348907,accepted,208,0.9417901635169983,1.0,True
1,1,0.20999999344348907,accepted,209,0.9468947649002075,1.0,True
1,1,0.20999999344348907,accepted,210,0.9462944269180298,1.0,True
1,1,0.20999999344348907,accepted,211,0.9403129816055298,1.0,True
1,1,0.20999999344348907,accepted,212,0.9478542804718018,1.0,True
1,1,0.20999999344348907,accepted,213,0.9482249617576599,1.0,True
1,1,0.20999999344348907,accepted,214,0.9463205337524414,1.0,True
1,1,0.20999999344348907,accepted,215,0.9473445415496826,1.0,True
1,1,0.20999999344348907,accepted,216,0.9439896941184998,1.0,True
1,1,0.20999999344348907,accepted,217,0.9466924667358398,1.0,True
1,1,0.20999999344348907,accepted,218,0.9466780424118042,1.0,True
1,1,0.20999999344348907,accepted,219,0.9518544673919678,1.0,True
1,1,0.20999999344348907,accepted,220,0.9495207071304321,1.0,True
1,1,0.20999999344348907,accepted,221,0.9450345635414124,1.0,True
1,1,0.20999999344348907,accepted,222,0.9559810161590576,1.0,True
1,1,0.20999999344348907,accepted,223,0.9507730603218079,1.0,True
1,1,0.20999999344348907,accepted,224,0.9514569640159607,1.0,True
1,1,0.20999999344348907,accepted,225,0.9494437575340271,1.0,True
1,1,0.20999999344348907,accepted,226,0.9517528414726257,1.0,True
1,1,0.20999999344348907,accepted,227,0.9487296342849731,1.0,True
1,1,0.20999999344348907,accepted,228,0.9484583139419556,1.0,True
1,1,0.20999999344348907,accepted,229,0.9520741701126099,1.0,True
1,1,0.20999999344348907,accepted,230,0.9541648030281067,1.0,True
1,1,0.20999999344348907,accepted,231,0.9487857818603516,1.0,True
1,1,0.20999999344348907,accepted,232,0.947084367275238,1.0,True
1,1,0.20999999344348907,accepted,233,0.9565099477767944,1.0,True
1,1,0.20999999344348907,accepted,234,0.9502890110015869,1.0,True
1,1,0.20999999344348907,accepted,235,0.9535444378852844,1.0,True
1,1,0.20999999344348907,accepted,236,0.95195072889328,1.0,True
1,1,0.20999999344348907,accepted,237,0.9524520039558411,1.0,True
1,1,0.20999999344348907,accepted,238,0.9526644945144653,1.0,True
1,1,0.20999999344348907,accepted,239,0.9522666335105896,1.0,True
1,1,0.20999999344348907,accepted,240,0.9538918733596802,1.0,True
1,1,0.20999999344348907,accepted,241,0.9522303938865662,1.0,True
1,1,0.20999999344348907,accepted,242,0.9539391994476318,1.0,True
1,1,0.20999999344348907,accepted,243,0.9518181681632996,1.0,True
1,1,0.20999999344348907,accepted,244,0.9573494791984558,1.0,True
1,1,0.20999999344348907,accepted,245,0.9579120874404907,1.0,True
1,1,0.20999999344348907,accepted,246,0.9536880850791931,1.0,True
1,1,0.20999999344348907,accepted,247,0.9545826315879822,1.0,True
1,1,0.20999999344348907,accepted,248,0.9574809670448303,1.0,True
1,1,0.20999999344348907,accepted,249,0.9568182826042175,1.0,True
1,1,0.20999999344348907,accepted,250,0.9529735445976257,1.0,True
1,1,0.20999999344348907,accepted,251,0.9581734538078308,1.0,True
1,1,0.20999999344348907,accepted,252,0.9578755497932434,1.0,True
1,1,0.20999999344348907,accepted,253,0.9562053084373474,1.0,True
1,1,0.20999999344348907,accepted,254,0.9521976709365845,1.0,True
1,1,0.20999999344348907,accepted,255,0.9593217968940735,1.0,True
1,1,0.20999999344348907,accepted,256,0.957557737827301,1.0,True
1,1,0.20999999344348907,accepted,257,0.9511793851852417,1.0,True
1,1,0.20999999344348907,accepted,258,0.9596475958824158,1.0,True
1,1,0.20999999344348907,accepted,259,0.9576947093009949,1.0,True
1,1,0.20999999344348907,accepted,260,0.9509018063545227,1.0,True
1,1,0.20999999344348907,accepted,261,0.9628285765647888,1.0,True
1,1,0.20999999344348907,accepted,262,0.9514243006706238,1.0,True
1,1,0.20999999344348907,accepted,263,0.9528771638870239,1.0,True
1,1,0.20999999344348907,accepted,264,0.9627238512039185,1.0,True
1,1,0.20999999344348907,accepted,265,0.9521522521972656,1.0,True
1,1,0.20999999344348907,accepted,266,0.9609351754188538,1.0,True
1,1,0.20999999344348907,accepted,267,0.9564898610115051,1.0,True
1,1,0.20999999344348907,accepted,268,0.9525518417358398,1.0,True
1,1,0.20999999344348907,accepted,269,0.9646244049072266,1.0,True
1,1,0.20999999344348907,accepted,270,0.9547346234321594,1.0,True
1,1,0.20999999344348907,accepted,271,0.9547855854034424,1.0,True
1,1,0.20999999344348907,accepted,272,0.9619877934455872,1.0,True
1,1,0.20999999344348907,accepted,273,0.9579724073410034,1.0,True
1,1,0.20999999344348907,accepted,274,0.9560904502868652,1.0,True
1,1,0.20999999344348907,accepted,275,0.9609498381614685,1.0,True
1,1,0.20999999344348907,accepted,276,0.9606218338012695,1.0,True
1,1,0.20999999344348907,accepted,277,0.9550169110298157,1.0,True
1,1,0.20999999344348907,accepted,278,0.9650697708129883,1.0,True
1,1,0.20999999344348907,accepted,279,0.9582501649856567,1.0,True
1,1,0.20999999344348907,accepted,280,0.9581185579299927,1.0,True
1,1,0.20999999344348907,accepted,281,0.9615457057952881,1.0,True
1,1,0.20999999344348907,accepted,282,0.9607207179069519,1.0,True
1,1,0.20999999344348907,accepted,283,0.9590126276016235,1.0,True
1,1,0.20999999344348907,accepted,284,0.9633631110191345,1.0,True
1,1,0.20999999344348907,accepted,285,0.956546425819397,1.0,True
1,1,0.20999999344348907,accepted,286,0.9564533233642578,1.0,True
1,1,0.20999999344348907,accepted,287,0.964471697807312,1.0,True
1,1,0.20999999344348907,accepted,288,0.961483359336853,1.0,True
1,1,0.20999999344348907,accepted,289,0.9576599597930908,1.0,True
1,1,0.20999999344348907,accepted,290,0.9661195874214172,1.0,True
1,1,0.20999999344348907,accepted,291,0.9605082273483276,1.0,True
1,1,0.20999999344348907,accepted,292,0.9604340195655823,1.0,True
1,1,0.20999999344348907,accepted,293,0.9634844064712524,1.0,True
1,1,0.20999999344348907,accepted,294,0.9582794308662415,1.0,True
1,1,0.20999999344348907,accepted,295,0.9623456597328186,1.0,True
1,1,0.20999999344348907,accepted,296,0.9618025422096252,1.0,True
1,1,0.20999999344348907,accepted,297,0.9633355736732483,1.0,True
1,1,0.20999999344348907,accepted,298,0.9593931436538696,1.0,True
1,1,0.20999999344348907,accepted,299,0.9663886427879333,1.0,True
1,1,0.20999999344348907,accepted,300,0.9646796584129333,1.0,True
1,1,0.20999999344348907,accepted,301,0.9583396911621094,1.0,True
1,1,0.20999999344348907,accepted,302,0.9661269187927246,1.0,True
1,1,0.20999999344348907,accepted,303,0.9621401429176331,1.0,True
1,1,0.20999999344348907,accepted,304,0.9628156423568726,1.0,True
1,1,0.20999999344348907,accepted,305,0.9671594500541687,1.0,True
1,1,0.20999999344348907,accepted,306,0.9657400846481323,1.0,True
1,1,0.20999999344348907,accepted,307,0.95931077003479,1.0,True
1,1,0.20999999344348907,accepted,308,0.9649041295051575,1.0,True
1,1,0.20999999344348907,accepted,309,0.9657068848609924,1.0,True
1,1,0.20999999344348907,accepted,310,0.9665545225143433,1.0,True
1,1,0.20999999344348907,accepted,311,0.9679566025733948,1.0,True
1,1,0.20999999344348907,accepted,312,0.9637545943260193,1.0,True
1,1,0.20999999344348907,accepted,313,0.9661638140678406,1.0,True
1,1,0.20999999344348907,accepted,314,0.9649409055709839,1.0,True
1,1,0.20999999344348907,accepted,315,0.9629883170127869,1.0,True
1,1,0.20999999344348907,accepted,316,0.9664384126663208,1.0,True
1,1,0.20999999344348907,accepted,317,0.9631866812705994,1.0,True
1,1,0.20999999344348907,accepted,318,0.9622575640678406,1.0,True
1,1,0.20999999344348907,accepted,319,0.9682299494743347,1.0,True
1,1,0.20999999344348907,accepted,320,0.9666909575462341,1.0,True
1,1,0.20999999344348907,accepted,321,0.9600521326065063,1.0,True
1,1,0.20999999344348907,accepted,322,0.9666872620582581,1.0,False
1,1,0.20999999344348907,accepted,323,0.969521701335907,1.0,True
1,1,0.20999999344348907,accepted,324,0.966720461845398,1.0,True
1,1,0.20999999344348907,accepted,325,0.9667093753814697,1.0,True
1,1,0.20999999344348907,accepted,326,0.9634347558021545,1.0,True
1,1,0.20999999344348907,accepted,327,0.9691056609153748,1.0,True
1,1,0.20999999344348907,accepted,328,0.9672516584396362,1.0,True
1,1,0.20999999344348907,accepted,329,0.9674251079559326,1.0,True
1,1,0.20999999344348907,accepted,330,0.9664328694343567,1.0,True
1,1,0.20999999344348907,accepted,331,0.9661195874214172,1.0,True
1,1,0.20999999344348907,accepted,332,0.9641185998916626,1.0,True
1,1,0.20999999344348907,accepted,333,0.9698712825775146,1.0,True
1,1,0.20999999344348907,accepted,334,0.9681634902954102,1.0,True
1,1,0.20999999344348907,accepted,335,0.9643723964691162,1.0,True
1,1,0.20999999344348907,accepted,336,0.9706651568412781,1.0,True
1,1,0.20999999344348907,accepted,337,0.9684959053993225,1.0,True
1,1,0.20999999344348907,accepted,338,0.9684146046638489,1.0,True
1,1,0.20999999344348907,accepted,339,0.965697705745697,1.0,True
1,1,0.20999999344348907,accepted,340,0.9706318378448486,1.0,True
1,1,0.20999999344348907,accepted,341,0.9644625782966614,1.0,True
1,1,0.20999999344348907,accepted,342,0.9687951803207397,1.0,True
1,1,0.20999999344348907,accepted,343,0.9701098799705505,1.0,True
1,1,0.20999999344348907,accepted,344,0.9705374240875244,1.0,True
1,1,0.20999999344348907,accepted,345,0.9715505242347717,1.0,True
1,1,0.20999999344348907,accepted,346,0.9668809175491333,1.0,True
1,1,0.20999999344348907,accepted,347,0.9695068597793579,1.0,True
1,1,0.20999999344348907,accepted,348,0.968381404876709,1.0,True
1,1,0.20999999344348907,accepted,349,0.9700469374656677,1.0,True
1,1,0.20999999344348907,accepted,350,0.9675838351249695,1.0,True
1,1,0.20999999344348907,accepted,351,0.9689245820045471,1.0,True
1,1,0.20999999344348907,accepted,352,0.9686529636383057,1.0,True
1,1,0.20999999344348907,accepted,353,0.9663389325141907,1.0,True
1,1,0.20999999344348907,accepted,354,0.9691241979598999,1.0,True
1,1,0.20999999344348907,accepted,355,0.9672866463661194,1.0,True
1,1,0.20999999344348907,accepted,356,0.9667572975158691,1.0,False
1,1,0.20999999344348907,accepted,357,0.970672607421875,1.0,True
1,1,0.20999999344348907,accepted,358,0.9669989347457886,1.0,True
1,1,0.20999999344348907,accepted,359,0.9660495519638062,1.0,True
1,1,0.20999999344348907,accepted,360,0.9704541563987732,1.0,True
1,1,0.20999999344348907,accepted,361,0.968955934047699,1.0,True
1,1,0.20999999344348907,accepted,362,0.9692960977554321,1.0,True
1,1,0.20999999344348907,accepted,363,0.9704466462135315,1.0,True
1,1,0.20999999344348907,accepted,364,0.968117356300354,1.0,True
1,1,0.20999999344348907,accepted,365,0.9708725810050964,1.0,True
1,1,0.20999999344348907,accepted,366,0.9710187911987305,1.0,True
1,1,0.20999999344348907,accepted,367,0.9710910320281982,1.0,True
1,1,0.20999999344348907,accepted,368,0.9688525199890137,1.0,True
1,1,0.20999999344348907,accepted,369,0.9695180058479309,1.0,True
1,1,0.20999999344348907,accepted,370,0.9731974601745605,1.0,True
1,1,0.20999999344348907,accepted,371,0.9673125147819519,1.0,True
1,1,0.20999999344348907,accepted,372,0.9717080593109131,1.0,True
1,1,0.20999999344348907,accepted,373,0.9737080931663513,1.0,True
1,1,0.20999999344348907,accepted,374,0.9681653380393982,1.0,True
1,1,0.20999999344348907,accepted,375,0.9707790017127991,1.0,True
1,1,0.20999999344348907,accepted,376,0.9725313186645508,1.0,True
1,1,0.20999999344348907,accepted,377,0.9674435257911682,1.0,True
1,1,0.20999999344348907,accepted,378,0.9708318114280701,1.0,True
1,1,0.20999999344348907,accepted,379,0.9716209173202515,1.0,True
1,1,0.20999999344348907,accepted,380,0.9718507528305054,1.0,True
1,1,0.20999999344348907,accepted,381,0.9678061604499817,1.0,True
1,1,0.20999999344348907,accepted,382,0.970361590385437,1.0,True
1,1,0.20999999344348907,accepted,383,0.9752228260040283,1.0,True
1,1,0.20999999344348907,accepted,384,0.964471697807312,1.0,True
1,1,0.20999999344348907,accepted,385,0.9741650223731995,1.0,True
1,1,0.20999999344348907,accepted,386,0.9660587310791016,1.0,True
1,1,0.20999999344348907,accepted,387,0.9700247645378113,1.0,True
1,1,0.20999999344348907,accepted,388,0.967635452747345,1.0,True
1,1,0.20999999344348907,accepted,389,0.970659613609314,1.0,True
1,1,0.20999999344348907,accepted,390,0.9734331965446472,1.0,True
1,1,0.20999999344348907,accepted,391,0.9679325819015503,1.0,True
1,1,0.20999999344348907,accepted,392,0.9761980175971985,1.0,True
1,1,0.20999999344348907,accepted,393,0.9718711376190186,1.0,True
1,1,0.20999999344348907,accepted,394,0.9735167622566223,1.0,True
1,1,0.20999999344348907,accepted,395,0.9727316498756409,1.0,True
1,1,0.20999999344348907,accepted,396,0.9726778864860535,1.0,True
1,1,0.20999999344348907,accepted,397,0.9735558032989502,1.0,True
1,1,0.20999999344348907,accepted,398,0.9749940633773804,1.0,True
1,1,0.20999999344348907,accepted,399,0.970902144908905,1.0,True
1,1,0.20999999344348907,accepted,400,0.9716153740882874,1.0,True
1,1,0.20999999344348907,accepted,401,0.971078097820282,1.0,True
1,1,0.20999999344348907,accepted,402,0.9720027446746826,1.0,True
1,1,0.20999999344348907,accepted,403,0.9758014678955078,1.0,True
1,1,0.20999999344348907,accepted,404,0.975459098815918,1.0,True
1,1,0.20999999344348907,accepted,405,0.9740033745765686,1.0,True
1,1,0.20999999344348907,accepted,406,0.9768480658531189,1.0,True
1,1,0.20999999344348907,accepted,407,0.9746519923210144,1.0,True
1,1,0.20999999344348907,accepted,408,0.973060131072998,1.0,True
1,1,0.20999999344348907,accepted,409,0.9760565757751465,1.0,True
1,1,0.20999999344348907,accepted,410,0.9754441976547241,1.0,True
1,1,0.20999999344348907,accepted,411,0.9726722836494446,1.0,True
1,1,0.20999999344348907,accepted,412,0.9730693697929382,1.0,True
1,1,0.20999999344348907,accepted,413,0.9738622307777405,1.0,True
1,1,0.20999999344348907,accepted,414,0.9723217487335205,1.0,True
1,1,0.20999999344348907,accepted,415,0.9765053391456604,1.0,True
1,1,0.20999999344348907,accepted,416,0.9697824716567993,1.0,False
1,1,0.20999999344348907,accepted,417,0.9695993065834045,1.0,True
1,1,0.20999999344348907,accepted,418,0.974733829498291,1.0,True
1,1,0.20999999344348907,accepted,419,0.9730879664421082,1.0,True
1,1,0.20999999344348907,accepted,420,0.9744827747344971,1.0,True
1,1,0.20999999344348907,accepted,421,0.9719898104667664,1.0,True
1,1,0.20999999344348907,accepted,422,0.9768741130828857,1.0,True
1,1,0.20999999344348907,accepted,423,0.9721751809120178,1.0,True
1,1,0.20999999344348907,accepted,424,0.9743266701698303,1.0,True
1,1,0.20999999344348907,accepted,425,0.9751670360565186,1.0,True
1,1,0.20999999344348907,accepted,426,0.9734963178634644,1.0,True
1,1,0.20999999344348907,accepted,427,0.9772208333015442,1.0,True
1,1,0.20999999344348907,accepted,428,0.9720935821533203,1.0,True
1,1,0.20999999344348907,accepted,429,0.975436806678772,1.0,True
1,1,0.20999999344348907,accepted,430,0.9755232930183411,1.0,True
1,1,0.20999999344348907,accepted,431,0.9763395190238953,1.0,True
1,1,0.20999999344348907,accepted,432,0.9789370894432068,1.0,True
1,1,0.20999999344348907,accepted,433,0.9736672043800354,1.0,True
1,1,0.20999999344348907,accepted,434,0.9775619506835938,1.0,True
1,1,0.20999999344348907,accepted,435,0.978158712387085,1.0,True
1,1,0.20999999344348907,accepted,436,0.9745572209358215,1.0,True
1,1,0.20999999344348907,accepted,437,0.9754219055175781,1.0,True
1,1,0.20999999344348907,accepted,438,0.9757084250450134,1.0,True
1,1,0.20999999344348907,accepted,439,0.9754851460456848,1.0,True
1,1,0.20999999344348907,accepted,440,0.975745677947998,1.0,True
1,1,0.20999999344348907,accepted,441,0.9778863787651062,1.0,True
1,1,0.20999999344348907,accepted,442,0.976639449596405,1.0,True
1,1,0.20999999344348907,accepted,443,0.9789819121360779,1.0,True
1,1,0.20999999344348907,accepted,444,0.9767213463783264,1.0,True
1,1,0.20999999344348907,accepted,445,0.9745348691940308,1.0,True
1,1,0.20999999344348907,accepted,446,0.9760100245475769,1.0,True
1,1,0.20999999344348907,accepted,447,0.975754976272583,1.0,True
1,1,0.20999999344348907,accepted,448,0.9773493409156799,1.0,True
1,1,0.20999999344348907,accepted,449,0.9808864593505859,1.0,True
1,1,0.20999999344348907,accepted,450,0.9737582206726074,1.0,True
1,1,0.20999999344348907,accepted,451,0.9743508100509644,1.0,True
1,1,0.20999999344348907,accepted,452,0.9768126606941223,1.0,True
1,1,0.20999999344348907,accepted,453,0.9778677225112915,1.0,True
1,1,0.20999999344348907,accepted,454,0.9785711765289307,1.0,True
1,1,0.20999999344348907,accepted,455,0.9734331965446472,1.0,True
1,1,0.20999999344348907,accepted,456,0.9777092337608337,1.0,True
1,1,0.20999999344348907,accepted,457,0.975593090057373,1.0,True
1,1,0.20999999344348907,accepted,458,0.9759057760238647,1.0,True
1,1,0.20999999344348907,accepted,459,0.977010190486908,1.0,True
1,1,0.20999999344348907,accepted,460,0.974458634853363,1.0,True
1,1,0.20999999344348907,accepted,461,0.9784983992576599,1.0,True
1,1,0.20999999344348907,accepted,462,0.9754163026809692,1.0,True
1,1,0.20999999344348907,accepted,463,0.977487325668335,1.0,True
1,1,0.20999999344348907,accepted,464,0.9795123338699341,1.0,True
1,1,0.20999999344348907,accepted,465,0.9728875160217285,1.0,True
1,1,0.20999999344348907,accepted,466,0.9776868224143982,1.0,True
1,1,0.20999999344348907,accepted,467,0.9791630506515503,1.0,True
1,1,0.20999999344348907,accepted,468,0.9757270812988281,1.0,True
1,1,0.20999999344348907,accepted,469,0.9788735508918762,1.0,True
1,1,0.20999999344348907,accepted,470,0.9777558445930481,1.0,True
1,1,0.20999999344348907,accepted,471,0.9792283773422241,1.0,True
1,1,0.20999999344348907,accepted,472,0.9765127301216125,1.0,True
1,1,0.20999999344348907,accepted,473,0.9786346554756165,1.0,True
1,1,0.20999999344348907,accepted,474,0.9774817228317261,1.0,True
1,1,0.20999999344348907,accepted,475,0.9768350124359131,1.0,True
1,1,0.20999999344348907,accepted,476,0.9732772707939148,1.0,True
1,1,0.20999999344348907,accepted,477,0.9779572486877441,1.0,False
1,1,0.20999999344348907,accepted,478,0.9785040020942688,1.0,True
1,1,0.20999999344348907,accepted,479,0.9795029759407043,1.0,True
1,1,0.20999999344348907,accepted,480,0.9746203422546387,1.0,True
1,1,0.20999999344348907,accepted,481,0.9790211319923401,1.0,True
1,1,0.20999999344348907,accepted,482,0.9777577519416809,1.0,True
1,1,0.20999999344348907,accepted,483,0.9744084477424622,1.0,True
1,1,0.20999999344348907,accepted,484,0.9797664284706116,1.0,True
1,1,0.20999999344348907,accepted,485,0.9754796028137207,1.0,True
1,1,0.20999999344348907,accepted,486,0.9791536927223206,1.0,True
1,1,0.20999999344348907,accepted,487,0.9803290963172913,1.0,True
1,1,0.20999999344348907,accepted,488,0.977940559387207,1.0,True
1,1,0.20999999344348907,accepted,489,0.9767884016036987,1.0,True
1,1,0.20999999344348907,accepted,490,0.9802654981613159,1.0,True
1,1,0.20999999344348907,accepted,491,0.9752972722053528,1.0,True
1,1,0.20999999344348907,accepted,492,0.9805460572242737,1.0,True
1,1,0.20999999344348907,accepted,493,0.9769309759140015,1.0,False
1,1,0.20999999344348907,accepted,494,0.9763302206993103,1.0,True
1,1,0.20999999344348907,accepted,495,0.979600191116333,1.0,True
1,1,0.20999999344348907,accepted,496,0.9831265807151794,1.0,True
1,1,0.20999999344348907,accepted,497,0.977468729019165,1.0,True
1,1,0.20999999344348907,accepted,498,0.9791574478149414,1.0,True
1,1,0.20999999344348907,accepted,499,0.9795777797698975,1.0,True
1,1,0.20999999344348907,accepted,500,0.9806451201438904,1.0,True
2,1,0.5249999761581421,accepted,1,0.612304151058197,1.0,True
2,1,0.5249999761581421,accepted,2,0.6285220980644226,1.0,True
2,1,0.5249999761581421,accepted,3,0.6506379246711731,1.0,True
2,1,0.5249999761581421,accepted,4,0.6804465651512146,1.0,True
2,1,0.5249999761581421,accepted,5,0.7267118096351624,1.0,True
2,1,0.5249999761581421,accepted,6,0.7651809453964233,1.0,True
2,1,0.5249999761581421,accepted,7,0.8120782971382141,1.0,True
2,1,0.5249999761581421,accepted,8,0.8467422723770142,1.0,True
2,1,0.5249999761581421,accepted,9,0.8636354804039001,1.0,True
2,1,0.5249999761581421,accepted,10,0.7807416319847107,1.0,True
2,1,0.5249999761581421,accepted,11,0.8561434745788574,1.0,True
2,1,0.5249999761581421,accepted,12,0.7948280572891235,1.0,True
2,1,0.5249999761581421,accepted,13,0.8639881014823914,1.0,True
2,1,0.5249999761581421,accepted,14,0.8259719014167786,1.0,True
2,1,0.5249999761581421,accepted,15,0.8796417117118835,1.0,True
2,1,0.5249999761581421,accepted,16,0.8856180310249329,1.0,True
2,1,0.5249999761581421,accepted,17,0.9014109373092651,1.0,True
2,1,0.5249999761581421,accepted,18,0.9007062315940857,1.0,True
2,1,0.5249999761581421,accepted,19,0.9064037203788757,1.0,True
2,1,0.5249999761581421,accepted,20,0.9001635313034058,1.0,True
2,1,0.5249999761581421,accepted,21,0.900323212146759,1.0,True
2,1,0.5249999761581421,accepted,22,0.911233127117157,1.0,True
2,1,0.5249999761581421,accepted,23,0.9088862538337708,1.0,True
2,1,0.5249999761581421,accepted,24,0.931727409362793,1.0,True
2,1,0.5249999761581421,accepted,25,0.9346376061439514,1.0,True
2,1,0.5249999761581421,accepted,26,0.935950517654419,1.0,True
2,1,0.5249999761581421,accepted,27,0.9355579018592834,1.0,True
2,1,0.5249999761581421,accepted,28,0.9450039267539978,1.0,True
2,1,0.5249999761581421,accepted,29,0.944353461265564,1.0,True
2,1,0.5249999761581421,accepted,30,0.9445282220840454,1.0,True
2,1,0.5249999761581421,accepted,31,0.9608911871910095,1.0,True
2,1,0.5249999761581421,accepted,32,0.9513136148452759,1.0,True
2,1,0.5249999761581421,accepted,33,0.9558023810386658,1.0,True
2,1,0.5249999761581421,accepted,34,0.9578079581260681,1.0,True
2,1,0.5249999761581421,accepted,35,0.9600576162338257,1.0,True
2,1,0.5249999761581421,accepted,36,0.9545325040817261,1.0,True
2,1,0.5249999761581421,accepted,37,0.964891254901886,1.0,True
2,1,0.5249999761581421,accepted,38,0.970589280128479,1.0,True
2,1,0.5249999761581421,accepted,39,0.964455246925354,1.0,True
2,1,0.5249999761581421,accepted,40,0.969817578792572,1.0,True
2,1,0.5249999761581421,accepted,41,0.9626815915107727,1.0,True
2,1,0.5249999761581421,accepted,42,0.9734331965446472,1.0,True
2,1,0.5249999761581421,accepted,43,0.9718600511550903,1.0,True
2,1,0.5249999761581421,accepted,44,0.976253867149353,1.0,True
2,1,0.5249999761581421,accepted,45,0.9727761745452881,1.0,True
2,1,0.5249999761581421,accepted,46,0.9729766249656677,1.0,True
2,1,0.5249999761581421,accepted,47,0.9726203680038452,1.0,True
2,1,0.5249999761581421,accepted,48,0.9733403921127319,1.0,True
2,1,0.5249999761581421,accepted,49,0.9752079844474792,1.0,True
2,1,0.5249999761581421,accepted,50,0.9776477217674255,1.0,True
2,1,0.5249999761581421,accepted,51,0.9798281192779541,1.0,True
2,1,0.5249999761581421,accepted,52,0.9760435223579407,1.0,True
2,1,0.5249999761581421,accepted,53,0.9778211116790771,1.0,True
2,1,0.5249999761581421,accepted,54,0.975033164024353,1.0,True
2,1,0.5249999761581421,accepted,55,0.9739829897880554,1.0,True
2,1,0.5249999761581421,accepted,56,0.9773139953613281,1.0,True
2,1,0.5249999761581421,accepted,57,0.9780934453010559,1.0,True
2,1,0.5249999761581421,accepted,58,0.979609489440918,1.0,True
2,1,0.5249999761581421,accepted,59,0.9755279421806335,1.0,True
2,1,0.5249999761581421,accepted,60,0.9780374765396118,1.0,True
2,1,0.5249999761581421,accepted,61,0.9783378839492798,1.0,True
2,1,0.5249999761581421,accepted,62,0.9816070199012756,1.0,True
2,1,0.5249999761581421,accepted,63,0.9803889393806458,1.0,True
2,1,0.5249999761581421,accepted,64,0.979663610458374,1.0,True
2,1,0.5249999761581421,accepted,65,0.9780991077423096,1.0,True
2,1,0.5249999761581421,accepted,66,0.9818204641342163,1.0,True
2,1,0.5249999761581421,accepted,67,0.9812831282615662,1.0,True
2,1,0.5249999761581421,accepted,68,0.982549250125885,1.0,True
2,1,0.5249999761581421,accepted,69,0.9815883040428162,1.0,True
2,1,0.5249999761581421,accepted,70,0.9825660586357117,1.0,True
2,1,0.5249999761581421,accepted,71,0.9837887287139893,1.0,True
2,1,0.5249999761581421,accepted,72,0.9827666282653809,1.0,True
2,1,0.5249999761581421,accepted,73,0.9829971790313721,1.0,True
2,1,0.5249999761581421,accepted,74,0.9845564961433411,1.0,True
2,1,0.5249999761581421,accepted,75,0.9781196117401123,1.0,True
2,1,0.5249999761581421,accepted,76,0.9821894764900208,1.0,True
2,1,0.5249999761581421,accepted,77,0.982082724571228,1.0,True
2,1,0.5249999761581421,accepted,78,0.9838244318962097,1.0,True
2,1,0.5249999761581421,accepted,79,0.9840139150619507,1.0,True
2,1,0.5249999761581421,accepted,80,0.9828978776931763,1.0,True
2,1,0.5249999761581421,accepted,81,0.9806264042854309,1.0,True
2,1,0.5249999761581421,accepted,82,0.9854752421379089,1.0,True
2,1,0.5249999761581421,accepted,83,0.9835335612297058,1.0,True
2,1,0.5249999761581421,accepted,84,0.9838376045227051,1.0,True
2,1,0.5249999761581421,accepted,85,0.9834285974502563,1.0,True
2,1,0.5249999761581421,accepted,86,0.9805479049682617,1.0,True
2,1,0.5249999761581421,accepted,87,0.9858964085578918,1.0,True
2,1,0.5249999761581421,accepted,88,0.9844776391983032,1.0,True
2,1,0.5249999761581421,accepted,89,0.9858775734901428,1.0,True
2,1,0.5249999761581421,accepted,90,0.9837587475776672,1.0,True
2,1,0.5249999761581421,accepted,91,0.9848101139068604,1.0,True
2,1,0.5249999761581421,accepted,92,0.9878709316253662,1.0,True
2,1,0.5249999761581421,accepted,93,0.9853906035423279,1.0,True
2,1,0.5249999761581421,accepted,94,0.9805890917778015,1.0,True
2,1,0.5249999761581421,accepted,95,0.9848758578300476,1.0,True
2,1,0.5249999761581421,accepted,96,0.985200822353363,1.0,True
2,1,0.5249999761581421,accepted,97,0.9852835536003113,1.0,True
2,1,0.5249999761581421,accepted,98,0.9844927191734314,1.0,True
2,1,0.5249999761581421,accepted,99,0.9844644665718079,1.0,True
2,1,0.5249999761581421,accepted,100,0.9872474074363708,1.0,True
2,1,0.5249999761581421,accepted,101,0.9870930910110474,1.0,True
2,1,0.5249999761581421,accepted,102,0.9854639768600464,1.0,True
2,1,0.5249999761581421,accepted,103,0.9871551990509033,1.0,True
2,1,0.5249999761581421,accepted,104,0.9864437580108643,1.0,True
2,1,0.5249999761581421,accepted,105,0.9877541661262512,1.0,True
2,1,0.5249999761581421,accepted,106,0.986178457736969,1.0,True
2,1,0.5249999761581421,accepted,107,0.9885249733924866,1.0,True
2,1,0.5249999761581421,accepted,108,0.9878991842269897,1.0,True
2,1,0.5249999761581421,accepted,109,0.9883741140365601,1.0,True
2,1,0.5249999761581421,accepted,110,0.9877108335494995,1.0,True
2,1,0.5249999761581421,accepted,111,0.9875940084457397,1.0,True
2,1,0.5249999761581421,accepted,112,0.9883251190185547,1.0,True
2,1,0.5249999761581421,accepted,113,0.9886834025382996,1.0,True
2,1,0.5249999761581421,accepted,114,0.9865810871124268,1.0,True
2,1,0.5249999761581421,accepted,115,0.9887984395027161,1.0,True
2,1,0.5249999761581421,accepted,116,0.9897116422653198,1.0,True
2,1,0.5249999761581421,accepted,117,0.9870949983596802,1.0,True
2,1,0.5249999761581421,accepted,118,0.9890115261077881,1.0,True
2,1,0.5249999761581421,accepted,119,0.9880310893058777,1.0,True
2,1,0.5249999761581421,accepted,120,0.9884250164031982,1.0,True
2,1,0.5249999761581421,accepted,121,0.9869763255119324,1.0,True
2,1,0.5249999761581421,accepted,122,0.9876015186309814,1.0,True
2,1,0.5249999761581421,accepted,123,0.9897267818450928,1.0,True
2,1,0.5249999761581421,accepted,124,0.9892851114273071,1.0,True
2,1,0.5249999761581421,accepted,125,0.9881404042243958,1.0,True
2,1,0.5249999761581421,accepted,126,0.9876335263252258,1.0,True
2,1,0.5249999761581421,accepted,127,0.9889361262321472,1.0,True
2,1,0.5249999761581421,accepted,128,0.9888889789581299,1.0,True
2,1,0.5249999761581421,accepted,129,0.9892832040786743,1.0,True
2,1,0.5249999761581421,accepted,130,0.9884495139122009,1.0,True
2,1,0.5249999761581421,accepted,131,0.9894606471061707,1.0,True
2,1,0.5249999761581421,accepted,132,0.9867579936981201,1.0,True
2,1,0.5249999761581421,accepted,133,0.9898022413253784,1.0,True
2,1,0.5249999761581421,accepted,134,0.98774653673172,1.0,True
2,1,0.5249999761581421,accepted,135,0.9893568158149719,1.0,True
2,1,0.5249999761581421,accepted,136,0.9905256032943726,1.0,True
2,1,0.5249999761581421,accepted,137,0.9884476661682129,1.0,True
2,1,0.5249999761581421,accepted,138,0.9886437654495239,1.0,True
2,1,0.5249999761581421,accepted,139,0.9901157021522522,1.0,True
2,1,0.5249999761581421,accepted,140,0.9902290105819702,1.0,True
2,1,0.5249999761581421,accepted,141,0.9904198050498962,1.0,True
2,1,0.5249999761581421,accepted,142,0.9885588884353638,1.0,True
2,1,0.5249999761581421,accepted,143,0.9894983768463135,1.0,True
2,1,0.5249999761581421,accepted,144,0.9898305535316467,1.0,True
2,1,0.5249999761581421,accepted,145,0.990344226360321,1.0,True
2,1,0.5249999761581421,accepted,146,0.9902895092964172,1.0,True
2,1,0.5249999761581421,accepted,147,0.9893945455551147,1.0,True
2,1,0.5249999761581421,accepted,148,0.9907126426696777,1.0,True
2,1,0.5249999761581421,accepted,149,0.9898551106452942,1.0,True
2,1,0.5249999761581421,accepted,150,0.9903650283813477,1.0,True
2,1,0.5249999761581421,accepted,151,0.9907201528549194,1.0,True
2,1,0.5249999761581421,accepted,152,0.989639937877655,1.0,True
2,1,0.5249999761581421,accepted,153,0.9911171197891235,1.0,True
2,1,0.5249999761581421,accepted,154,0.9887984395027161,1.0,True
2,1,0.5249999761581421,accepted,155,0.9909242391586304,1.0,True
2,1,0.5249999761581421,accepted,156,0.9913647770881653,1.0,True
2,1,0.5249999761581421,accepted,157,0.9901591539382935,1.0,True
2,1,0.5249999761581421,accepted,158,0.9911964535713196,1.0,True
2,1,0.5249999761581421,accepted,159,0.9895738363265991,1.0,True
2,1,0.5249999761581421,accepted,160,0.991338312625885,1.0,True
2,1,0.5249999761581421,accepted,161,0.9910112023353577,1.0,True
2,1,0.5249999761581421,accepted,162,0.989890992641449,1.0,True
2,1,0.5249999761581421,accepted,163,0.9915028214454651,1.0,True
2,1,0.5249999761581421,accepted,164,0.9898815751075745,1.0,True
2,1,0.5249999761581421,accepted,165,0.9910225868225098,1.0,True
2,1,0.5249999761581421,accepted,166,0.9897475242614746,1.0,True
2,1,0.5249999761581421,accepted,167,0.9895191788673401,1.0,True
2,1,0.5249999761581421,accepted,168,0.9924260973930359,1.0,True
2,1,0.5249999761581421,accepted,169,0.9924033880233765,1.0,True
2,1,0.5249999761581421,accepted,170,0.9910244941711426,1.0,True
2,1,0.5249999761581421,accepted,171,0.9920022487640381,1.0,True
2,1,0.5249999761581421,accepted,172,0.9898569583892822,1.0,True
2,1,0.5249999761581421,accepted,173,0.9923201203346252,1.0,True
2,1,0.5249999761581421,accepted,174,0.9910396337509155,1.0,True
2,1,0.5249999761581421,accepted,175,0.9909129738807678,1.0,True
2,1,0.5249999761581421,accepted,176,0.9906181693077087,1.0,True
2,1,0.5249999761581421,accepted,177,0.9916806221008301,1.0,True
2,1,0.5249999761581421,accepted,178,0.9920249581336975,1.0,True
2,1,0.5249999761581421,accepted,179,0.9917070865631104,1.0,True
2,1,0.5249999761581421,accepted,180,0.9920268058776855,1.0,True
2,1,0.5249999761581421,accepted,181,0.9890813231468201,1.0,True
2,1,0.5249999761581421,accepted,182,0.9923712015151978,1.0,True
2,1,0.5249999761581421,accepted,183,0.9921025037765503,1.0,True
2,1,0.5249999761581421,accepted,184,0.9935188889503479,1.0,True
2,1,0.5249999761581421,accepted,185,0.9903026819229126,1.0,True
2,1,0.5249999761581421,accepted,186,0.9917656779289246,1.0,True
2,1,0.5249999761581421,accepted,187,0.9907183051109314,1.0,True
2,1,0.5249999761581421,accepted,188,0.9911699891090393,1.0,True
2,1,0.5249999761581421,accepted,189,0.9918281435966492,1.0,True
2,1,0.5249999761581421,accepted,190,0.9921593070030212,1.0,True
2,1,0.5249999761581421,accepted,191,0.9908713698387146,1.0,True
2,1,0.5249999761581421,accepted,192,0.9907107353210449,1.0,True
2,1,0.5249999761581421,accepted,193,0.9920703172683716,1.0,True
2,1,0.5249999761581421,accepted,194,0.9915992617607117,1.0,True
2,1,0.5249999761581421,accepted,195,0.9918054342269897,1.0,True
2,1,0.5249999761581421,accepted,196,0.9918943643569946,1.0,True
2,1,0.5249999761581421,accepted,197,0.9924601912498474,1.0,True
2,1,0.5249999761581421,accepted,198,0.99159175157547,1.0,True
2,1,0.5249999761581421,accepted,199,0.9911926984786987,1.0,True
2,1,0.5249999761581421,accepted,200,0.9907428622245789,1.0,True
2,1,0.5249999761581421,accepted,201,0.9908638596534729,1.0,True
2,1,0.5249999761581421,accepted,202,0.9902517199516296,1.0,True
2,1,0.5249999761581421,accepted,203,0.9931135177612305,1.0,True
2,1,0.5249999761581421,accepted,204,0.991814911365509,1.0,True
2,1,0.5249999761581421,accepted,205,0.9904216527938843,1.0,True
2,1,0.5249999761581421,accepted,206,0.9929335713386536,1.0,True
2,1,0.5249999761581421,accepted,207,0.9909639954566956,1.0,True
2,1,0.5249999761581421,accepted,208,0.9922595620155334,1.0,True
2,1,0.5249999761581421,accepted,209,0.992405354976654,1.0,True
2,1,0.5249999761581421,accepted,210,0.992579460144043,1.0,True
2,1,0.5249999761581421,accepted,211,0.9924356341362,1.0,True
2,1,0.5249999761581421,accepted,212,0.9918565154075623,1.0,True
2,1,0.5249999761581421,accepted,213,0.9921724796295166,1.0,True
2,1,0.5249999761581421,accepted,214,0.9917335510253906,1.0,True
2,1,0.5249999761581421,accepted,215,0.9912532567977905,1.0,True
2,1,0.5249999761581421,accepted,216,0.9918224811553955,1.0,True
2,1,0.5249999761581421,accepted,217,0.9911983609199524,1.0,True
2,1,0.5249999761581421,accepted,218,0.9930604100227356,1.0,True
2,1,0.5249999761581421,accepted,219,0.9916900396347046,1.0,True
2,1,0.5249999761581421,accepted,220,0.9928180575370789,1.0,True
2,1,0.5249999761581421,accepted,221,0.9937065839767456,1.0,True
2,1,0.5249999761581421,accepted,222,0.9929581880569458,1.0,True
2,1,0.5249999761581421,accepted,223,0.992093026638031,1.0,True
2,1,0.5249999761581421,accepted,224,0.992831289768219,1.0,True
2,1,0.5249999761581421,accepted,225,0.9903687834739685,1.0,True
2,1,0.5249999761581421,accepted,226,0.9931437969207764,1.0,True
2,1,0.5249999761581421,accepted,227,0.9928407669067383,1.0,True
2,1,0.5249999761581421,accepted,228,0.9907939434051514,1.0,True
2,1,0.5249999761581421,accepted,229,0.9918073415756226,1.0,True
2,1,0.5249999761581421,accepted,230,0.9927839636802673,1.0,True
2,1,0.5249999761581421,accepted,231,0.9916881918907166,1.0,True
2,1,0.5249999761581421,accepted,232,0.9922728538513184,1.0,True
2,1,0.5249999761581421,accepted,233,0.9914953112602234,1.0,True
2,1,0.5249999761581421,accepted,234,0.9925984144210815,1.0,True
2,1,0.5249999761581421,accepted,235,0.9933332204818726,1.0,True
2,1,0.5249999761581421,accepted,236,0.9914668798446655,1.0,True
2,1,0.5249999761581421,accepted,237,0.9924185276031494,1.0,True
2,1,0.5249999761581421,accepted,238,0.9931457042694092,1.0,True
2,1,0.5249999761581421,accepted,239,0.9935966730117798,1.0,True
2,1,0.5249999761581421,accepted,240,0.9938961267471313,1.0,True
2,1,0.5249999761581421,accepted,241,0.9922141432762146,1.0,True
2,1,0.5249999761581421,accepted,242,0.991398811340332,1.0,True
2,1,0.5249999761581421,accepted,243,0.9915822148323059,1.0,True
2,1,0.5249999761581421,accepted,244,0.991932213306427,1.0,True
2,1,0.5249999761581421,accepted,245,0.9918243885040283,1.0,True
2,1,0.5249999761581421,accepted,246,0.9929259419441223,1.0,True
2,1,0.5249999761581421,accepted,247,0.9925283789634705,1.0,True
2,1,0.5249999761581421,accepted,248,0.9919076561927795,1.0,True
2,1,0.5249999761581421,accepted,249,0.9928880929946899,1.0,True
2,1,0.5249999761581421,accepted,250,0.9934070706367493,1.0,True
2,1,0.5249999761581421,accepted,251,0.9924241900444031,1.0,True
2,1,0.5249999761581421,accepted,252,0.9934147000312805,1.0,True
2,1,0.5249999761581421,accepted,253,0.9944157004356384,1.0,True
2,1,0.5249999761581421,accepted,254,0.9919624924659729,1.0,True
2,1,0.5249999761581421,accepted,255,0.9932726621627808,1.0,True
2,1,0.5249999761581421,accepted,256,0.9926040768623352,1.0,True
2,1,0.5249999761581421,accepted,257,0.9920816421508789,1.0,True
2,1,0.5249999761581421,accepted,258,0.993382453918457,1.0,True
2,1,0.5249999761581421,accepted,259,0.9932745099067688,1.0,True
2,1,0.5249999761581421,accepted,260,0.9927252531051636,1.0,True
2,1,0.5249999761581421,accepted,261,0.9931039810180664,1.0,True
2,1,0.5249999761581421,accepted,262,0.993024468421936,1.0,True
2,1,0.5249999761581421,accepted,263,0.9922652244567871,1.0,True
2,1,0.5249999761581421,accepted,264,0.9937254786491394,1.0,True
2,1,0.5249999761581421,accepted,265,0.9899627566337585,1.0,True
2,1,0.5249999761581421,accepted,266,0.9939587116241455,1.0,True
2,1,0.5249999761581421,accepted,267,0.9926419258117676,1.0,True
2,1,0.5249999761581421,accepted,268,0.9910509586334229,1.0,True
2,1,0.5249999761581421,accepted,269,0.9924147725105286,1.0,True
2,1,0.5249999761581421,accepted,270,0.9915444254875183,1.0,True
2,1,0.5249999761581421,accepted,271,0.9932518005371094,1.0,True
2,1,0.5249999761581421,accepted,272,0.9928559064865112,1.0,True
2,1,0.5249999761581421,accepted,273,0.9934393763542175,1.0,True
2,1,0.5249999761581421,accepted,274,0.9936023354530334,1.0,True
2,1,0.5249999761581421,accepted,275,0.993039608001709,1.0,True
2,1,0.5249999761581421,accepted,276,0.9932252764701843,1.0,True
2,1,0.5249999761581421,accepted,277,0.9928104281425476,1.0,True
2,1,0.5249999761581421,accepted,278,0.9934128522872925,1.0,True
2,1,0.5249999761581421,accepted,279,0.9935473799705505,1.0,True
2,1,0.5249999761581421,accepted,280,0.9924356341362,1.0,True
2,1,0.5249999761581421,accepted,281,0.9938961267471313,1.0,True
2,1,0.5249999761581421,accepted,282,0.9940439462661743,1.0,True
2,1,0.5249999761581421,accepted,283,0.9934185147285461,1.0,True
2,1,0.5249999761581421,accepted,284,0.9927365779876709,1.0,True
2,1,0.5249999761581421,accepted,285,0.9925454258918762,1.0,True
2,1,0.5249999761581421,accepted,286,0.9940894246101379,1.0,True
2,1,0.5249999761581421,accepted,287,0.9936630129814148,1.0,True
2,1,0.5249999761581421,accepted,288,0.994188129901886,1.0,True
2,1,0.5249999761581421,accepted,289,0.9935719966888428,1.0,True
2,1,0.5249999761581421,accepted,290,0.9948348999023438,1.0,True
2,1,0.5249999761581421,accepted,291,0.9929884672164917,1.0,True
2,1,0.5249999761581421,accepted,292,0.9929941296577454,1.0,True
2,1,0.5249999761581421,accepted,293,0.993850588798523,1.0,True
2,1,0.5249999761581421,accepted,294,0.9929032325744629,1.0,True
2,1,0.5249999761581421,accepted,295,0.9918640851974487,1.0,True
2,1,0.5249999761581421,accepted,296,0.9929998517036438,1.0,True
2,1,0.5249999761581421,accepted,297,0.9932914972305298,1.0,True
2,1,0.5249999761581421,accepted,298,0.9940743446350098,1.0,True
2,1,0.5249999761581421,accepted,299,0.9920570850372314,1.0,True
2,1,0.5249999761581421,accepted,300,0.993850588798523,1.0,True
2,1,0.5249999761581421,accepted,301,0.9907390475273132,1.0,True
2,1,0.5249999761581421,accepted,302,0.9939264059066772,1.0,True
2,1,0.5249999761581421,accepted,303,0.9928672909736633,1.0,True
2,1,0.5249999761581421,accepted,304,0.9935397505760193,1.0,True
2,1,0.5249999761581421,accepted,305,0.991635262966156,1.0,True
2,1,0.5249999761581421,accepted,306,0.9922879338264465,1.0,True
2,1,0.5249999761581421,accepted,307,0.9948424696922302,1.0,True
2,1,0.5249999761581421,accepted,308,0.9944080710411072,1.0,True
2,1,0.5249999761581421,accepted,309,0.9935132265090942,1.0,True
2,1,0.5249999761581421,accepted,310,0.9930490851402283,1.0,True
2,1,0.5249999761581421,accepted,311,0.9923599362373352,1.0,True
2,1,0.5249999761581421,accepted,312,0.992691159248352,1.0,True
2,1,0.5249999761581421,accepted,313,0.9938297271728516,1.0,True
2,1,0.5249999761581421,accepted,314,0.9935985207557678,1.0,True
2,1,0.5249999761581421,accepted,315,0.9939870834350586,1.0,True
2,1,0.5249999761581421,accepted,316,0.9925018548965454,1.0,True
2,1,0.5249999761581421,accepted,317,0.9935492873191833,1.0,True
2,1,0.5249999761581421,accepted,318,0.9934337139129639,1.0,True
2,1,0.5249999761581421,accepted,319,0.9934014081954956,1.0,True
2,1,0.5249999761581421,accepted,320,0.9904594421386719,1.0,True
2,1,0.5249999761581421,accepted,321,0.9933181405067444,1.0,True
2,1,0.5249999761581421,accepted,322,0.9933843612670898,1.0,True
2,1,0.5249999761581421,accepted,323,0.9928710460662842,1.0,True
2,1,0.5249999761581421,accepted,324,0.992621123790741,1.0,True
2,1,0.5249999761581421,accepted,325,0.9939055442810059,1.0,True
2,1,0.5249999761581421,accepted,326,0.9927953481674194,1.0,True
2,1,0.5249999761581421,accepted,327,0.9926135540008545,1.0,True
2,1,0.5249999761581421,accepted,328,0.9936970472335815,1.0,True
2,1,0.5249999761581421,accepted,329,0.9937463402748108,1.0,True
2,1,0.5249999761581421,accepted,330,0.9913912415504456,1.0,True
2,1,0.5249999761581421,accepted,331,0.9949715733528137,1.0,True
2,1,0.5249999761581421,accepted,332,0.9941539168357849,1.0,True
2,1,0.5249999761581421,accepted,333,0.9929202795028687,1.0,True
2,1,0.5249999761581421,accepted,334,0.9943019151687622,1.0,True
2,1,0.5249999761581421,accepted,335,0.9935889840126038,1.0,True
2,1,0.5249999761581421,accepted,336,0.9948008060455322,1.0,True
2,1,0.5249999761581421,accepted,337,0.9937198162078857,1.0,True
2,1,0.5249999761581421,accepted,338,0.9944061636924744,1.0,True
2,1,0.5249999761581421,accepted,339,0.9935019016265869,1.0,True
2,1,0.5249999761581421,accepted,340,0.9938827753067017,1.0,True
2,1,0.5249999761581421,accepted,341,0.9944612383842468,1.0,True
2,1,0.5249999761581421,accepted,342,0.9940932989120483,1.0,True
2,1,0.5249999761581421,accepted,343,0.9937368631362915,1.0,True
2,1,0.5249999761581421,accepted,344,0.9939889907836914,1.0,True
2,1,0.5249999761581421,accepted,345,0.9954119324684143,1.0,True
2,1,0.5249999761581421,accepted,346,0.9942620396614075,1.0,True
2,1,0.5249999761581421,accepted,347,0.9925491809844971,1.0,True
2,1,0.5249999761581421,accepted,348,0.993297278881073,1.0,True
2,1,0.5249999761581421,accepted,349,0.9942430853843689,1.0,True
2,1,0.5249999761581421,accepted,350,0.9938335418701172,1.0,True
2,1,0.5249999761581421,accepted,351,0.9946755170822144,1.0,True
2,1,0.5249999761581421,accepted,352,0.9950835108757019,1.0,True
2,1,0.5249999761581421,accepted,353,0.9941008687019348,1.0,True
2,1,0.5249999761581421,accepted,354,0.994548499584198,1.0,True
2,1,0.5249999761581421,accepted,355,0.9937463402748108,1.0,True
2,1,0.5249999761581421,accepted,356,0.9940894246101379,1.0,True
2,1,0.5249999761581421,accepted,357,0.9941179752349854,1.0,True
2,1,0.5249999761581421,accepted,358,0.9939908981323242,1.0,True
2,1,0.5249999761581421,accepted,359,0.9936496615409851,1.0,True
2,1,0.5249999761581421,accepted,360,0.9956094026565552,1.0,True
2,1,0.5249999761581421,accepted,361,0.99396812915802,1.0,True
2,1,0.5249999761581421,accepted,362,0.993528425693512,1.0,True
2,1,0.5249999761581421,accepted,363,0.9934734106063843,1.0,True
2,1,0.5249999761581421,accepted,364,0.9937331080436707,1.0,True
2,1,0.5249999761581421,accepted,365,0.9939548969268799,1.0,True
2,1,0.5249999761581421,accepted,366,0.9927555322647095,1.0,True
2,1,0.5249999761581421,accepted,367,0.9929050803184509,1.0,True
2,1,0.5249999761581421,accepted,368,0.9938297271728516,1.0,True
2,1,0.5249999761581421,accepted,369,0.9936553239822388,1.0,True
2,1,0.5249999761581421,accepted,370,0.9943625330924988,1.0,True
2,1,0.5249999761581421,accepted,371,0.9951765537261963,1.0,True
2,1,0.5249999761581421,accepted,372,0.9940041899681091,1.0,True
2,1,0.5249999761581421,accepted,373,0.9936439990997314,1.0,True
2,1,0.5249999761581421,accepted,374,0.9942867159843445,1.0,True
2,1,0.5249999761581421,accepted,375,0.9933332204818726,1.0,True
2,1,0.5249999761581421,accepted,376,0.9945218563079834,1.0,True
2,1,0.5249999761581421,accepted,377,0.994394838809967,1.0,True
2,1,0.5249999761581421,accepted,378,0.9956644773483276,1.0,True
2,1,0.5249999761581421,accepted,379,0.9948595762252808,1.0,True
2,1,0.5249999761581421,accepted,380,0.9940136671066284,1.0,True
2,1,0.5249999761581421,accepted,381,0.9936838150024414,1.0,True
2,1,0.5249999761581421,accepted,382,0.9940041899681091,1.0,True
2,1,0.5249999761581421,accepted,383,0.9947324991226196,1.0,True
2,1,0.5249999761581421,accepted,384,0.9937994480133057,1.0,True
2,1,0.5249999761581421,accepted,385,0.9951157569885254,1.0,True
2,1,0.5249999761581421,accepted,386,0.9933995604515076,1.0,True
2,1,0.5249999761581421,accepted,387,0.9936060905456543,1.0,True
2,1,0.5249999761581421,accepted,388,0.9950664639472961,1.0,True
2,1,0.5249999761581421,accepted,389,0.9948311448097229,1.0,True
2,1,0.5249999761581421,accepted,390,0.9942336082458496,1.0,True
2,1,0.5249999761581421,accepted,391,0.9950892329216003,1.0,True
2,1,0.5249999761581421,accepted,392,0.9938657879829407,1.0,True
2,1,0.5249999761581421,accepted,393,0.9946698546409607,1.0,True
2,1,0.5249999761581421,accepted,394,0.9940648078918457,1.0,True
2,1,0.5249999761581421,accepted,395,0.9941653609275818,1.0,True
2,1,0.5249999761581421,accepted,396,0.9955790638923645,1.0,True
2,1,0.5249999761581421,accepted,397,0.993661105632782,1.0,True
2,1,0.5249999761581421,accepted,398,0.9940098524093628,1.0,True
2,1,0.5249999761581421,accepted,399,0.9942582845687866,1.0,True
2,1,0.5249999761581421,accepted,400,0.9944971799850464,1.0,True
2,1,0.5249999761581421,accepted,401,0.994097113609314,1.0,True
2,1,0.5249999761581421,accepted,402,0.9940572381019592,1.0,True
2,1,0.5249999761581421,accepted,403,0.9928218126296997,1.0,True
2,1,0.5249999761581421,accepted,404,0.9942487478256226,1.0,True
2,1,0.5249999761581421,accepted,405,0.995206892490387,1.0,True
2,1,0.5249999761581421,accepted,406,0.9943910241127014,1.0,True
2,1,0.5249999761581421,accepted,407,0.9942506551742554,1.0,True
2,1,0.5249999761581421,accepted,408,0.9932593703269958,1.0,True
2,1,0.5249999761581421,accepted,409,0.9945218563079834,1.0,True
2,1,0.5249999761581421,accepted,410,0.9930926561355591,1.0,True
2,1,0.5249999761581421,accepted,411,0.9942259788513184,1.0,True
2,1,0.5249999761581421,accepted,412,0.9940174221992493,1.0,True
2,1,0.5249999761581421,accepted,413,0.9942829012870789,1.0,True
2,1,0.5249999761581421,accepted,414,0.9949791431427002,1.0,True
2,1,0.5249999761581421,accepted,415,0.9940098524093628,1.0,True
2,1,0.5249999761581421,accepted,416,0.9930585622787476,1.0,True
2,1,0.5249999761581421,accepted,417,0.9947590231895447,1.0,True
2,1,0.5249999761581421,accepted,418,0.9942829012870789,1.0,True
2,1,0.5249999761581421,accepted,419,0.9935056567192078,1.0,True
2,1,0.5249999761581421,accepted,420,0.9950323104858398,1.0,True
2,1,0.5249999761581421,accepted,421,0.9947647452354431,1.0,True
2,1,0.5249999761581421,accepted,422,0.9948254823684692,1.0,True
2,1,0.5249999761581421,accepted,423,0.994654655456543,1.0,True
2,1,0.5249999761581421,accepted,424,0.9946565628051758,1.0,True
2,1,0.5249999761581421,accepted,425,0.9952998757362366,1.0,True
2,1,0.5249999761581421,accepted,426,0.9950171113014221,1.0,True
2,1,0.5249999761581421,accepted,427,0.9942848086357117,1.0,True
2,1,0.5249999761581421,accepted,428,0.9945845007896423,1.0,True
2,1,0.5249999761581421,accepted,429,0.9941501617431641,1.0,True
2,1,0.5249999761581421,accepted,430,0.9950342178344727,1.0,True
2,1,0.5249999761581421,accepted,431,0.9955847263336182,1.0,True
2,1,0.5249999761581421,accepted,432,0.995070219039917,1.0,True
2,1,0.5249999761581421,accepted,433,0.9940022826194763,1.0,True
2,1,0.5249999761581421,accepted,434,0.9946964383125305,1.0,True
2,1,0.5249999761581421,accepted,435,0.9947665929794312,1.0,True
2,1,0.5249999761581421,accepted,436,0.9952448606491089,1.0,True
2,1,0.5249999761581421,accepted,437,0.9944118857383728,1.0,True
2,1,0.5249999761581421,accepted,438,0.9948046207427979,1.0,True
2,1,0.5249999761581421,accepted,439,0.9930055141448975,1.0,True
2,1,0.5249999761581421,accepted,440,0.9950607419013977,1.0,True
2,1,0.5249999761581421,accepted,441,0.9963142275810242,1.0,True
2,1,0.5249999761581421,accepted,442,0.9942259788513184,1.0,True
2,1,0.5249999761581421,accepted,443,0.9946603178977966,1.0,True
2,1,0.5249999761581421,accepted,444,0.9950740933418274,1.0,True
2,1,0.5249999761581421,accepted,445,0.9940534830093384,1.0,True
2,1,0.5249999761581421,accepted,446,0.9932935237884521,1.0,True
2,1,0.5249999761581421,accepted,447,0.9953740239143372,1.0,True
2,1,0.5249999761581421,accepted,448,0.9941330552101135,1.0,True
2,1,0.5249999761581421,accepted,449,0.995827853679657,1.0,True
2,1,0.5249999761581421,accepted,450,0.9939908981323242,1.0,True
2,1,0.5249999761581421,accepted,451,0.9943796396255493,1.0,True
2,1,0.5249999761581421,accepted,452,0.9935662746429443,1.0,True
2,1,0.5249999761581421,accepted,453,0.9938904643058777,1.0,True
2,1,0.5249999761581421,accepted,454,0.993966281414032,1.0,True
2,1,0.5249999761581421,accepted,455,0.9946964383125305,1.0,True
2,1,0.5249999761581421,accepted,456,0.9944801926612854,1.0,True
2,1,0.5249999761581421,accepted,457,0.9932764172554016,1.0,True
2,1,0.5249999761581421,accepted,458,0.9954916834831238,1.0,True
2,1,0.5249999761581421,accepted,459,0.9939605593681335,1.0,True
2,1,0.5249999761581421,accepted,460,0.994059145450592,1.0,True
2,1,0.5249999761581421,accepted,461,0.9954176545143127,1.0,True
2,1,0.5249999761581421,accepted,462,0.9950246810913086,1.0,True
2,1,0.5249999761581421,accepted,463,0.9947172999382019,1.0,True
2,1,0.5249999761581421,accepted,464,0.99467933177948,1.0,True
2,1,0.5249999761581421,accepted,465,0.9953721165657043,1.0,True
2,1,0.5249999761581421,accepted,466,0.9952259063720703,1.0,True
2,1,0.5249999761581421,accepted,467,0.9956340789794922,1.0,True
2,1,0.5249999761581421,accepted,468,0.9950892329216003,1.0,True
2,1,0.5249999761581421,accepted,469,0.9943664073944092,1.0,True
2,1,0.5249999761581421,accepted,470,0.9946110248565674,1.0,True
2,1,0.5249999761581421,accepted,471,0.9944384694099426,1.0,True
2,1,0.5249999761581421,accepted,472,0.9941273927688599,1.0,True
2,1,0.5249999761581421,accepted,473,0.9945276379585266,1.0,True
2,1,0.5249999761581421,accepted,474,0.9952885508537292,1.0,True
2,1,0.5249999761581421,accepted,475,0.9948671460151672,1.0,True
2,1,0.5249999761581421,accepted,476,0.9939852356910706,1.0,True
2,1,0.5249999761581421,accepted,477,0.9945579171180725,1.0,True
2,1,0.5249999761581421,accepted,478,0.9951138496398926,1.0,True
2,1,0.5249999761581421,accepted,479,0.9949184656143188,1.0,True
2,1,0.5249999761581421,accepted,480,0.9948254823684692,1.0,True
2,1,0.5249999761581421,accepted,481,0.9947741627693176,1.0,True
2,1,0.5249999761581421,accepted,482,0.9946717619895935,1.0,True
2,1,0.5249999761581421,accepted,483,0.9954461455345154,1.0,True
2,1,0.5249999761581421,accepted,484,0.99518221616745,1.0,True
2,1,0.5249999761581421,accepted,485,0.9940269589424133,1.0,True
2,1,0.5249999761581421,accepted,486,0.9940762519836426,1.0,True
2,1,0.5249999761581421,accepted,487,0.9951081871986389,1.0,True
2,1,0.5249999761581421,accepted,488,0.9939795732498169,1.0,True
2,1,0.5249999761581421,accepted,489,0.9941539168357849,1.0,True
2,1,0.5249999761581421,accepted,490,0.9951044321060181,1.0,True
2,1,0.5249999761581421,accepted,491,0.9966087937355042,1.0,True
2,1,0.5249999761581421,accepted,492,0.9940856695175171,1.0,True
2,1,0.5249999761581421,accepted,493,0.9929354786872864,1.0,True
2,1,0.5249999761581421,accepted,494,0.9966410994529724,1.0,True
2,1,0.5249999761581421,accepted,495,0.9923750162124634,1.0,True
2,1,0.5249999761581421,accepted,496,0.9950152039527893,1.0,True
2,1,0.5249999761581421,accepted,497,0.9941425919532776,1.0,True
2,1,0.5249999761581421,accepted,498,0.9944289326667786,1.0,True
2,1,0.5249999761581421,accepted,499,0.99518221616745,1.0,True
2,1,0.5249999761581421,accepted,500,0.9953132271766663,1.0,True
3,1,0.9975000023841858,accepted,1,0.7524849772453308,1.0,True
3,1,0.9975000023841858,accepted,2,0.7615060806274414,1.0,True
3,1,0.9975000023841858,accepted,3,0.7655429840087891,1.0,True
3,1,0.9975000023841858,accepted,4,0.7810261249542236,1.0,True
3,1,0.9975000023841858,accepted,5,0.7994577288627625,1.0,True
3,1,0.9975000023841858,accepted,6,0.8241086602210999,1.0,True
3,1,0.9975000023841858,accepted,7,0.8475566506385803,1.0,True
3,1,0.9975000023841858,accepted,8,0.8722022175788879,1.0,True
3,1,0.9975000023841858,accepted,9,0.899892270565033,1.0,True
3,1,0.9975000023841858,accepted,10,0.9178004264831543,1.0,True
3,1,0.9975000023841858,accepted,11,0.9160916805267334,1.0,True
3,1,0.9975000023841858,accepted,12,0.9248999953269958,1.0,True
3,1,0.9975000023841858,accepted,13,0.9271979331970215,1.0,True
3,1,0.9975000023841858,accepted,14,0.9034574627876282,1.0,True
3,1,0.9975000023841858,accepted,15,0.941542387008667,1.0,True
3,1,0.9975000023841858,accepted,16,0.9253993630409241,1.0,True
3,1,0.9975000023841858,accepted,17,0.9492726922035217,1.0,True
3,1,0.9975000023841858,accepted,18,0.9564752578735352,1.0,True
3,1,0.9975000023841858,accepted,19,0.9600136876106262,1.0,True
3,1,0.9975000023841858,accepted,20,0.968859851360321,1.0,True
3,1,0.9975000023841858,accepted,21,0.9561815857887268,1.0,True
3,1,0.9975000023841858,accepted,22,0.9652262330055237,1.0,True
3,1,0.9975000023841858,accepted,23,0.9603983163833618,1.0,True
3,1,0.9975000023841858,accepted,24,0.9659261107444763,1.0,True
3,1,0.9975000023841858,accepted,25,0.9654674530029297,1.0,True
3,1,0.9975000023841858,accepted,26,0.9754572510719299,1.0,True
3,1,0.9975000023841858,accepted,27,0.9725703001022339,1.0,True
3,1,0.9975000023841858,accepted,28,0.9699581265449524,1.0,True
3,1,0.9975000023841858,accepted,29,0.9762799739837646,1.0,True
3,1,0.9975000023841858,accepted,30,0.9612963795661926,1.0,True
3,1,0.9975000023841858,accepted,31,0.9789109230041504,1.0,True
3,1,0.9975000023841858,accepted,32,0.9786608219146729,1.0,True
3,1,0.9975000023841858,accepted,33,0.979275107383728,1.0,True
3,1,0.9975000023841858,accepted,34,0.9805011749267578,1.0,True
3,1,0.9975000023841858,accepted,35,0.9794861078262329,1.0,True
3,1,0.9975000023841858,accepted,36,0.9850279688835144,1.0,True
3,1,0.9975000023841858,accepted,37,0.9791630506515503,1.0,True
3,1,0.9975000023841858,accepted,38,0.9853775501251221,1.0,True
3,1,0.9975000023841858,accepted,39,0.9832091331481934,1.0,True
3,1,0.9975000023841858,accepted,40,0.9827178716659546,1.0,True
3,1,0.9975000023841858,accepted,41,0.9845545887947083,1.0,True
3,1,0.9975000023841858,accepted,42,0.9851012825965881,1.0,True
3,1,0.9975000023841858,accepted,43,0.9883930087089539,1.0,True
3,1,0.9975000023841858,accepted,44,0.9860261082649231,1.0,True
3,1,0.9975000023841858,accepted,45,0.9869066476821899,1.0,True
3,1,0.9975000023841858,accepted,46,0.9847669005393982,1.0,True
3,1,0.9975000023841858,accepted,47,0.9880198240280151,1.0,True
3,1,0.9975000023841858,accepted,48,0.9888908267021179,1.0,True
3,1,0.9975000023841858,accepted,49,0.9872512817382812,1.0,True
3,1,0.9975000023841858,accepted,50,0.9879387617111206,1.0,True
3,1,0.9975000023841858,accepted,51,0.9916408658027649,1.0,True
3,1,0.9975000023841858,accepted,52,0.9896191358566284,1.0,True
3,1,0.9975000023841858,accepted,53,0.9906200766563416,1.0,True
3,1,0.9975000023841858,accepted,54,0.9908827543258667,1.0,True
3,1,0.9975000023841858,accepted,55,0.9902384281158447,1.0,True
3,1,0.9975000023841858,accepted,56,0.9918168187141418,1.0,True
3,1,0.9975000023841858,accepted,57,0.9853268265724182,1.0,True
3,1,0.9975000023841858,accepted,58,0.9912380576133728,1.0,True
3,1,0.9975000023841858,accepted,59,0.989924967288971,1.0,True
3,1,0.9975000023841858,accepted,60,0.9892039895057678,1.0,True
3,1,0.9975000023841858,accepted,61,0.9870591759681702,1.0,True
3,1,0.9975000023841858,accepted,62,0.9930509924888611,1.0,True
3,1,0.9975000023841858,accepted,63,0.9905387759208679,1.0,True
3,1,0.9975000023841858,accepted,64,0.9933446049690247,1.0,True
3,1,0.9975000023841858,accepted,65,0.9909073114395142,1.0,True
3,1,0.9975000023841858,accepted,66,0.9936383366584778,1.0,True
3,1,0.9975000023841858,accepted,67,0.9917089939117432,1.0,True
3,1,0.9975000023841858,accepted,68,0.9924810528755188,1.0,True
3,1,0.9975000023841858,accepted,69,0.9917108416557312,1.0,True
3,1,0.9975000023841858,accepted,70,0.9906729459762573,1.0,True
3,1,0.9975000023841858,accepted,71,0.992723286151886,1.0,True
3,1,0.9975000023841858,accepted,72,0.9935492873191833,1.0,True
3,1,0.9975000023841858,accepted,73,0.9940648078918457,1.0,True
3,1,0.9975000023841858,accepted,74,0.9942013621330261,1.0,True
3,1,0.9975000023841858,accepted,75,0.9934337139129639,1.0,True
3,1,0.9975000023841858,accepted,76,0.9945351481437683,1.0,True
3,1,0.9975000023841858,accepted,77,0.9909677505493164,1.0,True
3,1,0.9975000023841858,accepted,78,0.9954385757446289,1.0,True
3,1,0.9975000023841858,accepted,79,0.9952638745307922,1.0,True
3,1,0.9975000023841858,accepted,80,0.9943037629127502,1.0,True
3,1,0.9975000023841858,accepted,81,0.9946357011795044,1.0,True
3,1,0.9975000023841858,accepted,82,0.9935056567192078,1.0,True
3,1,0.9975000023841858,accepted,83,0.9956777691841125,1.0,True
3,1,0.9975000023841858,accepted,84,0.994705855846405,1.0,True
3,1,0.9975000023841858,accepted,85,0.9947286248207092,1.0,True
3,1,0.9975000023841858,accepted,86,0.9943493008613586,1.0,True
3,1,0.9975000023841858,accepted,87,0.9950246810913086,1.0,True
3,1,0.9975000023841858,accepted,88,0.9934052228927612,1.0,True
3,1,0.9975000023841858,accepted,89,0.9931457042694092,1.0,True
3,1,0.9975000023841858,accepted,90,0.9951727390289307,1.0,True
3,1,0.9975000023841858,accepted,91,0.9951727390289307,1.0,True
3,1,0.9975000023841858,accepted,92,0.9937463402748108,1.0,True
3,1,0.9975000023841858,accepted,93,0.9956132173538208,1.0,True
3,1,0.9975000023841858,accepted,94,0.9941121935844421,1.0,True
3,1,0.9975000023841858,accepted,95,0.9962495565414429,1.0,True
3,1,0.9975000023841858,accepted,96,0.9958734512329102,1.0,True
3,1,0.9975000023841858,accepted,97,0.9946300387382507,1.0,True
3,1,0.9975000023841858,accepted,98,0.9958335161209106,1.0,True
3,1,0.9975000023841858,accepted,99,0.9943644404411316,1.0,True
3,1,0.9975000023841858,accepted,100,0.9949659109115601,1.0,True
3,1,0.9975000023841858,accepted,101,0.9950398802757263,1.0,True
3,1,0.9975000023841858,accepted,102,0.9960899949073792,1.0,True
3,1,0.9975000023841858,accepted,103,0.9939776659011841,1.0,True
3,1,0.9975000023841858,accepted,104,0.9967418909072876,1.0,True
3,1,0.9975000023841858,accepted,105,0.995693027973175,1.0,True
3,1,0.9975000023841858,accepted,106,0.9958429932594299,1.0,True
3,1,0.9975000023841858,accepted,107,0.9951689839363098,1.0,True
3,1,0.9975000023841858,accepted,108,0.9960558414459229,1.0,True
3,1,0.9975000023841858,accepted,109,0.9961678385734558,1.0,True
3,1,0.9975000023841858,accepted,110,0.9958468079566956,1.0,True
3,1,0.9975000023841858,accepted,111,0.9949430823326111,1.0,True
3,1,0.9975000023841858,accepted,112,0.9953606724739075,1.0,True
3,1,0.9975000023841858,accepted,113,0.9963123202323914,1.0,True
3,1,0.9975000023841858,accepted,114,0.9957119226455688,1.0,True
3,1,0.9975000023841858,accepted,115,0.9959056973457336,1.0,True
3,1,0.9975000023841858,accepted,116,0.995094895362854,1.0,True
3,1,0.9975000023841858,accepted,117,0.9968178868293762,1.0,True
3,1,0.9975000023841858,accepted,118,0.995427131652832,1.0,True
3,1,0.9975000023841858,accepted,119,0.9958506226539612,1.0,True
3,1,0.9975000023841858,accepted,120,0.9952030777931213,1.0,True
3,1,0.9975000023841858,accepted,121,0.9958164095878601,1.0,True
3,1,0.9975000023841858,accepted,122,0.9949829578399658,1.0,True
3,1,0.9975000023841858,accepted,123,0.9965897798538208,1.0,True
3,1,0.9975000023841858,accepted,124,0.9957879781723022,1.0,True
3,1,0.9975000023841858,accepted,125,0.9956246614456177,1.0,True
3,1,0.9975000023841858,accepted,126,0.996795117855072,1.0,True
3,1,0.9975000023841858,accepted,127,0.9969224333763123,1.0,True
3,1,0.9975000023841858,accepted,128,0.9950417876243591,1.0,True
3,1,0.9975000023841858,accepted,129,0.9963483810424805,1.0,True
3,1,0.9975000023841858,accepted,130,0.9960063695907593,1.0,True
3,1,0.9975000023841858,accepted,131,0.9955676198005676,1.0,True
3,1,0.9975000023841858,accepted,132,0.9955239295959473,1.0,True
3,1,0.9975000023841858,accepted,133,0.9969947934150696,1.0,True
3,1,0.9975000023841858,accepted,134,0.995611310005188,1.0,True
3,1,0.9975000023841858,accepted,135,0.995693027973175,1.0,True
3,1,0.9975000023841858,accepted,136,0.9962875843048096,1.0,True
3,1,0.9975000023841858,accepted,137,0.9966772198677063,1.0,True
3,1,0.9975000023841858,accepted,138,0.9959759712219238,1.0,True
3,1,0.9975000023841858,accepted,139,0.9955600500106812,1.0,True
3,1,0.9975000023841858,accepted,140,0.9964985251426697,1.0,True
3,1,0.9975000023841858,accepted,141,0.9974550604820251,1.0,True
3,1,0.9975000023841858,accepted,142,0.9970194697380066,1.0,True
3,1,0.9975000023841858,accepted,143,0.996819794178009,1.0,True
3,1,0.9975000023841858,accepted,144,0.99599689245224,1.0,True
3,1,0.9975000023841858,accepted,145,0.9962248802185059,1.0,True
3,1,0.9975000023841858,accepted,146,0.9966239333152771,1.0,True
3,1,0.9975000023841858,accepted,147,0.9972705245018005,1.0,True
3,1,0.9975000023841858,accepted,148,0.9961830377578735,1.0,True
3,1,0.9975000023841858,accepted,149,0.9967475533485413,1.0,True
3,1,0.9975000023841858,accepted,150,0.9962002038955688,1.0,True
3,1,0.9975000023841858,accepted,151,0.9970308542251587,1.0,True
3,1,0.9975000023841858,accepted,152,0.9965783357620239,1.0,True
3,1,0.9975000023841858,accepted,153,0.9972286820411682,1.0,True
3,1,0.9975000023841858,accepted,154,0.9959360361099243,1.0,True
3,1,0.9975000023841858,accepted,155,0.9962552785873413,1.0,True
3,1,0.9975000023841858,accepted,156,0.997323751449585,1.0,True
3,1,0.9975000023841858,accepted,157,0.9972438216209412,1.0,True
3,1,0.9975000023841858,accepted,158,0.9970384240150452,1.0,True
3,1,0.9975000023841858,accepted,159,0.9964985251426697,1.0,True
3,1,0.9975000023841858,accepted,160,0.9965593814849854,1.0,True
3,1,0.9975000023841858,accepted,161,0.9971221685409546,1.0,True
3,1,0.9975000023841858,accepted,162,0.9970099329948425,1.0,True
3,1,0.9975000023841858,accepted,163,0.9966810345649719,1.0,True
3,1,0.9975000023841858,accepted,164,0.9973104000091553,1.0,True
3,1,0.9975000023841858,accepted,165,0.9967741966247559,1.0,True
3,1,0.9975000023841858,accepted,166,0.9963997602462769,1.0,True
3,1,0.9975000023841858,accepted,167,0.997403621673584,1.0,True
3,1,0.9975000023841858,accepted,168,0.9975482821464539,1.0,True
3,1,0.9975000023841858,accepted,169,0.9977213740348816,1.0,True
3,1,0.9975000023841858,accepted,170,0.9962533712387085,1.0,True
3,1,0.9975000023841858,accepted,171,0.9960025548934937,1.0,True
3,1,0.9975000023841858,accepted,172,0.9969528913497925,1.0,True
3,1,0.9975000023841858,accepted,173,0.9966050386428833,1.0,True
3,1,0.9975000023841858,accepted,174,0.9963521361351013,1.0,True
3,1,0.9975000023841858,accepted,175,0.9971545338630676,1.0,True
3,1,0.9975000023841858,accepted,176,0.9971088767051697,1.0,True
3,1,0.9975000023841858,accepted,177,0.9961906671524048,1.0,True
3,1,0.9975000023841858,accepted,178,0.9966714978218079,1.0,True
3,1,0.9975000023841858,accepted,179,0.9968958497047424,1.0,True
3,1,0.9975000023841858,accepted,180,0.9965860247612,1.0,True
3,1,0.9975000023841858,accepted,181,0.9967323541641235,1.0,True
3,1,0.9975000023841858,accepted,182,0.9974169731140137,1.0,True
3,1,0.9975000023841858,accepted,183,0.9977594614028931,1.0,True
3,1,0.9975000023841858,accepted,184,0.9958658218383789,1.0,True
3,1,0.9975000023841858,accepted,185,0.9971107840538025,1.0,True
3,1,0.9975000023841858,accepted,186,0.9969890117645264,1.0,True
3,1,0.9975000023841858,accepted,187,0.9970993399620056,1.0,True
3,1,0.9975000023841858,accepted,188,0.9963825941085815,1.0,True
3,1,0.9975000023841858,accepted,189,0.9975805878639221,1.0,True
3,1,0.9975000023841858,accepted,190,0.9979897737503052,1.0,True
3,1,0.9975000023841858,accepted,191,0.9978413581848145,1.0,True
3,1,0.9975000023841858,accepted,192,0.995732843875885,1.0,True
3,1,0.9975000023841858,accepted,193,0.9977899193763733,1.0,True
3,1,0.9975000023841858,accepted,194,0.996635377407074,1.0,True
3,1,0.9975000023841858,accepted,195,0.9966126084327698,1.0,True
3,1,0.9975000023841858,accepted,196,0.997590184211731,1.0,True
3,1,0.9975000023841858,accepted,197,0.9967437982559204,1.0,True
3,1,0.9975000023841858,accepted,198,0.9969700574874878,1.0,True
3,1,0.9975000023841858,accepted,199,0.996317982673645,1.0,True
3,1,0.9975000023841858,accepted,200,0.9976415038108826,1.0,True
3,1,0.9975000023841858,accepted,201,0.9969395995140076,1.0,True
3,1,0.9975000023841858,accepted,202,0.9977290630340576,1.0,True
3,1,0.9975000023841858,accepted,203,0.9963711500167847,1.0,True
3,1,0.9975000023841858,accepted,204,0.997207760810852,1.0,True
3,1,0.9975000023841858,accepted,205,0.9958012104034424,1.0,True
3,1,0.9975000023841858,accepted,206,0.9956872463226318,1.0,True
3,1,0.9975000023841858,accepted,207,0.9966201782226562,1.0,True
3,1,0.9975000023841858,accepted,208,0.9963711500167847,1.0,True
3,1,0.9975000023841858,accepted,209,0.997380793094635,1.0,True
3,1,0.9975000023841858,accepted,210,0.9969148635864258,1.0,True
3,1,0.9975000023841858,accepted,211,0.9958354234695435,1.0,True
3,1,0.9975000023841858,accepted,212,0.996795117855072,1.0,True
3,1,0.9975000023841858,accepted,213,0.9969016313552856,1.0,True
3,1,0.9975000023841858,accepted,214,0.9975711107254028,1.0,True
3,1,0.9975000023841858,accepted,215,0.9955069422721863,1.0,True
3,1,0.9975000023841858,accepted,216,0.9972172379493713,1.0,True
3,1,0.9975000023841858,accepted,217,0.9967114329338074,1.0,True
3,1,0.9975000023841858,accepted,218,0.996317982673645,1.0,True
3,1,0.9975000023841858,accepted,219,0.9970593452453613,1.0,True
3,1,0.9975000023841858,accepted,220,0.9978089332580566,1.0,True
3,1,0.9975000023841858,accepted,221,0.9972648024559021,1.0,True
3,1,0.9975000023841858,accepted,222,0.996198296546936,1.0,True
3,1,0.9975000023841858,accepted,223,0.9972286820411682,1.0,True
3,1,0.9975000023841858,accepted,224,0.9979574680328369,1.0,True
3,1,0.9975000023841858,accepted,225,0.9961621761322021,1.0,True
3,1,0.9975000023841858,accepted,226,0.9976186752319336,1.0,True
3,1,0.9975000023841858,accepted,227,0.9974740743637085,1.0,True
3,1,0.9975000023841858,accepted,228,0.9972058534622192,1.0,True
3,1,0.9975000023841858,accepted,229,0.9974588751792908,1.0,True
3,1,0.9975000023841858,accepted,230,0.996515691280365,1.0,True
3,1,0.9975000023841858,accepted,231,0.9978508353233337,1.0,True
3,1,0.9975000023841858,accepted,232,0.9976091384887695,1.0,True
3,1,0.9975000023841858,accepted,233,0.9971336126327515,1.0,True
3,1,0.9975000023841858,accepted,234,0.9980354905128479,1.0,True
3,1,0.9975000023841858,accepted,235,0.9971487522125244,1.0,True
3,1,0.9975000023841858,accepted,236,0.997175395488739,1.0,True
3,1,0.9975000023841858,accepted,237,0.996842622756958,1.0,True
3,1,0.9975000023841858,accepted,238,0.9973865747451782,1.0,True
3,1,0.9975000023841858,accepted,239,0.9977632761001587,1.0,True
3,1,0.9975000023841858,accepted,240,0.9967000484466553,1.0,True
3,1,0.9975000023841858,accepted,241,0.9970289468765259,1.0,True
3,1,0.9975000023841858,accepted,242,0.9980259537696838,1.0,True
3,1,0.9975000023841858,accepted,243,0.998328685760498,1.0,True
3,1,0.9975000023841858,accepted,244,0.99725341796875,1.0,True
3,1,0.9975000023841858,accepted,245,0.9970194697380066,1.0,True
3,1,0.9975000023841858,accepted,246,0.9975634217262268,1.0,True
3,1,0.9975000023841858,accepted,247,0.9978699088096619,1.0,True
3,1,0.9975000023841858,accepted,248,0.9982296824455261,1.0,True
3,1,0.9975000023841858,accepted,249,0.9978089332580566,1.0,True
3,1,0.9975000023841858,accepted,250,0.9959303736686707,1.0,True
3,1,0.9975000023841858,accepted,251,0.997299075126648,1.0,True
3,1,0.9975000023841858,accepted,252,0.9985781908035278,1.0,True
3,1,0.9975000023841858,accepted,253,0.9978527426719666,1.0,True
3,1,0.9975000023841858,accepted,254,0.9973066449165344,1.0,True
3,1,0.9975000023841858,accepted,255,0.9976890683174133,1.0,True
3,1,0.9975000023841858,accepted,256,0.9970821738243103,1.0,True
3,1,0.9975000023841858,accepted,257,0.9976111054420471,1.0,True
3,1,0.9975000023841858,accepted,258,0.9974740743637085,1.0,True
3,1,0.9975000023841858,accepted,259,0.998134434223175,1.0,True
3,1,0.9975000023841858,accepted,260,0.9981763362884521,1.0,True
3,1,0.9975000023841858,accepted,261,0.9971944093704224,1.0,True
3,1,0.9975000023841858,accepted,262,0.9976395964622498,1.0,True
3,1,0.9975000023841858,accepted,263,0.9967836737632751,1.0,True
3,1,0.9975000023841858,accepted,264,0.9975349307060242,1.0,True
3,1,0.9975000023841858,accepted,265,0.9969719648361206,1.0,True
3,1,0.9975000023841858,accepted,266,0.9979193806648254,1.0,True
3,1,0.9975000023841858,accepted,267,0.9970004558563232,1.0,True
3,1,0.9975000023841858,accepted,268,0.9973770380020142,1.0,True
3,1,0.9975000023841858,accepted,269,0.9977975487709045,1.0,True
3,1,0.9975000023841858,accepted,270,0.9977537989616394,1.0,True
3,1,0.9975000023841858,accepted,271,0.99756920337677,1.0,True
3,1,0.9975000023841858,accepted,272,0.9974873661994934,1.0,True
3,1,0.9975000023841858,accepted,273,0.9975444674491882,1.0,True
3,1,0.9975000023841858,accepted,274,0.9984010457992554,1.0,True
3,1,0.9975000023841858,accepted,275,0.9973161816596985,1.0,True
3,1,0.9975000023841858,accepted,276,0.9979099035263062,1.0,True
3,1,0.9975000023841858,accepted,277,0.9973447322845459,1.0,True
3,1,0.9975000023841858,accepted,278,0.9969947934150696,1.0,True
3,1,0.9975000023841858,accepted,279,0.9974626302719116,1.0,True
3,1,0.9975000023841858,accepted,280,0.9978280067443848,1.0,True
3,1,0.9975000023841858,accepted,281,0.9978812336921692,1.0,True
3,1,0.9975000023841858,accepted,282,0.9970004558563232,1.0,True
3,1,0.9975000023841858,accepted,283,0.9981325268745422,1.0,True
3,1,0.9975000023841858,accepted,284,0.998187780380249,1.0,True
3,1,0.9975000023841858,accepted,285,0.9984143972396851,1.0,True
3,1,0.9975000023841858,accepted,286,0.9970346689224243,1.0,True
3,1,0.9975000023841858,accepted,287,0.9979117512702942,1.0,True
3,1,0.9975000023841858,accepted,288,0.9976814985275269,1.0,True
3,1,0.9975000023841858,accepted,289,0.9970479607582092,1.0,True
3,1,0.9975000023841858,accepted,290,0.9975045323371887,1.0,True
3,1,0.9975000023841858,accepted,291,0.9979327321052551,1.0,True
3,1,0.9975000023841858,accepted,292,0.9981249570846558,1.0,True
3,1,0.9975000023841858,accepted,293,0.9976719617843628,1.0,True
3,1,0.9975000023841858,accepted,294,0.997426450252533,1.0,True
3,1,0.9975000023841858,accepted,295,0.9983057975769043,1.0,True
3,1,0.9975000023841858,accepted,296,0.9983096122741699,1.0,True
3,1,0.9975000023841858,accepted,297,0.9977232813835144,1.0,True
3,1,0.9975000023841858,accepted,298,0.9976605772972107,1.0,True
3,1,0.9975000023841858,accepted,299,0.9975235462188721,1.0,True
3,1,0.9975000023841858,accepted,300,0.9975273609161377,1.0,True
3,1,0.9975000023841858,accepted,301,0.9972743391990662,1.0,True
3,1,0.9975000023841858,accepted,302,0.9975672960281372,1.0,True
3,1,0.9975000023841858,accepted,303,0.9973979592323303,1.0,True
3,1,0.9975000023841858,accepted,304,0.9982467889785767,1.0,True
3,1,0.9975000023841858,accepted,305,0.9968236088752747,1.0,True
3,1,0.9975000023841858,accepted,306,0.9980220794677734,1.0,True
3,1,0.9975000023841858,accepted,307,0.9973465800285339,1.0,True
3,1,0.9975000023841858,accepted,308,0.9976072311401367,1.0,True
3,1,0.9975000023841858,accepted,309,0.9972020387649536,1.0,True
3,1,0.9975000023841858,accepted,310,0.9980583190917969,1.0,True
3,1,0.9975000023841858,accepted,311,0.9970327615737915,1.0,True
3,1,0.9975000023841858,accepted,312,0.9983781576156616,1.0,True
3,1,0.9975000023841858,accepted,313,0.9969186782836914,1.0,True
3,1,0.9975000023841858,accepted,314,0.9972020387649536,1.0,True
3,1,0.9975000023841858,accepted,315,0.9978108406066895,1.0,True
3,1,0.9975000023841858,accepted,316,0.9971715807914734,1.0,True
3,1,0.9975000023841858,accepted,317,0.9973123073577881,1.0,True
3,1,0.9975000023841858,accepted,318,0.9978355765342712,1.0,True
3,1,0.9975000023841858,accepted,319,0.9971278309822083,1.0,True
3,1,0.9975000023841858,accepted,320,0.997546374797821,1.0,True
3,1,0.9975000023841858,accepted,321,0.9981039762496948,1.0,True
3,1,0.9975000023841858,accepted,322,0.9980564117431641,1.0,True
3,1,0.9975000023841858,accepted,323,0.9963958859443665,1.0,True
3,1,0.9975000023841858,accepted,324,0.9976319670677185,1.0,True
3,1,0.9975000023841858,accepted,325,0.9981896877288818,1.0,True
3,1,0.9975000023841858,accepted,326,0.9968350529670715,1.0,True
3,1,0.9975000023841858,accepted,327,0.9972609877586365,1.0,True
3,1,0.9975000023841858,accepted,328,0.9978584051132202,1.0,True
3,1,0.9975000023841858,accepted,329,0.9973865747451782,1.0,True
3,1,0.9975000023841858,accepted,330,0.9965802431106567,1.0,True
3,1,0.9975000023841858,accepted,331,0.9980392456054688,1.0,True
3,1,0.9975000023841858,accepted,332,0.9974969625473022,1.0,True
3,1,0.9975000023841858,accepted,333,0.9970118403434753,1.0,True
3,1,0.9975000023841858,accepted,334,0.9980202317237854,1.0,True
3,1,0.9975000023841858,accepted,335,0.9982962608337402,1.0,True
3,1,0.9975000023841858,accepted,336,0.9969205260276794,1.0,True
3,1,0.9975000023841858,accepted,337,0.99756920337677,1.0,True
3,1,0.9975000023841858,accepted,338,0.9972230195999146,1.0,True
3,1,0.9975000023841858,accepted,339,0.9963997602462769,1.0,True
3,1,0.9975000023841858,accepted,340,0.9979327321052551,1.0,True
3,1,0.9975000023841858,accepted,341,0.995972216129303,1.0,True
3,1,0.9975000023841858,accepted,342,0.9977880120277405,1.0,True
3,1,0.9975000023841858,accepted,343,0.9976358413696289,1.0,True
3,1,0.9975000023841858,accepted,344,0.9966335296630859,1.0,True
3,1,0.9975000023841858,accepted,345,0.9976339340209961,1.0,True
3,1,0.9975000023841858,accepted,346,0.9978983998298645,1.0,True
3,1,0.9975000023841858,accepted,347,0.9969985485076904,1.0,True
3,1,0.9975000023841858,accepted,348,0.9988829493522644,1.0,True
3,1,0.9975000023841858,accepted,349,0.9975292682647705,1.0,True
3,1,0.9975000023841858,accepted,350,0.9972362518310547,1.0,True
3,1,0.9975000023841858,accepted,351,0.9979231357574463,1.0,True
3,1,0.9975000023841858,accepted,352,0.9978146553039551,1.0,True
3,1,0.9975000023841858,accepted,353,0.9977442026138306,1.0,True
3,1,0.9975000023841858,accepted,354,0.9972286820411682,1.0,True
3,1,0.9975000023841858,accepted,355,0.9979859590530396,1.0,True
3,1,0.9975000023841858,accepted,356,0.9980220794677734,1.0,True
3,1,0.9975000023841858,accepted,357,0.9966467618942261,1.0,True
3,1,0.9975000023841858,accepted,358,0.9978527426719666,1.0,True
3,1,0.9975000023841858,accepted,359,0.9978964924812317,1.0,True
3,1,0.9975000023841858,accepted,360,0.998157262802124,1.0,True
3,1,0.9975000023841858,accepted,361,0.9972039461135864,1.0,True
3,1,0.9975000023841858,accepted,362,0.9975101947784424,1.0,True
3,1,0.9975000023841858,accepted,363,0.9983211159706116,1.0,True
3,1,0.9975000023841858,accepted,364,0.9976909756660461,1.0,True
3,1,0.9975000023841858,accepted,365,0.9971202611923218,1.0,True
3,1,0.9975000023841858,accepted,366,0.998372495174408,1.0,True
3,1,0.9975000023841858,accepted,367,0.9980126023292542,1.0,True
3,1,0.9975000023841858,accepted,368,0.9976890683174133,1.0,True
3,1,0.9975000023841858,accepted,369,0.9981896877288818,1.0,True
3,1,0.9975000023841858,accepted,370,0.9981496930122375,1.0,True
3,1,0.9975000023841858,accepted,371,0.997905969619751,1.0,True
3,1,0.9975000023841858,accepted,372,0.9976909756660461,1.0,True
3,1,0.9975000023841858,accepted,373,0.9981077909469604,1.0,True
3,1,0.9975000023841858,accepted,374,0.9978355765342712,1.0,True
3,1,0.9975000023841858,accepted,375,0.9973351359367371,1.0,True
3,1,0.9975000023841858,accepted,376,0.9980316758155823,1.0,True
3,1,0.9975000023841858,accepted,377,0.9982886910438538,1.0,True
3,1,0.9975000023841858,accepted,378,0.9974531531333923,1.0,True
3,1,0.9975000023841858,accepted,379,0.9981439709663391,1.0,True
3,1,0.9975000023841858,accepted,380,0.9979516863822937,1.0,True
3,1,0.9975000023841858,accepted,381,0.9982753992080688,1.0,True
3,1,0.9975000023841858,accepted,382,0.9980887174606323,1.0,True
3,1,0.9975000023841858,accepted,383,0.9982144236564636,1.0,True
3,1,0.9975000023841858,accepted,384,0.9983876347541809,1.0,True
3,1,0.9975000023841858,accepted,385,0.9979307651519775,1.0,True
3,1,0.9975000023841858,accepted,386,0.9981801509857178,1.0,True
3,1,0.9975000023841858,accepted,387,0.9985114932060242,1.0,True
3,1,0.9975000023841858,accepted,388,0.9984620213508606,1.0,True
3,1,0.9975000023841858,accepted,389,0.9983267784118652,1.0,True
3,1,0.9975000023841858,accepted,390,0.9984943270683289,1.0,True
3,1,0.9975000023841858,accepted,391,0.9983915090560913,1.0,True
3,1,0.9975000023841858,accepted,392,0.9982048869132996,1.0,True
3,1,0.9975000023841858,accepted,393,0.9981058835983276,1.0,True
3,1,0.9975000023841858,accepted,394,0.9978165626525879,1.0,True
3,1,0.9975000023841858,accepted,395,0.9979231357574463,1.0,True
3,1,0.9975000023841858,accepted,396,0.9980906248092651,1.0,True
3,1,0.9975000023841858,accepted,397,0.9980887174606323,1.0,True
3,1,0.9975000023841858,accepted,398,0.9983305931091309,1.0,True
3,1,0.9975000023841858,accepted,399,0.9981516003608704,1.0,True
3,1,0.9975000023841858,accepted,400,0.9982010722160339,1.0,True
3,1,0.9975000023841858,accepted,401,0.9983819723129272,1.0,True
3,1,0.9975000023841858,accepted,402,0.9982886910438538,1.0,True
3,1,0.9975000023841858,accepted,403,0.997826099395752,1.0,True
3,1,0.9975000023841858,accepted,404,0.9979231357574463,1.0,True
3,1,0.9975000023841858,accepted,405,0.9976871609687805,1.0,True
3,1,0.9975000023841858,accepted,406,0.9981915950775146,1.0,True
3,1,0.9975000023841858,accepted,407,0.9983039498329163,1.0,True
3,1,0.9975000023841858,accepted,408,0.9979212284088135,1.0,True
3,1,0.9975000023841858,accepted,409,0.9977880120277405,1.0,True
3,1,0.9975000023841858,accepted,410,0.9987115263938904,1.0,True
3,1,0.9975000023841858,accepted,411,0.99826580286026,1.0,True
3,1,0.9975000023841858,accepted,412,0.9981763362884521,1.0,True
3,1,0.9975000023841858,accepted,413,0.997649073600769,1.0,True
3,1,0.9975000023841858,accepted,414,0.9983705878257751,1.0,True
3,1,0.9975000023841858,accepted,415,0.99870765209198,1.0,True
3,1,0.9975000023841858,accepted,416,0.9982848763465881,1.0,True
3,1,0.9975000023841858,accepted,417,0.9983458518981934,1.0,True
3,1,0.9975000023841858,accepted,418,0.9983439445495605,1.0,True
3,1,0.9975000023841858,accepted,419,0.9981819987297058,1.0,True
3,1,0.9975000023841858,accepted,420,0.9980697631835938,1.0,True
3,1,0.9975000023841858,accepted,421,0.997837483882904,1.0,True
3,1,0.9975000023841858,accepted,422,0.9983591437339783,1.0,True
3,1,0.9975000023841858,accepted,423,0.9983343482017517,1.0,True
3,1,0.9975000023841858,accepted,424,0.9978355765342712,1.0,True
3,1,0.9975000023841858,accepted,425,0.9983953237533569,1.0,True
3,1,0.9975000023841858,accepted,426,0.9980602264404297,1.0,True
3,1,0.9975000023841858,accepted,427,0.9986067414283752,1.0,True
3,1,0.9975000023841858,accepted,428,0.9978983998298645,1.0,True
3,1,0.9975000023841858,accepted,429,0.9983039498329163,1.0,True
3,1,0.9975000023841858,accepted,430,0.9986581206321716,1.0,True
3,1,0.9975000023841858,accepted,431,0.9985629320144653,1.0,True
3,1,0.9975000023841858,accepted,432,0.9980716705322266,1.0,True
3,1,0.9975000023841858,accepted,433,0.9977651834487915,1.0,True
3,1,0.9975000023841858,accepted,434,0.9981192350387573,1.0,True
3,1,0.9975000023841858,accepted,435,0.9977347254753113,1.0,True
3,1,0.9975000023841858,accepted,436,0.9979745149612427,1.0,True
3,1,0.9975000023841858,accepted,437,0.9980564117431641,1.0,True
3,1,0.9975000023841858,accepted,438,0.9981096982955933,1.0,True
3,1,0.9975000023841858,accepted,439,0.9987629055976868,1.0,True
3,1,0.9975000023841858,accepted,440,0.9980677962303162,1.0,True
3,1,0.9975000023841858,accepted,441,0.9982163310050964,1.0,True
3,1,0.9975000023841858,accepted,442,0.9984086155891418,1.0,True
3,1,0.9975000023841858,accepted,443,0.9984676837921143,1.0,True
3,1,0.9975000023841858,accepted,444,0.9988181591033936,1.0,True
3,1,0.9975000023841858,accepted,445,0.9980602264404297,1.0,True
3,1,0.9975000023841858,accepted,446,0.9979022145271301,1.0,True
3,1,0.9975000023841858,accepted,447,0.9984638690948486,1.0,True
3,1,0.9975000023841858,accepted,448,0.9983477592468262,1.0,True
3,1,0.9975000023841858,accepted,449,0.9989629983901978,1.0,True
3,1,0.9975000023841858,accepted,450,0.9979003071784973,1.0,True
3,1,0.9975000023841858,accepted,451,0.9974892735481262,1.0,True
3,1,0.9975000023841858,accepted,452,0.9985153079032898,1.0,True
3,1,0.9975000023841858,accepted,453,0.9973104000091553,1.0,True
3,1,0.9975000023841858,accepted,454,0.9980220794677734,1.0,True
3,1,0.9975000023841858,accepted,455,0.9988581538200378,1.0,True
3,1,0.9975000023841858,accepted,456,0.998286783695221,1.0,True
3,1,0.9975000023841858,accepted,457,0.9985228776931763,1.0,True
3,1,0.9975000023841858,accepted,458,0.9980411529541016,1.0,True
3,1,0.9975000023841858,accepted,459,0.9982448816299438,1.0,True
3,1,0.9975000023841858,accepted,460,0.9984734058380127,1.0,True
3,1,0.9975000023841858,accepted,461,0.9976243376731873,1.0,True
3,1,0.9975000023841858,accepted,462,0.9979174733161926,1.0,True
3,1,0.9975000023841858,accepted,463,0.9984295964241028,1.0,True
3,1,0.9975000023841858,accepted,464,0.9970651268959045,1.0,True
3,1,0.9975000023841858,accepted,465,0.9983667731285095,1.0,True
3,1,0.9975000023841858,accepted,466,0.9979231357574463,1.0,True
3,1,0.9975000023841858,accepted,467,0.9973637461662292,1.0,True
3,1,0.9975000023841858,accepted,468,0.9975121021270752,1.0,True
3,1,0.9975000023841858,accepted,469,0.9974778890609741,1.0,True
3,1,0.9975000023841858,accepted,470,0.998351514339447,1.0,True
3,1,0.9975000023841858,accepted,471,0.9973732233047485,1.0,True
3,1,0.9975000023841858,accepted,472,0.9986771941184998,1.0,True
3,1,0.9975000023841858,accepted,473,0.997905969619751,1.0,True
3,1,0.9975000023841858,accepted,474,0.9980811476707458,1.0,True
3,1,0.9975000023841858,accepted,475,0.9981458783149719,1.0,True
3,1,0.9975000023841858,accepted,476,0.9983781576156616,1.0,True
3,1,0.9975000023841858,accepted,477,0.9978983998298645,1.0,True
3,1,0.9975000023841858,accepted,478,0.9986658096313477,1.0,True
3,1,0.9975000023841858,accepted,479,0.9975654482841492,1.0,True
3,1,0.9975000023841858,accepted,480,0.9986638426780701,1.0,True
3,1,0.9975000023841858,accepted,481,0.9974607229232788,1.0,True
3,1,0.9975000023841858,accepted,482,0.9983705878257751,1.0,True
3,1,0.9975000023841858,accepted,483,0.9979441165924072,1.0,True
3,1,0.9975000023841858,accepted,484,0.9984086155891418,1.0,True
3,1,0.9975000023841858,accepted,485,0.9977689385414124,1.0,True
3,1,0.9975000023841858,accepted,486,0.9979403018951416,1.0,True
3,1,0.9975000023841858,accepted,487,0.9984391331672668,1.0,True
3,1,0.9975000023841858,accepted,488,0.9979650378227234,1.0,True
3,1,0.9975000023841858,accepted,489,0.9984429478645325,1.0,True
3,1,0.9975000023841858,accepted,490,0.9981306195259094,1.0,True
3,1,0.9975000023841858,accepted,491,0.9981477856636047,1.0,True
3,1,0.9975000023841858,accepted,492,0.9985514879226685,1.0,True
3,1,0.9975000023841858,accepted,493,0.9976624250411987,1.0,True
3,1,0.9975000023841858,accepted,494,0.9976053237915039,1.0,True
3,1,0.9975000023841858,accepted,495,0.9984601140022278,1.0,True
3,1,0.9975000023841858,accepted,496,0.9983572363853455,1.0,True
3,1,0.9975000023841858,accepted,497,0.9988048672676086,1.0,True
3,1,0.9975000023841858,accepted,498,0.9983477592468262,1.0,True
3,1,0.9975000023841858,accepted,499,0.9981668591499329,1.0,True
3,1,0.9975000023841858,accepted,500,0.998717188835144,1.0,True
4,1,1.0,accepted,1,0.9999943375587463,1.0,True
4,1,1.0,accepted,2,0.9998665452003479,1.0,True
4,1,1.0,accepted,3,0.9986333847045898,1.0,True
4,1,1.0,accepted,4,0.9993079304695129,1.0,True
4,1,1.0,accepted,5,0.9990487098693848,1.0,True
4,1,1.0,accepted,6,0.9993536472320557,1.0,True
4,1,1.0,accepted,7,0.9995614290237427,1.0,True
4,1,1.0,accepted,8,0.9982792139053345,1.0,True
4,1,1.0,accepted,9,0.998856246471405,1.0,True
4,1,1.0,accepted,10,0.9987610578536987,1.0,True
4,1,1.0,accepted,11,0.9986791014671326,1.0,True
4,1,1.0,accepted,12,0.9987210035324097,1.0,True
4,1,1.0,accepted,13,0.9991077780723572,1.0,True
4,1,1.0,accepted,14,0.9982677102088928,1.0,True
4,1,1.0,accepted,15,0.9990316033363342,1.0,True
4,1,1.0,accepted,16,0.9982373118400574,1.0,True
4,1,1.0,accepted,17,0.9990181922912598,1.0,True
4,1,1.0,accepted,18,0.9982029795646667,1.0,True
4,1,1.0,accepted,19,0.9988867044448853,1.0,True
4,1,1.0,accepted,20,0.9986505508422852,1.0,True
4,1,1.0,accepted,21,0.9988143444061279,1.0,True
4,1,1.0,accepted,22,0.9992926716804504,1.0,True
4,1,1.0,accepted,23,0.9985572099685669,1.0,True
4,1,1.0,accepted,24,0.9991782903671265,1.0,True
4,1,1.0,accepted,25,0.9991744756698608,1.0,True
4,1,1.0,accepted,26,0.9983496069908142,1.0,True
4,1,1.0,accepted,27,0.9994356036186218,1.0,True
4,1,1.0,accepted,28,0.9989572167396545,1.0,True
4,1,1.0,accepted,29,0.9988315105438232,1.0,True
4,1,1.0,accepted,30,0.999401330947876,1.0,True
4,1,1.0,accepted,31,0.9992678761482239,1.0,True
4,1,1.0,accepted,32,0.9992278218269348,1.0,True
4,1,1.0,accepted,33,0.9994813203811646,1.0,True
4,1,1.0,accepted,34,0.9992773532867432,1.0,True
4,1,1.0,accepted,35,0.9995061159133911,1.0,True
4,1,1.0,accepted,36,0.9991782903671265,1.0,True
4,1,1.0,accepted,37,0.9989038705825806,1.0,True
4,1,1.0,accepted,38,0.999588131904602,1.0,True
4,1,1.0,accepted,39,0.9995023012161255,1.0,True
4,1,1.0,accepted,40,0.9994375109672546,1.0,True
4,1,1.0,accepted,41,0.9995499849319458,1.0,True
4,1,1.0,accepted,42,0.9995728731155396,1.0,True
4,1,1.0,accepted,43,0.9996872544288635,1.0,True
4,1,1.0,accepted,44,0.9996872544288635,1.0,True
4,1,1.0,accepted,45,0.9996815323829651,1.0,True
4,1,1.0,accepted,46,0.9996853470802307,1.0,True
4,1,1.0,accepted,47,0.9994584918022156,1.0,True
4,1,1.0,accepted,48,0.9997730851173401,1.0,True
4,1,1.0,accepted,49,0.9996320009231567,1.0,True
4,1,1.0,accepted,50,0.9997254014015198,1.0,True
4,1,1.0,accepted,51,0.9994775652885437,1.0,True
4,1,1.0,accepted,52,0.9998245239257812,1.0,True
4,1,1.0,accepted,53,0.9996891617774963,1.0,True
4,1,1.0,accepted,54,0.9997006058692932,1.0,True
4,1,1.0,accepted,55,0.9995766282081604,1.0,True
4,1,1.0,accepted,56,0.9994641542434692,1.0,True
4,1,1.0,accepted,57,0.9997711777687073,1.0,True
4,1,1.0,accepted,58,0.9997788071632385,1.0,True
4,1,1.0,accepted,59,0.9997749924659729,1.0,True
4,1,1.0,accepted,60,0.9995938539505005,1.0,True
4,1,1.0,accepted,61,0.9996129274368286,1.0,True
4,1,1.0,accepted,62,0.9996853470802307,1.0,True
4,1,1.0,accepted,63,0.9997825622558594,1.0,True
4,1,1.0,accepted,64,0.9997883439064026,1.0,True
4,1,1.0,accepted,65,0.9998264312744141,1.0,True
4,1,1.0,accepted,66,0.9996567368507385,1.0,True
4,1,1.0,accepted,67,0.9997692704200745,1.0,True
4,1,1.0,accepted,68,0.9996796250343323,1.0,True
4,1,1.0,accepted,69,0.9997444748878479,1.0,True
4,1,1.0,accepted,70,0.999754011631012,1.0,True
4,1,1.0,accepted,71,0.999733030796051,1.0,True
4,1,1.0,accepted,72,0.9998531341552734,1.0,True
4,1,1.0,accepted,73,0.9997406005859375,1.0,True
4,1,1.0,accepted,74,0.9997063279151917,1.0,True
4,1,1.0,accepted,75,0.9995633363723755,1.0,True
4,1,1.0,accepted,76,0.999641478061676,1.0,True
4,1,1.0,accepted,77,0.9998550415039062,1.0,True
4,1,1.0,accepted,78,0.9998131394386292,1.0,True
4,1,1.0,accepted,79,0.9997788071632385,1.0,True
4,1,1.0,accepted,80,0.9996815323829651,1.0,True
4,1,1.0,accepted,81,0.9995690584182739,1.0,True
4,1,1.0,accepted,82,0.9998169541358948,1.0,True
4,1,1.0,accepted,83,0.9997482895851135,1.0,True
4,1,1.0,accepted,84,0.9997654557228088,1.0,True
4,1,1.0,accepted,85,0.9996662735939026,1.0,True
4,1,1.0,accepted,86,0.9996357560157776,1.0,True
4,1,1.0,accepted,87,0.999794065952301,1.0,True
4,1,1.0,accepted,88,0.9998741149902344,1.0,True
4,1,1.0,accepted,89,0.999885618686676,1.0,True
4,1,1.0,accepted,90,0.9996662735939026,1.0,True
4,1,1.0,accepted,91,0.9998112320899963,1.0,True
4,1,1.0,accepted,92,0.9996815323829651,1.0,True
4,1,1.0,accepted,93,0.9998608231544495,1.0,True
4,1,1.0,accepted,94,0.9998169541358948,1.0,True
4,1,1.0,accepted,95,0.9998169541358948,1.0,True
4,1,1.0,accepted,96,0.9998264312744141,1.0,True
4,1,1.0,accepted,97,0.9998722076416016,1.0,True
4,1,1.0,accepted,98,0.9996567368507385,1.0,True
4,1,1.0,accepted,99,0.999847412109375,1.0,True
4,1,1.0,accepted,100,0.9996758699417114,1.0,True
4,1,1.0,accepted,101,0.9998683929443359,1.0,True
4,1,1.0,accepted,102,0.9998131394386292,1.0,True
4,1,1.0,accepted,103,0.9997959733009338,1.0,True
4,1,1.0,accepted,104,0.9996452927589417,1.0,True
4,1,1.0,accepted,105,0.9994242191314697,1.0,True
4,1,1.0,accepted,106,0.9998493194580078,1.0,True
4,1,1.0,accepted,107,0.9997768998146057,1.0,True
4,1,1.0,accepted,108,0.9998665452003479,1.0,True
4,1,1.0,accepted,109,0.9995976090431213,1.0,True
4,1,1.0,accepted,110,0.9995290040969849,1.0,True
4,1,1.0,accepted,111,0.9997921586036682,1.0,True
4,1,1.0,accepted,112,0.9998112320899963,1.0,True
4,1,1.0,accepted,113,0.9997634887695312,1.0,True
4,1,1.0,accepted,114,0.9997825622558594,1.0,True
4,1,1.0,accepted,115,0.999733030796051,1.0,True
4,1,1.0,accepted,116,0.999723494052887,1.0,True
4,1,1.0,accepted,117,0.9998131394386292,1.0,True
4,1,1.0,accepted,118,0.9996129274368286,1.0,True
4,1,1.0,accepted,119,0.9998837113380432,1.0,True
4,1,1.0,accepted,120,0.9997215867042542,1.0,True
4,1,1.0,accepted,121,0.9993994235992432,1.0,True
4,1,1.0,accepted,122,0.9994966387748718,1.0,True
4,1,1.0,accepted,123,0.9997501969337463,1.0,True
4,1,1.0,accepted,124,0.9996872544288635,1.0,True
4,1,1.0,accepted,125,0.9997120499610901,1.0,True
4,1,1.0,accepted,126,0.9996491074562073,1.0,True
4,1,1.0,accepted,127,0.9999198913574219,1.0,True
4,1,1.0,accepted,128,0.9997082352638245,1.0,True
4,1,1.0,accepted,129,0.9997082352638245,1.0,True
4,1,1.0,accepted,130,0.9997292160987854,1.0,True
4,1,1.0,accepted,131,0.9995537400245667,1.0,True
4,1,1.0,accepted,132,0.9998398423194885,1.0,True
4,1,1.0,accepted,133,0.9994775652885437,1.0,True
4,1,1.0,accepted,134,0.9994393587112427,1.0,True
4,1,1.0,accepted,135,0.9997406005859375,1.0,True
4,1,1.0,accepted,136,0.9996815323829651,1.0,True
4,1,1.0,accepted,137,0.9998131394386292,1.0,True
4,1,1.0,accepted,138,0.9995824098587036,1.0,True
4,1,1.0,accepted,139,0.9998912811279297,1.0,True
4,1,1.0,accepted,140,0.9996758699417114,1.0,True
4,1,1.0,accepted,141,0.9994889497756958,1.0,True
4,1,1.0,accepted,142,0.9997425675392151,1.0,True
4,1,1.0,accepted,143,0.9998512268066406,1.0,True
4,1,1.0,accepted,144,0.9996987581253052,1.0,True
4,1,1.0,accepted,145,0.999815046787262,1.0,True
4,1,1.0,accepted,146,0.9997406005859375,1.0,True
4,1,1.0,accepted,147,0.999692976474762,1.0,True
4,1,1.0,accepted,148,0.9998016357421875,1.0,True
4,1,1.0,accepted,149,0.9998264312744141,1.0,True
4,1,1.0,accepted,150,0.9996376633644104,1.0,True
4,1,1.0,accepted,151,0.9997501969337463,1.0,True
4,1,1.0,accepted,152,0.9998570084571838,1.0,True
4,1,1.0,accepted,153,0.9996491074562073,1.0,True
4,1,1.0,accepted,154,0.9998455047607422,1.0,True
4,1,1.0,accepted,155,0.9998893737792969,1.0,True
4,1,1.0,accepted,156,0.9998550415039062,1.0,True
4,1,1.0,accepted,157,0.9997425675392151,1.0,True
4,1,1.0,accepted,158,0.9994813203811646,1.0,True
4,1,1.0,accepted,159,0.999671995639801,1.0,True
4,1,1.0,accepted,160,0.9999008178710938,1.0,True
4,1,1.0,accepted,161,0.9997615814208984,1.0,True
4,1,1.0,accepted,162,0.9997559189796448,1.0,True
4,1,1.0,accepted,163,0.9993460178375244,1.0,True
4,1,1.0,accepted,164,0.9997978806495667,1.0,True
4,1,1.0,accepted,165,0.9992164373397827,1.0,True
4,1,1.0,accepted,166,0.9996815323829651,1.0,True
4,1,1.0,accepted,167,0.9996834397315979,1.0,True
4,1,1.0,accepted,168,0.999466061592102,1.0,True
4,1,1.0,accepted,169,0.9994242191314697,1.0,True
4,1,1.0,accepted,170,0.9992049336433411,1.0,True
4,1,1.0,accepted,171,0.9997367858886719,1.0,True
4,1,1.0,accepted,172,0.999487042427063,1.0,True
4,1,1.0,accepted,173,0.9995671510696411,1.0,True
4,1,1.0,accepted,174,0.999671995639801,1.0,True
4,1,1.0,accepted,175,0.999733030796051,1.0,True
4,1,1.0,accepted,176,0.9995366930961609,1.0,True
4,1,1.0,accepted,177,0.9996910691261292,1.0,True
4,1,1.0,accepted,178,0.9997559189796448,1.0,True
4,1,1.0,accepted,179,0.9998779296875,1.0,True
4,1,1.0,accepted,180,0.9995995163917542,1.0,True
4,1,1.0,accepted,181,0.9998683929443359,1.0,True
4,1,1.0,accepted,182,0.9995919466018677,1.0,True
4,1,1.0,accepted,183,0.9998875260353088,1.0,True
4,1,1.0,accepted,184,0.9991858601570129,1.0,True
4,1,1.0,accepted,185,0.9995042085647583,1.0,True
4,1,1.0,accepted,186,0.9997577667236328,1.0,True
4,1,1.0,accepted,187,0.9995232820510864,1.0,True
4,1,1.0,accepted,188,0.9997825622558594,1.0,True
4,1,1.0,accepted,189,0.9994165301322937,1.0,True
4,1,1.0,accepted,190,0.9997768998146057,1.0,True
4,1,1.0,accepted,191,0.9990601539611816,1.0,True
4,1,1.0,accepted,192,0.9995652437210083,1.0,True
4,1,1.0,accepted,193,0.9991992712020874,1.0,True
4,1,1.0,accepted,194,0.9997501969337463,1.0,True
4,1,1.0,accepted,195,0.999340295791626,1.0,True
4,1,1.0,accepted,196,0.9996758699417114,1.0,True
4,1,1.0,accepted,197,0.9992011785507202,1.0,True
4,1,1.0,accepted,198,0.9995346665382385,1.0,True
4,1,1.0,accepted,199,0.9990410804748535,1.0,True
4,1,1.0,accepted,200,0.9997386932373047,1.0,True
4,1,1.0,accepted,201,0.9992659687995911,1.0,True
4,1,1.0,accepted,202,0.9992964267730713,1.0,True
4,1,1.0,accepted,203,0.9994032382965088,1.0,True
4,1,1.0,accepted,204,0.9994584918022156,1.0,True
4,1,1.0,accepted,205,0.999401330947876,1.0,True
4,1,1.0,accepted,206,0.9993516802787781,1.0,True
4,1,1.0,accepted,207,0.9997788071632385,1.0,True
4,1,1.0,accepted,208,0.9993955492973328,1.0,True
4,1,1.0,accepted,209,0.999641478061676,1.0,True
4,1,1.0,accepted,210,0.9995346665382385,1.0,True
4,1,1.0,accepted,211,0.999754011631012,1.0,True
4,1,1.0,accepted,212,0.9994641542434692,1.0,True
4,1,1.0,accepted,213,0.9993669390678406,1.0,True
4,1,1.0,accepted,214,0.9995213747024536,1.0,True
4,1,1.0,accepted,215,0.9997139573097229,1.0,True
4,1,1.0,accepted,216,0.9997063279151917,1.0,True
4,1,1.0,accepted,217,0.9996815323829651,1.0,True
4,1,1.0,accepted,218,0.9996968507766724,1.0,True
4,1,1.0,accepted,219,0.9995461702346802,1.0,True
4,1,1.0,accepted,220,0.9994584918022156,1.0,True
4,1,1.0,accepted,221,0.9998226165771484,1.0,True
4,1,1.0,accepted,222,0.9998589158058167,1.0,True
4,1,1.0,accepted,223,0.9995061159133911,1.0,True
4,1,1.0,accepted,224,0.999662458896637,1.0,True
4,1,1.0,accepted,225,0.9996243119239807,1.0,True
4,1,1.0,accepted,226,0.9998417496681213,1.0,True
4,1,1.0,accepted,227,0.999601423740387,1.0,True
4,1,1.0,accepted,228,0.9993784427642822,1.0,True
4,1,1.0,accepted,229,0.9997997879981995,1.0,True
4,1,1.0,accepted,230,0.999662458896637,1.0,True
4,1,1.0,accepted,231,0.999662458896637,1.0,True
4,1,1.0,accepted,232,0.9998493194580078,1.0,True
4,1,1.0,accepted,233,0.999702513217926,1.0,True
4,1,1.0,accepted,234,0.9997711777687073,1.0,True
4,1,1.0,accepted,235,0.9995938539505005,1.0,True
4,1,1.0,accepted,236,0.9997367858886719,1.0,True
4,1,1.0,accepted,237,0.9998646378517151,1.0,True
4,1,1.0,accepted,238,0.9996796250343323,1.0,True
4,1,1.0,accepted,239,0.9996853470802307,1.0,True
4,1,1.0,accepted,240,0.9998627305030823,1.0,True
4,1,1.0,accepted,241,0.9998970031738281,1.0,True
4,1,1.0,accepted,242,0.9998646378517151,1.0,True
4,1,1.0,accepted,243,0.9998188614845276,1.0,True
4,1,1.0,accepted,244,0.9998455047607422,1.0,True
4,1,1.0,accepted,245,0.999906599521637,1.0,True
4,1,1.0,accepted,246,0.9998360276222229,1.0,True
4,1,1.0,accepted,247,0.9996662735939026,1.0,True
4,1,1.0,accepted,248,0.9998360276222229,1.0,True
4,1,1.0,accepted,249,0.9999160766601562,1.0,True
4,1,1.0,accepted,250,0.9998893737792969,1.0,True
4,1,1.0,accepted,251,0.9999313950538635,1.0,True
4,1,1.0,accepted,252,0.9999104142189026,1.0,True
4,1,1.0,accepted,253,0.9996796250343323,1.0,True
4,1,1.0,accepted,254,0.9998360276222229,1.0,True
4,1,1.0,accepted,255,0.9996320009231567,1.0,True
4,1,1.0,accepted,256,0.9998302459716797,1.0,True
4,1,1.0,accepted,257,0.9998875260353088,1.0,True
4,1,1.0,accepted,258,0.9998550415039062,1.0,True
4,1,1.0,accepted,259,0.9996758699417114,1.0,True
4,1,1.0,accepted,260,0.9999351501464844,1.0,True
4,1,1.0,accepted,261,0.9999141693115234,1.0,True
4,1,1.0,accepted,262,0.9998970031738281,1.0,True
4,1,1.0,accepted,263,0.9995843172073364,1.0,True
4,1,1.0,accepted,264,0.9998169541358948,1.0,True
4,1,1.0,accepted,265,0.9999333024024963,1.0,True
4,1,1.0,accepted,266,0.9998207688331604,1.0,True
4,1,1.0,accepted,267,0.9999008178710938,1.0,True
4,1,1.0,accepted,268,0.9998436570167542,1.0,True
4,1,1.0,accepted,269,0.9994489550590515,1.0,True
4,1,1.0,accepted,270,0.9998550415039062,1.0,True
4,1,1.0,accepted,271,0.9991172552108765,1.0,True
4,1,1.0,accepted,272,0.9999122619628906,1.0,True
4,1,1.0,accepted,273,0.9981477856636047,1.0,True
4,1,1.0,accepted,274,0.9992449879646301,1.0,True
4,1,1.0,accepted,275,0.9995785355567932,1.0,True
4,1,1.0,accepted,276,0.9998360276222229,1.0,True
4,1,1.0,accepted,277,0.999286949634552,1.0,True
4,1,1.0,accepted,278,0.999372661113739,1.0,True
4,1,1.0,accepted,279,0.9998379349708557,1.0,True
4,1,1.0,accepted,280,0.9988848567008972,1.0,True
4,1,1.0,accepted,281,0.9995766282081604,1.0,True
4,1,1.0,accepted,282,0.9998302459716797,1.0,True
4,1,1.0,accepted,283,0.9996586441993713,1.0,True
4,1,1.0,accepted,284,0.9993269443511963,1.0,True
4,1,1.0,accepted,285,0.9985666871070862,1.0,True
4,1,1.0,accepted,286,0.9996262192726135,1.0,True
4,1,1.0,accepted,287,0.9990830421447754,1.0,True
4,1,1.0,accepted,288,0.9991840124130249,1.0,True
4,1,1.0,accepted,289,0.999580442905426,1.0,True
4,1,1.0,accepted,290,0.9987229108810425,1.0,True
4,1,1.0,accepted,291,0.9994718432426453,1.0,True
4,1,1.0,accepted,292,0.9990677237510681,1.0,True
4,1,1.0,accepted,293,0.9992964267730713,1.0,True
4,1,1.0,accepted,294,0.9995461702346802,1.0,True
4,1,1.0,accepted,295,0.9986562132835388,1.0,True
4,1,1.0,accepted,296,0.999641478061676,1.0,True
4,1,1.0,accepted,297,0.9989020228385925,1.0,True
4,1,1.0,accepted,298,0.9994851350784302,1.0,True
4,1,1.0,accepted,299,0.9992316365242004,1.0,True
4,1,1.0,accepted,300,0.9982734322547913,1.0,True
4,1,1.0,accepted,301,0.9983991384506226,1.0,True
4,1,1.0,accepted,302,0.9988810420036316,1.0,True
4,1,1.0,accepted,303,0.9985838532447815,1.0,True
4,1,1.0,accepted,304,0.9993155002593994,1.0,True
4,1,1.0,accepted,305,0.9985724091529846,1.0,True
4,1,1.0,accepted,306,0.9996300935745239,1.0,True
4,1,1.0,accepted,307,0.9985572099685669,1.0,True
4,1,1.0,accepted,308,0.9988676905632019,1.0,True
4,1,1.0,accepted,309,0.9995442628860474,1.0,True
4,1,1.0,accepted,310,0.9975311160087585,1.0,True
4,1,1.0,accepted,311,0.9992240071296692,1.0,True
4,1,1.0,accepted,312,0.9977994561195374,1.0,True
4,1,1.0,accepted,313,0.9994622468948364,1.0,True
4,1,1.0,accepted,314,0.997514009475708,1.0,True
4,1,1.0,accepted,315,0.9990277290344238,1.0,True
4,1,1.0,accepted,316,0.9988982081413269,1.0,True
4,1,1.0,accepted,317,0.9994393587112427,1.0,True
4,1,1.0,accepted,318,0.9986085891723633,1.0,True
4,1,1.0,accepted,319,0.9994813203811646,1.0,True
4,1,1.0,accepted,320,0.9993974566459656,1.0,True
4,1,1.0,accepted,321,0.9983343482017517,1.0,True
4,1,1.0,accepted,322,0.9988619685173035,1.0,True
4,1,1.0,accepted,323,0.9995138049125671,1.0,True
4,1,1.0,accepted,324,0.9993784427642822,1.0,True
4,1,1.0,accepted,325,0.9993669390678406,1.0,True
4,1,1.0,accepted,326,0.9987267255783081,1.0,True
4,1,1.0,accepted,327,0.9992811679840088,1.0,True
4,1,1.0,accepted,328,0.9989668130874634,1.0,True
4,1,1.0,accepted,329,0.9995290040969849,1.0,True
4,1,1.0,accepted,330,0.9989439249038696,1.0,True
4,1,1.0,accepted,331,0.9982829689979553,1.0,True
4,1,1.0,accepted,332,0.9993174076080322,1.0,True
4,1,1.0,accepted,333,0.999203085899353,1.0,True
4,1,1.0,accepted,334,0.9994032382965088,1.0,True
4,1,1.0,accepted,335,0.9996033310890198,1.0,True
4,1,1.0,accepted,336,0.998793363571167,1.0,True
4,1,1.0,accepted,337,0.9995042085647583,1.0,True
4,1,1.0,accepted,338,0.9997673630714417,1.0,True
4,1,1.0,accepted,339,0.999588131904602,1.0,True
4,1,1.0,accepted,340,0.9992945194244385,1.0,True
4,1,1.0,accepted,341,0.9993898272514343,1.0,True
4,1,1.0,accepted,342,0.9997806549072266,1.0,True
4,1,1.0,accepted,343,0.9997044205665588,1.0,True
4,1,1.0,accepted,344,0.999548077583313,1.0,True
4,1,1.0,accepted,345,0.9997063279151917,1.0,True
4,1,1.0,accepted,346,0.9997673630714417,1.0,True
4,1,1.0,accepted,347,0.9997292160987854,1.0,True
4,1,1.0,accepted,348,0.9998837113380432,1.0,True
4,1,1.0,accepted,349,0.9997177124023438,1.0,True
4,1,1.0,accepted,350,0.9998207688331604,1.0,True
4,1,1.0,accepted,351,0.9997749924659729,1.0,True
4,1,1.0,accepted,352,0.9993155002593994,1.0,True
4,1,1.0,accepted,353,0.9994966387748718,1.0,True
4,1,1.0,accepted,354,0.9997634887695312,1.0,True
4,1,1.0,accepted,355,0.9998875260353088,1.0,True
4,1,1.0,accepted,356,0.9996204972267151,1.0,True
4,1,1.0,accepted,357,0.9998818039894104,1.0,True
4,1,1.0,accepted,358,0.9996185898780823,1.0,True
4,1,1.0,accepted,359,0.9998264312744141,1.0,True
4,1,1.0,accepted,360,0.9998493194580078,1.0,True
4,1,1.0,accepted,361,0.9996452927589417,1.0,True
4,1,1.0,accepted,362,0.9996739625930786,1.0,True
4,1,1.0,accepted,363,0.9994184374809265,1.0,True
4,1,1.0,accepted,364,0.9996700882911682,1.0,True
4,1,1.0,accepted,365,0.9995900392532349,1.0,True
4,1,1.0,accepted,366,0.9998665452003479,1.0,True
4,1,1.0,accepted,367,0.9998283386230469,1.0,True
4,1,1.0,accepted,368,0.9998035430908203,1.0,True
4,1,1.0,accepted,369,0.9997006058692932,1.0,True
4,1,1.0,accepted,370,0.9994641542434692,1.0,True
4,1,1.0,accepted,371,0.9996834397315979,1.0,True
4,1,1.0,accepted,372,0.9998417496681213,1.0,True
4,1,1.0,accepted,373,0.9998073577880859,1.0,True
4,1,1.0,accepted,374,0.9996548891067505,1.0,True
4,1,1.0,accepted,375,0.9998931884765625,1.0,True
4,1,1.0,accepted,376,0.9998912811279297,1.0,True
4,1,1.0,accepted,377,0.9998683929443359,1.0,True
4,1,1.0,accepted,378,0.9997692704200745,1.0,True
4,1,1.0,accepted,379,0.9997196793556213,1.0,True
4,1,1.0,accepted,380,0.9998950958251953,1.0,True
4,1,1.0,accepted,381,0.9998760223388672,1.0,True
4,1,1.0,accepted,382,0.9998169541358948,1.0,True
4,1,1.0,accepted,383,0.9998989105224609,1.0,True
4,1,1.0,accepted,384,0.9998169541358948,1.0,True
4,1,1.0,accepted,385,0.9998837113380432,1.0,True
4,1,1.0,accepted,386,0.9998646378517151,1.0,True
4,1,1.0,accepted,387,0.9999141693115234,1.0,True
4,1,1.0,accepted,388,0.9998245239257812,1.0,True
4,1,1.0,accepted,389,0.9999027848243713,1.0,True
4,1,1.0,accepted,390,0.9998570084571838,1.0,True
4,1,1.0,accepted,391,0.9999351501464844,1.0,True
4,1,1.0,accepted,392,0.9998054504394531,1.0,True
4,1,1.0,accepted,393,0.9999523758888245,1.0,True
4,1,1.0,accepted,394,0.9997921586036682,1.0,True
4,1,1.0,accepted,395,0.9999523758888245,1.0,True
4,1,1.0,accepted,396,0.9997615814208984,1.0,True
4,1,1.0,accepted,397,0.9998970031738281,1.0,True
4,1,1.0,accepted,398,0.9995709657669067,1.0,True
4,1,1.0,accepted,399,0.9998321533203125,1.0,True
4,1,1.0,accepted,400,0.9995023012161255,1.0,True
4,1,1.0,accepted,401,0.9998589158058167,1.0,True
4,1,1.0,accepted,402,0.9992773532867432,1.0,True
4,1,1.0,accepted,403,0.999588131904602,1.0,True
4,1,1.0,accepted,404,0.9996262192726135,1.0,True
4,1,1.0,accepted,405,0.9997673630714417,1.0,True
4,1,1.0,accepted,406,0.9997559189796448,1.0,True
4,1,1.0,accepted,407,0.9996872544288635,1.0,True
4,1,1.0,accepted,408,0.9998016357421875,1.0,True
4,1,1.0,accepted,409,0.9993955492973328,1.0,True
4,1,1.0,accepted,410,0.9995290040969849,1.0,True
4,1,1.0,accepted,411,0.9998760223388672,1.0,True
4,1,1.0,accepted,412,0.9996586441993713,1.0,True
4,1,1.0,accepted,413,0.999815046787262,1.0,True
4,1,1.0,accepted,414,0.9996072053909302,1.0,True
4,1,1.0,accepted,415,0.9997654557228088,1.0,True
4,1,1.0,accepted,416,0.9996433854103088,1.0,True
4,1,1.0,accepted,417,0.9998073577880859,1.0,True
4,1,1.0,accepted,418,0.9996968507766724,1.0,True
4,1,1.0,accepted,419,0.9996567368507385,1.0,True
4,1,1.0,accepted,420,0.9998550415039062,1.0,True
4,1,1.0,accepted,421,0.9998131394386292,1.0,True
4,1,1.0,accepted,422,0.9999141693115234,1.0,True
4,1,1.0,accepted,423,0.999692976474762,1.0,True
4,1,1.0,accepted,424,0.999794065952301,1.0,True
4,1,1.0,accepted,425,0.9997921586036682,1.0,True
4,1,1.0,accepted,426,0.9999198913574219,1.0,True
4,1,1.0,accepted,427,0.9996987581253052,1.0,True
4,1,1.0,accepted,428,0.9998627305030823,1.0,True
4,1,1.0,accepted,429,0.9995099306106567,1.0,True
4,1,1.0,accepted,430,0.9996910691261292,1.0,True
4,1,1.0,accepted,431,0.9998493194580078,1.0,True
4,1,1.0,accepted,432,0.9997425675392151,1.0,True
4,1,1.0,accepted,433,0.9997615814208984,1.0,True
4,1,1.0,accepted,434,0.9998875260353088,1.0,True
4,1,1.0,accepted,435,0.9995709657669067,1.0,True
4,1,1.0,accepted,436,0.9997806549072266,1.0,True
4,1,1.0,accepted,437,0.9997311234474182,1.0,True
4,1,1.0,accepted,438,0.999815046787262,1.0,True
4,1,1.0,accepted,439,0.9991744756698608,1.0,True
4,1,1.0,accepted,440,0.9998321533203125,1.0,True
4,1,1.0,accepted,441,0.9993955492973328,1.0,True
4,1,1.0,accepted,442,0.9997273087501526,1.0,True
4,1,1.0,accepted,443,0.9992716908454895,1.0,True
4,1,1.0,accepted,444,0.9995290040969849,1.0,True
4,1,1.0,accepted,445,0.9996148347854614,1.0,True
4,1,1.0,accepted,446,0.9995499849319458,1.0,True
4,1,1.0,accepted,447,0.9994584918022156,1.0,True
4,1,1.0,accepted,448,0.999588131904602,1.0,True
4,1,1.0,accepted,449,0.9998741149902344,1.0,True
4,1,1.0,accepted,450,0.9995633363723755,1.0,True
4,1,1.0,accepted,451,0.9998646378517151,1.0,True
4,1,1.0,accepted,452,0.9995900392532349,1.0,True
4,1,1.0,accepted,453,0.9998073577880859,1.0,True
4,1,1.0,accepted,454,0.9996281862258911,1.0,True
4,1,1.0,accepted,455,0.9997825622558594,1.0,True
4,1,1.0,accepted,456,0.9994108080863953,1.0,True
4,1,1.0,accepted,457,0.9997215867042542,1.0,True
4,1,1.0,accepted,458,0.9996281862258911,1.0,True
4,1,1.0,accepted,459,0.9997139573097229,1.0,True
4,1,1.0,accepted,460,0.9997120499610901,1.0,True
4,1,1.0,accepted,461,0.9997806549072266,1.0,True
4,1,1.0,accepted,462,0.9995919466018677,1.0,True
4,1,1.0,accepted,463,0.9997120499610901,1.0,True
4,1,1.0,accepted,464,0.9997596740722656,1.0,True
4,1,1.0,accepted,465,0.9998073577880859,1.0,True
4,1,1.0,accepted,466,0.999847412109375,1.0,True
4,1,1.0,accepted,467,0.9997768998146057,1.0,True
4,1,1.0,accepted,468,0.9998665452003479,1.0,True
4,1,1.0,accepted,469,0.9998683929443359,1.0,True
4,1,1.0,accepted,470,0.9997559189796448,1.0,True
4,1,1.0,accepted,471,0.9997654557228088,1.0,True
4,1,1.0,accepted,472,0.9997730851173401,1.0,True
4,1,1.0,accepted,473,0.9998931884765625,1.0,True
4,1,1.0,accepted,474,0.9998188614845276,1.0,True
4,1,1.0,accepted,475,0.9999008178710938,1.0,True
4,1,1.0,accepted,476,0.9998531341552734,1.0,True
4,1,1.0,accepted,477,0.9999485611915588,1.0,True
4,1,1.0,accepted,478,0.999702513217926,1.0,True
4,1,1.0,accepted,479,0.9998341202735901,1.0,True
4,1,1.0,accepted,480,0.9995785355567932,1.0,True
4,1,1.0,accepted,481,0.9998646378517151,1.0,True
4,1,1.0,accepted,482,0.9996072053909302,1.0,True
4,1,1.0,accepted,483,0.9998417496681213,1.0,True
4,1,1.0,accepted,484,0.9994298815727234,1.0,True
4,1,1.0,accepted,485,0.999702513217926,1.0,True
4,1,1.0,accepted,486,0.9996072053909302,1.0,True
4,1,1.0,accepted,487,0.9997692704200745,1.0,True
4,1,1.0,accepted,488,0.9994317889213562,1.0,True
4,1,1.0,accepted,489,0.9996643662452698,1.0,True
4,1,1.0,accepted,490,0.9995747208595276,1.0,True
4,1,1.0,accepted,491,0.999702513217926,1.0,True
4,1,1.0,accepted,492,0.9996510744094849,1.0,True
4,1,1.0,accepted,493,0.9997406005859375,1.0,True
4,1,1.0,accepted,494,0.9995862245559692,1.0,True
4,1,1.0,accepted,495,0.9997406005859375,1.0,True
4,1,1.0,accepted,496,0.9996968507766724,1.0,True
4,1,1.0,accepted,497,0.9997654557228088,1.0,True
4,1,1.0,accepted,498,0.9998112320899963,1.0,True
4,1,1.0,accepted,499,0.999815046787262,1.0,True
4,1,1.0,accepted,500,0.9998379349708557,1.0,True
