level,attempt,t,attempt_status,step,batch_ess,kept_fraction,update_applied
1,1,0.10000000149011612,accepted,1,0.13981570303440094,1.0,True
1,1,0.10000000149011612,accepted,2,0.15502363443374634,1.0,True
1,1,0.10000000149011612,accepted,3,0.10559460520744324,1.0,True
1,1,0.10000000149011612,accepted,4,0.15048062801361084,1.0,True
1,1,0.10000000149011612,accepted,5,0.10033180564641953,1.0,True
1,1,0.10000000149011612,accepted,6,0.15892891585826874,1.0,True
1,1,0.10000000149011612,accepted,7,0.10768282413482666,1.0,True
1,1,0.10000000149011612,accepted,8,0.1117897555232048,1.0,True
1,1,0.10000000149011612,accepted,9,0.1337141990661621,1.0,True
1,1,0.10000000149011612,accepted,10,0.1718215048313141,1.0,True
1,1,0.10000000149011612,accepted,11,0.1398930698633194,1.0,True
1,1,0.10000000149011612,accepted,12,0.1553747057914734,1.0,True
1,1,0.10000000149011612,accepted,13,0.16589787602424622,1.0,True
1,1,0.10000000149011612,accepted,14,0.1104641780257225,1.0,True
1,1,0.10000000149011612,accepted,15,0.20157591998577118,1.0,True
1,1,0.10000000149011612,accepted,16,0.21042214334011078,1.0,True
1,1,0.10000000149011612,accepted,17,0.20959818363189697,1.0,True
1,1,0.10000000149011612,accepted,18,0.15098316967487335,1.0,False
1,1,0.10000000149011612,accepted,19,0.2198527604341507,1.0,True
1,1,0.10000000149011612,accepted,20,0.22799846529960632,1.0,True
1,1,0.10000000149011612,accepted,21,0.22911794483661652,1.0,True
1,1,0.10000000149011612,accepted,22,0.17068155109882355,1.0,True
1,1,0.10000000149011612,accepted,23,0.27398404479026794,1.0,True
1,1,0.10000000149011612,accepted,24,0.20187371969223022,1.0,True
1,1,0.10000000149011612,accepted,25,0.29515379667282104,1.0,True
1,1,0.10000000149011612,accepted,26,0.2570711672306061,1.0,True
1,1,0.10000000149011612,accepted,27,0.29295018315315247,1.0,True
1,1,0.10000000149011612,accepted,28,0.26569631695747375,1.0,True
1,1,0.10000000149011612,accepted,29,0.2767677903175354,1.0,True
1,1,0.10000000149011612,accepted,30,0.2849787771701813,1.0,True
1,1,0.10000000149011612,accepted,31,0.2632738947868347,1.0,True
1,1,0.10000000149011612,accepted,32,0.2785610258579254,1.0,True
1,1,0.10000000149011612,accepted,33,0.2879934012889862,1.0,True
1,1,0.10000000149011612,accepted,34,0.28962889313697815,1.0,True
1,1,0.10000000149011612,accepted,35,0.2910054922103882,1.0,True
1,1,0.10000000149011612,accepted,36,0.33494144678115845,1.0,True
1,1,0.10000000149011612,accepted,37,0.3237156867980957,1.0,True
1,1,0.10000000149011612,accepted,38,0.33619850873947144,1.0,True
1,1,0.10000000149011612,accepted,39,0.35922184586524963,1.0,True
1,1,0.10000000149011612,accepted,40,0.3485192060470581,1.0,True
1,1,0.10000000149011612,accepted,41,0.35728397965431213,1.0,True
1,1,0.10000000149011612,accepted,42,0.3337743878364563,1.0,True
1,1,0.10000000149011612,accepted,43,0.32194602489471436,1.0,True
1,1,0.10000000149011612,accepted,44,0.3590807616710663,1.0,True
1,1,0.10000000149011612,accepted,45,0.366235613822937,1.0,True
1,1,0.10000000149011612,accepted,46,0.35171592235565186,1.0,True
1,1,0.10000000149011612,accepted,47,0.33824512362480164,1.0,True
1,1,0.10000000149011612,accepted,48,0.3623058795928955,1.0,True
1,1,0.10000000149011612,accepted,49,0.3014020323753357,1.0,True
1,1,0.10000000149011612,accepted,50,0.35504764318466187,1.0,True
1,1,0.10000000149011612,accepted,51,0.3436379134654999,1.0,False
1,1,0.10000000149011612,accepted,52,0.3480933606624603,1.0,True
1,1,0.10000000149011612,accepted,53,0.39295315742492676,1.0,True
1,1,0.10000000149011612,accepted,54,0.30695295333862305,1.0,True
1,1,0.10000000149011612,accepted,55,0.3727949559688568,1.0,True
1,1,0.10000000149011612,accepted,56,0.33118700981140137,1.0,True
1,1,0.10000000149011612,accepted,57,0.30676624178886414,1.0,True
1,1,0.10000000149011612,accepted,58,0.3583548069000244,1.0,True
1,1,0.10000000149011612,accepted,59,0.35099220275878906,1.0,True
1,1,0.10000000149011612,accepted,60,0.4029744565486908,1.0,True
1,1,0.10000000149011612,accepted,61,0.34619903564453125,1.0,True
1,1,0.10000000149011612,accepted,62,0.3157973289489746,1.0,True
1,1,0.10000000149011612,accepted,63,0.39417901635169983,1.0,True
1,1,0.10000000149011612,accepted,64,0.37188804149627686,1.0,True
1,1,0.10000000149011612,accepted,65,0.39781802892684937,1.0,True
1,1,0.10000000149011612,accepted,66,0.3911323547363281,1.0,True
1,1,0.10000000149011612,accepted,67,0.39739638566970825,1.0,True
1,1,0.10000000149011612,accepted,68,0.3850904405117035,1.0,True
1,1,0.10000000149011612,accepted,69,0.39310985803604126,1.0,True
1,1,0.10000000149011612,accepted,70,0.37962523102760315,1.0,True
1,1,0.10000000149011612,accepted,71,0.32877710461616516,1.0,False
1,1,0.10000000149011612,accepted,72,0.39941009879112244,1.0,True
1,1,0.10000000149011612,accepted,73,0.3978825509548187,1.0,False
1,1,0.10000000149011612,accepted,74,0.40930941700935364,1.0,False
1,1,0.10000000149011612,accepted,75,0.3254615366458893,1.0,True
1,1,0.10000000149011612,accepted,76,0.3607303202152252,1.0,True
1,1,0.10000000149011612,accepted,77,0.4096812307834625,1.0,True
1,1,0.10000000149011612,accepted,78,0.39716529846191406,1.0,True
1,1,0.10000000149011612,accepted,79,0.3860185146331787,1.0,True
1,1,0.10000000149011612,accepted,80,0.41858696937561035,1.0,True
1,1,0.10000000149011612,accepted,81,0.39326733350753784,1.0,True
1,1,0.10000000149011612,accepted,82,0.4027393162250519,1.0,True
1,1,0.10000000149011612,accepted,83,0.3115115165710449,1.0,True
1,1,0.10000000149011612,accepted,84,0.39497825503349304,1.0,True
1,1,0.10000000149011612,accepted,85,0.400201678276062,1.0,True
1,1,0.10000000149011612,accepted,86,0.35970866680145264,1.0,True
1,1,0.10000000149011612,accepted,87,0.39599815011024475,1.0,True
1,1,0.10000000149011612,accepted,88,0.39559197425842285,1.0,True
1,1,0.10000000149011612,accepted,89,0.39527520537376404,1.0,True
1,1,0.10000000149011612,accepted,90,0.3633037507534027,1.0,True
1,1,0.10000000149011612,accepted,91,0.41570279002189636,1.0,True
1,1,0.10000000149011612,accepted,92,0.410070538520813,1.0,True
1,1,0.10000000149011612,accepted,93,0.41701310873031616,1.0,True
1,1,0.10000000149011612,accepted,94,0.3986870348453522,1.0,True
1,1,0.10000000149011612,accepted,95,0.40386778116226196,1.0,True
1,1,0.10000000149011612,accepted,96,0.40281230211257935,1.0,True
1,1,0.10000000149011612,accepted,97,0.39896470308303833,1.0,True
1,1,0.10000000149011612,accepted,98,0.40112942457199097,1.0,True
1,1,0.10000000149011612,accepted,99,0.416471004486084,1.0,True
1,1,0.10000000149011612,accepted,100,0.4343070983886719,1.0,False
1,1,0.10000000149011612,accepted,101,0.42118340730667114,1.0,True
1,1,0.10000000149011612,accepted,102,0.3998888432979584,1.0,True
1,1,0.10000000149011612,accepted,103,0.43533051013946533,1.0,True
1,1,0.10000000149011612,accepted,104,0.42256659269332886,1.0,True
1,1,0.10000000149011612,accepted,105,0.4167618751525879,1.0,True
1,1,0.10000000149011612,accepted,106,0.4536072909832001,1.0,True
1,1,0.10000000149011612,accepted,107,0.44002705812454224,1.0,True
1,1,0.10000000149011612,accepted,108,0.43563950061798096,1.0,True
1,1,0.10000000149011612,accepted,109,0.4451664388179779,1.0,True
1,1,0.10000000149011612,accepted,110,0.43483176827430725,1.0,True
1,1,0.10000000149011612,accepted,111,0.4306495487689972,1.0,True
1,1,0.10000000149011612,accepted,112,0.44897550344467163,1.0,True
1,1,0.10000000149011612,accepted,113,0.46214643120765686,1.0,True
1,1,0.10000000149011612,accepted,114,0.4548860788345337,1.0,True
1,1,0.10000000149011612,accepted,115,0.4650290012359619,1.0,True
1,1,0.10000000149011612,accepted,116,0.45011332631111145,1.0,True
1,1,0.10000000149011612,accepted,117,0.4645999073982239,1.0,True
1,1,0.10000000149011612,accepted,118,0.4472498297691345,1.0,True
1,1,0.10000000149011612,accepted,119,0.48349645733833313,1.0,True
1,1,0.10000000149011612,accepted,120,0.44671615958213806,1.0,False
1,1,0.10000000149011612,accepted,121,0.4257890582084656,1.0,True
1,1,0.10000000149011612,accepted,122,0.461920827627182,1.0,True
1,1,0.10000000149011612,accepted,123,0.4642030894756317,1.0,True
1,1,0.10000000149011612,accepted,124,0.4330943822860718,1.0,True
1,1,0.10000000149011612,accepted,125,0.4914590120315552,1.0,True
1,1,0.10000000149011612,accepted,126,0.4772842526435852,1.0,True
1,1,0.10000000149011612,accepted,127,0.4706919491291046,1.0,True
1,1,0.10000000149011612,accepted,128,0.47577184438705444,1.0,True
1,1,0.10000000149011612,accepted,129,0.4830816686153412,1.0,True
1,1,0.10000000149011612,accepted,130,0.46608656644821167,1.0,True
1,1,0.10000000149011612,accepted,131,0.4893936514854431,1.0,True
1,1,0.10000000149011612,accepted,132,0.48447221517562866,1.0,True
1,1,0.10000000149011612,accepted,133,0.480673611164093,1.0,True
1,1,0.10000000149011612,accepted,134,0.5088005065917969,1.0,True
1,1,0.10000000149011612,accepted,135,0.4955233335494995,1.0,True
1,1,0.10000000149011612,accepted,136,0.498161643743515,1.0,True
1,1,0.10000000149011612,accepted,137,0.5120278000831604,1.0,True
1,1,0.10000000149011612,accepted,138,0.5036974549293518,1.0,True
1,1,0.10000000149011612,accepted,139,0.48533329367637634,1.0,True
1,1,0.10000000149011612,accepted,140,0.5027817487716675,1.0,True
1,1,0.10000000149011612,accepted,141,0.49048882722854614,1.0,True
1,1,0.10000000149011612,accepted,142,0.5160948634147644,1.0,True
1,1,0.10000000149011612,accepted,143,0.5142828822135925,1.0,True
1,1,0.10000000149011612,accepted,144,0.5149198770523071,1.0,True
1,1,0.10000000149011612,accepted,145,0.4995107650756836,1.0,True
1,1,0.10000000149011612,accepted,146,0.47058603167533875,1.0,True
1,1,0.10000000149011612,accepted,147,0.48785027861595154,1.0,True
1,1,0.10000000149011612,accepted,148,0.5243842005729675,1.0,True
1,1,0.10000000149011612,accepted,149,0.5183846354484558,1.0,True
1,1,0.10000000149011612,accepted,150,0.5288297533988953,1.0,True
1,1,0.10000000149011612,accepted,151,0.49330538511276245,1.0,True
1,1,0.10000000149011612,accepted,152,0.5290597677230835,1.0,True
1,1,0.10000000149011612,accepted,153,0.495381623506546,1.0,True
1,1,0.10000000149011612,accepted,154,0.5270574688911438,1.0,True
1,1,0.10000000149011612,accepted,155,0.5208276510238647,1.0,True
1,1,0.10000000149011612,accepted,156,0.5327913761138916,1.0,True
1,1,0.10000000149011612,accepted,157,0.5333923101425171,1.0,True
1,1,0.10000000149011612,accepted,158,0.5378793478012085,1.0,True
1,1,0.10000000149011612,accepted,159,0.5341365337371826,1.0,True
1,1,0.10000000149011612,accepted,160,0.520348072052002,1.0,True
1,1,0.10000000149011612,accepted,161,0.5379737615585327,1.0,True
1,1,0.10000000149011612,accepted,162,0.5316818356513977,1.0,True
1,1,0.10000000149011612,accepted,163,0.5608282685279846,1.0,True
1,1,0.10000000149011612,accepted,164,0.5422810316085815,1.0,True
1,1,0.10000000149011612,accepted,165,0.5457342267036438,1.0,True
1,1,0.10000000149011612,accepted,166,0.541839599609375,1.0,True
1,1,0.10000000149011612,accepted,167,0.5483593940734863,1.0,True
1,1,0.10000000149011612,accepted,168,0.5246642827987671,1.0,True
1,1,0.10000000149011612,accepted,169,0.5606240034103394,1.0,True
1,1,0.10000000149011612,accepted,170,0.5694373250007629,1.0,True
1,1,0.10000000149011612,accepted,171,0.5570383667945862,1.0,True
1,1,0.10000000149011612,accepted,172,0.5376414060592651,1.0,True
1,1,0.10000000149011612,accepted,173,0.568764328956604,1.0,True
1,1,0.10000000149011612,accepted,174,0.5410423278808594,1.0,True
1,1,0.10000000149011612,accepted,175,0.5681788325309753,1.0,True
1,1,0.10000000149011612,accepted,176,0.5762914419174194,1.0,True
1,1,0.10000000149011612,accepted,177,0.5689683556556702,1.0,True
1,1,0.10000000149011612,accepted,178,0.586315393447876,1.0,False
1,1,0.10000000149011612,accepted,179,0.5766290426254272,1.0,True
1,1,0.10000000149011612,accepted,180,0.5594190955162048,1.0,True
1,1,0.10000000149011612,accepted,181,0.5711668729782104,1.0,True
1,1,0.10000000149011612,accepted,182,0.5795233249664307,1.0,True
1,1,0.10000000149011612,accepted,183,0.5831168293952942,1.0,True
1,1,0.10000000149011612,accepted,184,0.5811715126037598,1.0,True
1,1,0.10000000149011612,accepted,185,0.5836331248283386,1.0,True
1,1,0.10000000149011612,accepted,186,0.5622109174728394,1.0,True
1,1,0.10000000149011612,accepted,187,0.5765652060508728,1.0,True
1,1,0.10000000149011612,accepted,188,0.5677996277809143,1.0,True
1,1,0.10000000149011612,accepted,189,0.5727683901786804,1.0,True
1,1,0.10000000149011612,accepted,190,0.5658385157585144,1.0,True
1,1,0.10000000149011612,accepted,191,0.5947993397712708,1.0,True
1,1,0.10000000149011612,accepted,192,0.5902560949325562,1.0,False
1,1,0.10000000149011612,accepted,193,0.5885967016220093,1.0,True
1,1,0.10000000149011612,accepted,194,0.5904384851455688,1.0,True
1,1,0.10000000149011612,accepted,195,0.5934643745422363,1.0,True
1,1,0.10000000149011612,accepted,196,0.5933466553688049,1.0,True
1,1,0.10000000149011612,accepted,197,0.5964375138282776,1.0,True
1,1,0.10000000149011612,accepted,198,0.5852070450782776,1.0,True
1,1,0.10000000149011612,accepted,199,0.5868681073188782,1.0,True
1,1,0.10000000149011612,accepted,200,0.5898002982139587,1.0,True
1,1,0.10000000149011612,accepted,201,0.599198043346405,1.0,True
1,1,0.10000000149011612,accepted,202,0.5969200134277344,1.0,True
1,1,0.10000000149011612,accepted,203,0.5998566746711731,1.0,False
1,1,0.10000000149011612,accepted,204,0.593644380569458,1.0,True
1,1,0.10000000149011612,accepted,205,0.6118126511573792,1.0,True
1,1,0.10000000149011612,accepted,206,0.5850709080696106,1.0,True
1,1,0.10000000149011612,accepted,207,0.5889156460762024,1.0,True
1,1,0.10000000149011612,accepted,208,0.586315393447876,1.0,True
1,1,0.10000000149011612,accepted,209,0.5890728831291199,1.0,True
1,1,0.10000000149011612,accepted,210,0.5998246669769287,1.0,True
1,1,0.10000000149011612,accepted,211,0.6058530807495117,1.0,True
1,1,0.10000000149011612,accepted,212,0.6067261695861816,1.0,True
1,1,0.10000000149011612,accepted,213,0.6255560517311096,1.0,True
1,1,0.10000000149011612,accepted,214,0.5974497199058533,1.0,True
1,1,0.10000000149011612,accepted,215,0.5539149641990662,1.0,True
1,1,0.10000000149011612,accepted,216,0.6118814945220947,1.0,True
1,1,0.10000000149011612,accepted,217,0.6194449663162231,1.0,True
1,1,0.10000000149011612,accepted,218,0.6124828457832336,1.0,True
1,1,0.10000000149011612,accepted,219,0.6057918667793274,1.0,True
1,1,0.10000000149011612,accepted,220,0.621942937374115,1.0,True
1,1,0.10000000149011612,accepted,221,0.61368727684021,1.0,True
1,1,0.10000000149011612,accepted,222,0.616841733455658,1.0,True
1,1,0.10000000149011612,accepted,223,0.6070098280906677,1.0,True
1,1,0.10000000149011612,accepted,224,0.6094169616699219,1.0,True
1,1,0.10000000149011612,accepted,225,0.6284741759300232,1.0,True
1,1,0.10000000149011612,accepted,226,0.628567636013031,1.0,True
1,1,0.10000000149011612,accepted,227,0.5949695110321045,1.0,True
1,1,0.10000000149011612,accepted,228,0.616324245929718,1.0,False
1,1,0.10000000149011612,accepted,229,0.621723473072052,1.0,True
1,1,0.10000000149011612,accepted,230,0.6263595819473267,1.0,True
1,1,0.10000000149011612,accepted,231,0.6280032396316528,1.0,True
1,1,0.10000000149011612,accepted,232,0.6233716607093811,1.0,True
1,1,0.10000000149011612,accepted,233,0.6091275811195374,1.0,True
1,1,0.10000000149011612,accepted,234,0.6351914405822754,1.0,True
1,1,0.10000000149011612,accepted,235,0.6333465576171875,1.0,True
1,1,0.10000000149011612,accepted,236,0.6180275678634644,1.0,True
1,1,0.10000000149011612,accepted,237,0.6389010548591614,1.0,True
1,1,0.10000000149011612,accepted,238,0.636814534664154,1.0,False
1,1,0.10000000149011612,accepted,239,0.6345097422599792,1.0,True
1,1,0.10000000149011612,accepted,240,0.6297701001167297,1.0,False
1,1,0.10000000149011612,accepted,241,0.6371510624885559,1.0,True
1,1,0.10000000149011612,accepted,242,0.6380802392959595,1.0,True
1,1,0.10000000149011612,accepted,243,0.6386902928352356,1.0,True
1,1,0.10000000149011612,accepted,244,0.600091278553009,1.0,True
1,1,0.10000000149011612,accepted,245,0.6396631598472595,1.0,True
1,1,0.10000000149011612,accepted,246,0.6405898332595825,1.0,True
1,1,0.10000000149011612,accepted,247,0.6304010152816772,1.0,True
1,1,0.10000000149011612,accepted,248,0.6257672905921936,1.0,True
1,1,0.10000000149011612,accepted,249,0.6243390440940857,1.0,True
1,1,0.10000000149011612,accepted,250,0.6375011801719666,1.0,True
1,1,0.10000000149011612,accepted,251,0.6233181357383728,1.0,True
1,1,0.10000000149011612,accepted,252,0.6440532803535461,1.0,True
1,1,0.10000000149011612,accepted,253,0.6430455446243286,1.0,True
1,1,0.10000000149011612,accepted,254,0.6295191049575806,1.0,True
1,1,0.10000000149011612,accepted,255,0.638379693031311,1.0,True
1,1,0.10000000149011612,accepted,256,0.630546510219574,1.0,True
1,1,0.10000000149011612,accepted,257,0.636582612991333,1.0,True
1,1,0.10000000149011612,accepted,258,0.6366336345672607,1.0,True
1,1,0.10000000149011612,accepted,259,0.6394082307815552,1.0,True
1,1,0.10000000149011612,accepted,260,0.6430111527442932,1.0,True
1,1,0.10000000149011612,accepted,261,0.6460624933242798,1.0,True
1,1,0.10000000149011612,accepted,262,0.6419499516487122,1.0,False
1,1,0.10000000149011612,accepted,263,0.6472934484481812,1.0,True
1,1,0.10000000149011612,accepted,264,0.6307281851768494,1.0,True
1,1,0.10000000149011612,accepted,265,0.6480506658554077,1.0,True
1,1,0.10000000149011612,accepted,266,0.6529017686843872,1.0,True
1,1,0.10000000149011612,accepted,267,0.6321843266487122,1.0,True
1,1,0.10000000149011612,accepted,268,0.6435117721557617,1.0,True
1,1,0.10000000149011612,accepted,269,0.628588080406189,1.0,True
1,1,0.10000000149011612,accepted,270,0.6527834534645081,1.0,False
1,1,0.10000000149011612,accepted,271,0.6533365249633789,1.0,True
1,1,0.10000000149011612,accepted,272,0.6601331830024719,1.0,True
1,1,0.10000000149011612,accepted,273,0.6474539637565613,1.0,True
1,1,0.10000000149011612,accepted,274,0.6323471665382385,1.0,True
1,1,0.10000000149011612,accepted,275,0.645237386226654,1.0,True
1,1,0.10000000149011612,accepted,276,0.6421275734901428,1.0,True
1,1,0.10000000149011612,accepted,277,0.6301702260971069,1.0,True
1,1,0.10000000149011612,accepted,278,0.6482299566268921,1.0,True
1,1,0.10000000149011612,accepted,279,0.6539947986602783,1.0,True
1,1,0.10000000149011612,accepted,280,0.6657726764678955,1.0,True
1,1,0.10000000149011612,accepted,281,0.6539473533630371,1.0,True
1,1,0.10000000149011612,accepted,282,0.6549684405326843,1.0,True
1,1,0.10000000149011612,accepted,283,0.6433522701263428,1.0,True
1,1,0.10000000149011612,accepted,284,0.6592649221420288,1.0,True
1,1,0.10000000149011612,accepted,285,0.6357053518295288,1.0,True
1,1,0.10000000149011612,accepted,286,0.6431927680969238,1.0,True
1,1,0.10000000149011612,accepted,287,0.660541296005249,1.0,True
1,1,0.10000000149011612,accepted,288,0.6700301170349121,1.0,True
1,1,0.10000000149011612,accepted,289,0.6732879877090454,1.0,True
1,1,0.10000000149011612,accepted,290,0.6594083309173584,1.0,True
1,1,0.10000000149011612,accepted,291,0.6630759239196777,1.0,False
1,1,0.10000000149011612,accepted,292,0.6633769869804382,1.0,True
1,1,0.10000000149011612,accepted,293,0.6536979675292969,1.0,False
1,1,0.10000000149011612,accepted,294,0.659199595451355,1.0,True
1,1,0.10000000149011612,accepted,295,0.6689549088478088,1.0,True
1,1,0.10000000149011612,accepted,296,0.661451518535614,1.0,True
1,1,0.10000000149011612,accepted,297,0.6437474489212036,1.0,True
1,1,0.10000000149011612,accepted,298,0.6691871881484985,1.0,True
1,1,0.10000000149011612,accepted,299,0.6708946228027344,1.0,False
1,1,0.10000000149011612,accepted,300,0.6726795434951782,1.0,True
1,1,0.10000000149011612,accepted,301,0.6634933948516846,1.0,True
1,1,0.10000000149011612,accepted,302,0.6744202971458435,1.0,True
1,1,0.10000000149011612,accepted,303,0.6742183566093445,1.0,True
1,1,0.10000000149011612,accepted,304,0.6627838015556335,1.0,True
1,1,0.10000000149011612,accepted,305,0.6780446171760559,1.0,True
1,1,0.10000000149011612,accepted,306,0.6559610962867737,1.0,True
1,1,0.10000000149011612,accepted,307,0.6710110902786255,1.0,True
1,1,0.10000000149011612,accepted,308,0.6689932346343994,1.0,True
1,1,0.10000000149011612,accepted,309,0.6660953164100647,1.0,True
1,1,0.10000000149011612,accepted,310,0.6751822233200073,1.0,True
1,1,0.10000000149011612,accepted,311,0.675818681716919,1.0,True
1,1,0.10000000149011612,accepted,312,0.6669954061508179,1.0,True
1,1,0.10000000149011612,accepted,313,0.671644926071167,1.0,False
1,1,0.10000000149011612,accepted,314,0.6665655374526978,1.0,True
1,1,0.10000000149011612,accepted,315,0.6704545617103577,1.0,True
1,1,0.10000000149011612,accepted,316,0.6774461269378662,1.0,True
1,1,0.10000000149011612,accepted,317,0.6781027913093567,1.0,True
1,1,0.10000000149011612,accepted,318,0.676584780216217,1.0,True
1,1,0.10000000149011612,accepted,319,0.6779075860977173,1.0,False
1,1,0.10000000149011612,accepted,320,0.6828649044036865,1.0,True
1,1,0.10000000149011612,accepted,321,0.6708638668060303,1.0,True
1,1,0.10000000149011612,accepted,322,0.6775391697883606,1.0,True
1,1,0.10000000149011612,accepted,323,0.6782399415969849,1.0,True
1,1,0.10000000149011612,accepted,324,0.6766157746315002,1.0,True
1,1,0.10000000149011612,accepted,325,0.6864455938339233,1.0,False
1,1,0.10000000149011612,accepted,326,0.6592574119567871,1.0,True
1,1,0.10000000149011612,accepted,327,0.6822009682655334,1.0,True
1,1,0.10000000149011612,accepted,328,0.670585036277771,1.0,True
1,1,0.10000000149011612,accepted,329,0.6698282361030579,1.0,True
1,1,0.10000000149011612,accepted,330,0.6804829239845276,1.0,True
1,1,0.10000000149011612,accepted,331,0.6717396974563599,1.0,False
1,1,0.10000000149011612,accepted,332,0.6744562983512878,1.0,True
1,1,0.10000000149011612,accepted,333,0.6796839237213135,1.0,True
1,1,0.10000000149011612,accepted,334,0.6762700080871582,1.0,True
1,1,0.10000000149011612,accepted,335,0.667451024055481,1.0,True
1,1,0.10000000149011612,accepted,336,0.6856290698051453,1.0,True
1,1,0.10000000149011612,accepted,337,0.6733303070068359,1.0,True
1,1,0.10000000149011612,accepted,338,0.6697234511375427,1.0,True
1,1,0.10000000149011612,accepted,339,0.67778080701828,1.0,True
1,1,0.10000000149011612,accepted,340,0.6746647953987122,1.0,True
1,1,0.10000000149011612,accepted,341,0.6855348944664001,1.0,True
1,1,0.10000000149011612,accepted,342,0.6799043416976929,1.0,True
1,1,0.10000000149011612,accepted,343,0.6860659718513489,1.0,True
1,1,0.10000000149011612,accepted,344,0.6859927177429199,1.0,True
1,1,0.10000000149011612,accepted,345,0.687441349029541,1.0,True
1,1,0.10000000149011612,accepted,346,0.6550821661949158,1.0,True
1,1,0.10000000149011612,accepted,347,0.68434739112854,1.0,True
1,1,0.10000000149011612,accepted,348,0.6735140085220337,1.0,True
1,1,0.10000000149011612,accepted,349,0.6649985313415527,1.0,True
1,1,0.10000000149011612,accepted,350,0.69137042760849,1.0,False
1,1,0.10000000149011612,accepted,351,0.6851506233215332,1.0,True
1,1,0.10000000149011612,accepted,352,0.6835268139839172,1.0,True
1,1,0.10000000149011612,accepted,353,0.6855375170707703,1.0,False
1,1,0.10000000149011612,accepted,354,0.6743996739387512,1.0,False
1,1,0.10000000149011612,accepted,355,0.682112455368042,1.0,True
1,1,0.10000000149011612,accepted,356,0.6857441067695618,1.0,True
1,1,0.10000000149011612,accepted,357,0.6915814280509949,1.0,True
1,1,0.10000000149011612,accepted,358,0.6862151622772217,1.0,True
1,1,0.10000000149011612,accepted,359,0.6770895719528198,1.0,False
1,1,0.10000000149011612,accepted,360,0.6853936910629272,1.0,True
1,1,0.10000000149011612,accepted,361,0.6814193725585938,1.0,True
1,1,0.10000000149011612,accepted,362,0.6819706559181213,1.0,True
1,1,0.10000000149011612,accepted,363,0.6731531620025635,1.0,True
1,1,0.10000000149011612,accepted,364,0.6997308731079102,1.0,True
1,1,0.10000000149011612,accepted,365,0.6788546442985535,1.0,True
1,1,0.10000000149011612,accepted,366,0.684440016746521,1.0,True
1,1,0.10000000149011612,accepted,367,0.6961034536361694,1.0,True
1,1,0.10000000149011612,accepted,368,0.6818887591362,1.0,True
1,1,0.10000000149011612,accepted,369,0.6866328120231628,1.0,True
1,1,0.10000000149011612,accepted,370,0.6956853270530701,1.0,False
1,1,0.10000000149011612,accepted,371,0.6944100260734558,1.0,True
1,1,0.10000000149011612,accepted,372,0.672375500202179,1.0,True
1,1,0.10000000149011612,accepted,373,0.6881445050239563,1.0,True
1,1,0.10000000149011612,accepted,374,0.6920590996742249,1.0,True
1,1,0.10000000149011612,accepted,375,0.6891874670982361,1.0,True
1,1,0.10000000149011612,accepted,376,0.6948710680007935,1.0,True
1,1,0.10000000149011612,accepted,377,0.689872682094574,1.0,True
1,1,0.10000000149011612,accepted,378,0.6900556087493896,1.0,True
1,1,0.10000000149011612,accepted,379,0.6805270910263062,1.0,True
1,1,0.10000000149011612,accepted,380,0.6874649524688721,1.0,True
1,1,0.10000000149011612,accepted,381,0.6992905735969543,1.0,True
1,1,0.10000000149011612,accepted,382,0.6728193759918213,1.0,True
1,1,0.10000000149011612,accepted,383,0.6897055506706238,1.0,True
1,1,0.10000000149011612,accepted,384,0.6893294453620911,1.0,True
1,1,0.10000000149011612,accepted,385,0.6809789538383484,1.0,False
1,1,0.10000000149011612,accepted,386,0.6933842897415161,1.0,True
1,1,0.10000000149011612,accepted,387,0.6942484378814697,1.0,True
1,1,0.10000000149011612,accepted,388,0.7012192606925964,1.0,True
1,1,0.10000000149011612,accepted,389,0.6875908970832825,1.0,True
1,1,0.10000000149011612,accepted,390,0.6990731954574585,1.0,True
1,1,0.10000000149011612,accepted,391,0.6920194625854492,1.0,True
1,1,0.10000000149011612,accepted,392,0.6886816024780273,1.0,True
1,1,0.10000000149011612,accepted,393,0.6963398456573486,1.0,True
1,1,0.10000000149011612,accepted,394,0.6978009939193726,1.0,True
1,1,0.10000000149011612,accepted,395,0.6775429844856262,1.0,True
1,1,0.10000000149011612,accepted,396,0.6948538422584534,1.0,True
1,1,0.10000000149011612,accepted,397,0.6981444358825684,1.0,True
1,1,0.10000000149011612,accepted,398,0.6946616768836975,1.0,True
1,1,0.10000000149011612,accepted,399,0.6807399392127991,1.0,True
1,1,0.10000000149011612,accepted,400,0.687008798122406,1.0,True
1,1,0.10000000149011612,accepted,401,0.7063281536102295,1.0,True
1,1,0.10000000149011612,accepted,402,0.7030352354049683,1.0,True
1,1,0.10000000149011612,accepted,403,0.691536545753479,1.0,True
1,1,0.10000000149011612,accepted,404,0.6970786452293396,1.0,True
1,1,0.10000000149011612,accepted,405,0.6872381567955017,1.0,True
1,1,0.10000000149011612,accepted,406,0.6942100524902344,1.0,True
1,1,0.10000000149011612,accepted,407,0.7109887003898621,1.0,True
1,1,0.10000000149011612,accepted,408,0.6910250186920166,1.0,True
1,1,0.10000000149011612,accepted,409,0.7073878645896912,1.0,True
1,1,0.10000000149011612,accepted,410,0.6920590996742249,1.0,True
1,1,0.10000000149011612,accepted,411,0.7003063559532166,1.0,True
1,1,0.10000000149011612,accepted,412,0.7019900679588318,1.0,True
1,1,0.10000000149011612,accepted,413,0.6935151815414429,1.0,True
1,1,0.10000000149011612,accepted,414,0.7074755430221558,1.0,True
1,1,0.10000000149011612,accepted,415,0.6934967041015625,1.0,True
1,1,0.10000000149011612,accepted,416,0.6963411569595337,1.0,True
1,1,0.10000000149011612,accepted,417,0.6983588933944702,1.0,True
1,1,0.10000000149011612,accepted,418,0.7037811875343323,1.0,True
1,1,0.10000000149011612,accepted,419,0.7085221409797668,1.0,True
1,1,0.10000000149011612,accepted,420,0.7111514210700989,1.0,True
1,1,0.10000000149011612,accepted,421,0.6989572048187256,1.0,True
1,1,0.10000000149011612,accepted,422,0.7059645056724548,1.0,True
1,1,0.10000000149011612,accepted,423,0.7141064405441284,1.0,False
1,1,0.10000000149011612,accepted,424,0.7133359313011169,1.0,True
1,1,0.10000000149011612,accepted,425,0.6960170865058899,1.0,True
1,1,0.10000000149011612,accepted,426,0.7103787064552307,1.0,True
1,1,0.10000000149011612,accepted,427,0.6892361044883728,1.0,True
1,1,0.10000000149011612,accepted,428,0.7044835686683655,1.0,True
1,1,0.10000000149011612,accepted,429,0.7068457007408142,1.0,True
1,1,0.10000000149011612,accepted,430,0.7137727737426758,1.0,True
1,1,0.10000000149011612,accepted,431,0.7122129797935486,1.0,False
1,1,0.10000000149011612,accepted,432,0.6949571967124939,1.0,True
1,1,0.10000000149011612,accepted,433,0.7164379954338074,1.0,True
1,1,0.10000000149011612,accepted,434,0.7130258083343506,1.0,True
1,1,0.10000000149011612,accepted,435,0.6973379850387573,1.0,True
1,1,0.10000000149011612,accepted,436,0.7103814482688904,1.0,True
1,1,0.10000000149011612,accepted,437,0.699546754360199,1.0,False
1,1,0.10000000149011612,accepted,438,0.7094200253486633,1.0,True
1,1,0.10000000149011612,accepted,439,0.7034187912940979,1.0,True
1,1,0.10000000149011612,accepted,440,0.7079318165779114,1.0,True
1,1,0.10000000149011612,accepted,441,0.7063982486724854,1.0,True
1,1,0.10000000149011612,accepted,442,0.709352433681488,1.0,True
1,1,0.10000000149011612,accepted,443,0.706632673740387,1.0,True
1,1,0.10000000149011612,accepted,444,0.7104707956314087,1.0,True
1,1,0.10000000149011612,accepted,445,0.6985973715782166,1.0,True
1,1,0.10000000149011612,accepted,446,0.7072462439537048,1.0,True
1,1,0.10000000149011612,accepted,447,0.7025418877601624,1.0,True
1,1,0.10000000149011612,accepted,448,0.7051436305046082,1.0,True
1,1,0.10000000149011612,accepted,449,0.7139701843261719,1.0,True
1,1,0.10000000149011612,accepted,450,0.7097746729850769,1.0,True
1,1,0.10000000149011612,accepted,451,0.7094674110412598,1.0,True
1,1,0.10000000149011612,accepted,452,0.7050037384033203,1.0,True
1,1,0.10000000149011612,accepted,453,0.7038992643356323,1.0,True
1,1,0.10000000149011612,accepted,454,0.7170243859291077,1.0,True
1,1,0.10000000149011612,accepted,455,0.7191116809844971,1.0,False
1,1,0.10000000149011612,accepted,456,0.7145751118659973,1.0,True
1,1,0.10000000149011612,accepted,457,0.707736074924469,1.0,False
1,1,0.10000000149011612,accepted,458,0.7156458497047424,1.0,True
1,1,0.10000000149011612,accepted,459,0.7053359746932983,1.0,True
1,1,0.10000000149011612,accepted,460,0.7235500812530518,1.0,True
1,1,0.10000000149011612,accepted,461,0.711463451385498,1.0,True
1,1,0.10000000149011612,accepted,462,0.7076523900032043,1.0,True
1,1,0.10000000149011612,accepted,463,0.7158492207527161,1.0,True
1,1,0.10000000149011612,accepted,464,0.7167345881462097,1.0,True
1,1,0.10000000149011612,accepted,465,0.7070371508598328,1.0,True
1,1,0.10000000149011612,accepted,466,0.7052969932556152,1.0,True
1,1,0.10000000149011612,accepted,467,0.7072435021400452,1.0,True
1,1,0.10000000149011612,accepted,468,0.7093240022659302,1.0,True
1,1,0.10000000149011612,accepted,469,0.7079386115074158,1.0,True
1,1,0.10000000149011612,accepted,470,0.70640629529953,1.0,True
1,1,0.10000000149011612,accepted,471,0.7068726420402527,1.0,True
1,1,0.10000000149011612,accepted,472,0.7119861245155334,1.0,True
1,1,0.10000000149011612,accepted,473,0.7125553488731384,1.0,True
1,1,0.10000000149011612,accepted,474,0.7012553215026855,1.0,False
1,1,0.10000000149011612,accepted,475,0.7128666639328003,1.0,True
1,1,0.10000000149011612,accepted,476,0.7090682983398438,1.0,True
1,1,0.10000000149011612,accepted,477,0.7017812132835388,1.0,True
1,1,0.10000000149011612,accepted,478,0.7105440497398376,1.0,True
1,1,0.10000000149011612,accepted,479,0.718996524810791,1.0,True
1,1,0.10000000149011612,accepted,480,0.7269280552864075,1.0,True
1,1,0.10000000149011612,accepted,481,0.7167988419532776,1.0,True
1,1,0.10000000149011612,accepted,482,0.7081857323646545,1.0,True
1,1,0.10000000149011612,accepted,483,0.7098856568336487,1.0,True
1,1,0.10000000149011612,accepted,484,0.7165951132774353,1.0,True
1,1,0.10000000149011612,accepted,485,0.7182673215866089,1.0,True
1,1,0.10000000149011612,accepted,486,0.7141854166984558,1.0,False
1,1,0.10000000149011612,accepted,487,0.718601644039154,1.0,True
1,1,0.10000000149011612,accepted,488,0.7147359251976013,1.0,True
1,1,0.10000000149011612,accepted,489,0.7138258814811707,1.0,True
1,1,0.10000000149011612,accepted,490,0.7163218259811401,1.0,True
1,1,0.10000000149011612,accepted,491,0.7180302739143372,1.0,True
1,1,0.10000000149011612,accepted,492,0.7231072783470154,1.0,True
1,1,0.10000000149011612,accepted,493,0.7163341045379639,1.0,True
1,1,0.10000000149011612,accepted,494,0.7222539782524109,1.0,True
1,1,0.10000000149011612,accepted,495,0.7170079946517944,1.0,True
1,1,0.10000000149011612,accepted,496,0.7129523158073425,1.0,True
1,1,0.10000000149011612,accepted,497,0.7173445224761963,1.0,True
1,1,0.10000000149011612,accepted,498,0.7130379676818848,1.0,True
1,1,0.10000000149011612,accepted,499,0.7135454416275024,1.0,True
1,1,0.10000000149011612,accepted,500,0.7209052443504333,1.0,True
2,1,0.25,rejected,1,0.0120534123852849,1.0,True
2,1,0.25,rejected,2,0.013711501844227314,1.0,True
2,1,0.25,rejected,3,0.011661641299724579,1.0,True
2,1,0.25,rejected,4,0.012520330026745796,1.0,True
2,1,0.25,rejected,5,0.01057886891067028,1.0,True
2,1,0.25,rejected,6,0.0161625687032938,1.0,True
2,1,0.25,rejected,7,0.012132018804550171,1.0,True
2,1,0.25,rejected,8,0.01554285828024149,1.0,True
2,1,0.25,rejected,9,0.015839258208870888,1.0,True
2,1,0.25,rejected,10,0.014769727364182472,1.0,True
2,1,0.25,rejected,11,0.015156883746385574,1.0,True
2,1,0.25,rejected,12,0.012556010857224464,1.0,True
2,1,0.25,rejected,13,0.010835358873009682,1.0,True
2,1,0.25,rejected,14,0.0118342200294137,1.0,True
2,1,0.25,rejected,15,0.014565949328243732,1.0,True
2,1,0.25,rejected,16,0.01219414547085762,1.0,True
2,1,0.25,rejected,17,0.014113279059529305,1.0,True
2,1,0.25,rejected,18,0.01685848832130432,1.0,True
2,1,0.25,rejected,19,0.021606385707855225,1.0,True
2,1,0.25,rejected,20,0.025872088968753815,1.0,True
2,1,0.25,rejected,21,0.02080070599913597,1.0,True
2,1,0.25,rejected,22,0.02974691428244114,1.0,True
2,1,0.25,rejected,23,0.024877622723579407,1.0,True
2,1,0.25,rejected,24,0.0216854065656662,1.0,True
2,1,0.25,rejected,25,0.030368583276867867,1.0,True
2,1,0.25,rejected,26,0.02753313072025776,1.0,True
2,1,0.25,rejected,27,0.03204919770359993,1.0,True
2,1,0.25,rejected,28,0.037692517042160034,1.0,True
2,1,0.25,rejected,29,0.025859162211418152,1.0,True
2,1,0.25,rejected,30,0.05228618532419205,1.0,True
2,1,0.25,rejected,31,0.056804198771715164,1.0,True
2,1,0.25,rejected,32,0.054285306483507156,1.0,True
2,1,0.25,rejected,33,0.06340157985687256,1.0,True
2,1,0.25,rejected,34,0.06454487144947052,1.0,True
2,1,0.25,rejected,35,0.06964470446109772,1.0,True
2,1,0.25,rejected,36,0.05791153013706207,1.0,True
2,1,0.25,rejected,37,0.07320395857095718,1.0,True
2,1,0.25,rejected,38,0.07931406050920486,1.0,True
2,1,0.25,rejected,39,0.06397616863250732,1.0,True
2,1,0.25,rejected,40,0.07155977189540863,1.0,True
2,1,0.25,rejected,41,0.08019757270812988,1.0,True
2,1,0.25,rejected,42,0.07220663130283356,1.0,True
2,1,0.25,rejected,43,0.07380372285842896,1.0,True
2,1,0.25,rejected,44,0.08149437606334686,1.0,True
2,1,0.25,rejected,45,0.08294114470481873,1.0,True
2,1,0.25,rejected,46,0.08108474314212799,1.0,True
2,1,0.25,rejected,47,0.062371741980314255,1.0,True
2,1,0.25,rejected,48,0.09816795587539673,1.0,True
2,1,0.25,rejected,49,0.10234873741865158,1.0,True
2,1,0.25,rejected,50,0.09130942076444626,1.0,True
2,1,0.25,rejected,51,0.10542777180671692,1.0,True
2,1,0.25,rejected,52,0.10286422818899155,1.0,True
2,1,0.25,rejected,53,0.11182045936584473,1.0,True
2,1,0.25,rejected,54,0.10791227221488953,1.0,True
2,1,0.25,rejected,55,0.10915850102901459,1.0,True
2,1,0.25,rejected,56,0.1198597103357315,1.0,True
2,1,0.25,rejected,57,0.12625467777252197,1.0,True
2,1,0.25,rejected,58,0.12621374428272247,1.0,True
2,1,0.25,rejected,59,0.12433236837387085,1.0,True
2,1,0.25,rejected,60,0.11057379096746445,1.0,True
2,1,0.25,rejected,61,0.12176023423671722,1.0,True
2,1,0.25,rejected,62,0.12438454478979111,1.0,True
2,1,0.25,rejected,63,0.12964919209480286,1.0,True
2,1,0.25,rejected,64,0.14232824742794037,1.0,True
2,1,0.25,rejected,65,0.14558067917823792,1.0,True
2,1,0.25,rejected,66,0.1446920782327652,1.0,True
2,1,0.25,rejected,67,0.14314936101436615,1.0,True
2,1,0.25,rejected,68,0.14496056735515594,1.0,True
2,1,0.25,rejected,69,0.14435908198356628,1.0,True
2,1,0.25,rejected,70,0.12948262691497803,1.0,True
2,1,0.25,rejected,71,0.10958991199731827,1.0,True
2,1,0.25,rejected,72,0.1253567636013031,1.0,True
2,1,0.25,rejected,73,0.11814694851636887,1.0,True
2,1,0.25,rejected,74,0.15845733880996704,1.0,True
2,1,0.25,rejected,75,0.14804765582084656,1.0,True
2,1,0.25,rejected,76,0.15611617267131805,1.0,True
2,1,0.25,rejected,77,0.13699012994766235,1.0,True
2,1,0.25,rejected,78,0.14657087624073029,1.0,True
2,1,0.25,rejected,79,0.12224938720464706,1.0,True
2,1,0.25,rejected,80,0.1361139714717865,1.0,True
2,1,0.25,rejected,81,0.14370907843112946,1.0,True
2,1,0.25,rejected,82,0.17767377197742462,1.0,True
2,1,0.25,rejected,83,0.176279678940773,1.0,True
2,1,0.25,rejected,84,0.17007969319820404,1.0,True
2,1,0.25,rejected,85,0.1651981621980667,1.0,True
2,1,0.25,rejected,86,0.15806612372398376,1.0,True
2,1,0.25,rejected,87,0.16642586886882782,1.0,True
2,1,0.25,rejected,88,0.17264540493488312,1.0,True
2,1,0.25,rejected,89,0.1652580350637436,1.0,True
2,1,0.25,rejected,90,0.18260256946086884,1.0,True
2,1,0.25,rejected,91,0.18349145352840424,1.0,True
2,1,0.25,rejected,92,0.1862836480140686,1.0,True
2,1,0.25,rejected,93,0.18784068524837494,1.0,True
2,1,0.25,rejected,94,0.16494879126548767,1.0,True
2,1,0.25,rejected,95,0.201267808675766,1.0,True
2,1,0.25,rejected,96,0.11031132191419601,1.0,True
2,1,0.25,rejected,97,0.1680956333875656,1.0,True
2,1,0.25,rejected,98,0.1619281768798828,1.0,True
2,1,0.25,rejected,99,0.19451071321964264,1.0,True
2,1,0.25,rejected,100,0.2006973922252655,1.0,True
2,1,0.25,rejected,101,0.20181520283222198,1.0,True
2,1,0.25,rejected,102,0.19442243874073029,1.0,True
2,1,0.25,rejected,103,0.16132211685180664,1.0,True
2,1,0.25,rejected,104,0.20669177174568176,1.0,True
2,1,0.25,rejected,105,0.2025548666715622,1.0,True
2,1,0.25,rejected,106,0.20983539521694183,1.0,True
2,1,0.25,rejected,107,0.20481355488300323,1.0,True
2,1,0.25,rejected,108,0.20351602137088776,1.0,True
2,1,0.25,rejected,109,0.17658120393753052,1.0,True
2,1,0.25,rejected,110,0.2055908590555191,1.0,True
2,1,0.25,rejected,111,0.1753588169813156,1.0,True
2,1,0.25,rejected,112,0.23301295936107635,1.0,True
2,1,0.25,rejected,113,0.2211422175168991,1.0,True
2,1,0.25,rejected,114,0.1317300647497177,1.0,True
2,1,0.25,rejected,115,0.14211665093898773,1.0,True
2,1,0.25,rejected,116,0.19180215895175934,1.0,True
2,1,0.25,rejected,117,0.22057689726352692,1.0,True
2,1,0.25,rejected,118,0.2169601023197174,1.0,True
2,1,0.25,rejected,119,0.22431044280529022,1.0,True
2,1,0.25,rejected,120,0.24744939804077148,1.0,True
2,1,0.25,rejected,121,0.2079952508211136,1.0,True
2,1,0.25,rejected,122,0.22222042083740234,1.0,True
2,1,0.25,rejected,123,0.20012019574642181,1.0,True
2,1,0.25,rejected,124,0.22302976250648499,1.0,True
2,1,0.25,rejected,125,0.23881003260612488,1.0,True
2,1,0.25,rejected,126,0.2503662407398224,1.0,True
2,1,0.25,rejected,127,0.23091495037078857,1.0,True
2,1,0.25,rejected,128,0.24918951094150543,1.0,True
2,1,0.25,rejected,129,0.2317550629377365,1.0,True
2,1,0.25,rejected,130,0.22905240952968597,1.0,True
2,1,0.25,rejected,131,0.24327127635478973,1.0,True
2,1,0.25,rejected,132,0.24286702275276184,1.0,True
2,1,0.25,rejected,133,0.24197831749916077,1.0,True
2,1,0.25,rejected,134,0.24209095537662506,1.0,True
2,1,0.25,rejected,135,0.2363242208957672,1.0,True
2,1,0.25,rejected,136,0.24651193618774414,1.0,True
2,1,0.25,rejected,137,0.231717050075531,1.0,True
2,1,0.25,rejected,138,0.10195710510015488,1.0,True
2,1,0.25,rejected,139,0.24464023113250732,1.0,True
2,1,0.25,rejected,140,0.23965142667293549,1.0,True
2,1,0.25,rejected,141,0.21766972541809082,1.0,True
2,1,0.25,rejected,142,0.2381068617105484,1.0,True
2,1,0.25,rejected,143,0.2490241527557373,1.0,True
2,1,0.25,rejected,144,0.24358423054218292,1.0,True
2,1,0.25,rejected,145,0.2578185498714447,1.0,True
2,1,0.25,rejected,146,0.24658437073230743,1.0,True
2,1,0.25,rejected,147,0.2602275013923645,1.0,True
2,1,0.25,rejected,148,0.25218749046325684,1.0,True
2,1,0.25,rejected,149,0.15891678631305695,1.0,True
2,1,0.25,rejected,150,0.2570868730545044,1.0,True
2,1,0.25,rejected,151,0.2543758749961853,1.0,True
2,1,0.25,rejected,152,0.2734202444553375,1.0,True
2,1,0.25,rejected,153,0.2743637263774872,1.0,True
2,1,0.25,rejected,154,0.2744610607624054,1.0,True
2,1,0.25,rejected,155,0.25403162837028503,1.0,True
2,1,0.25,rejected,156,0.20593543350696564,1.0,True
2,1,0.25,rejected,157,0.2602890729904175,1.0,True
2,1,0.25,rejected,158,0.27189546823501587,1.0,True
2,1,0.25,rejected,159,0.26301389932632446,1.0,True
2,1,0.25,rejected,160,0.23194609582424164,1.0,True
2,1,0.25,rejected,161,0.27424755692481995,1.0,True
2,1,0.25,rejected,162,0.13937850296497345,1.0,True
2,1,0.25,rejected,163,0.24765902757644653,1.0,True
2,1,0.25,rejected,164,0.25240209698677063,1.0,True
2,1,0.25,rejected,165,0.2750144302845001,1.0,True
2,1,0.25,rejected,166,0.2825303077697754,1.0,True
2,1,0.25,rejected,167,0.28421446681022644,1.0,True
2,1,0.25,rejected,168,0.2409237176179886,1.0,True
2,1,0.25,rejected,169,0.26931580901145935,1.0,True
2,1,0.25,rejected,170,0.2650514841079712,1.0,True
2,1,0.25,rejected,171,0.2367546111345291,1.0,True
2,1,0.25,rejected,172,0.28415268659591675,1.0,True
2,1,0.25,rejected,173,0.27558258175849915,1.0,True
2,1,0.25,rejected,174,0.2714777886867523,1.0,True
2,1,0.25,rejected,175,0.2852376103401184,1.0,True
2,1,0.25,rejected,176,0.29100438952445984,1.0,True
2,1,0.25,rejected,177,0.28248289227485657,1.0,True
2,1,0.25,rejected,178,0.20429307222366333,1.0,True
2,1,0.25,rejected,179,0.2801007330417633,1.0,True
2,1,0.25,rejected,180,0.2936326563358307,1.0,True
2,1,0.25,rejected,181,0.2807061970233917,1.0,True
2,1,0.25,rejected,182,0.28262948989868164,1.0,True
2,1,0.25,rejected,183,0.2934848666191101,1.0,True
2,1,0.25,rejected,184,0.2590646743774414,1.0,True
2,1,0.25,rejected,185,0.27162593603134155,1.0,True
2,1,0.25,rejected,186,0.27867579460144043,1.0,True
2,1,0.25,rejected,187,0.2859315872192383,1.0,True
2,1,0.25,rejected,188,0.27280452847480774,1.0,True
2,1,0.25,rejected,189,0.29232504963874817,1.0,True
2,1,0.25,rejected,190,0.26603102684020996,1.0,True
2,1,0.25,rejected,191,0.24579736590385437,1.0,True
2,1,0.25,rejected,192,0.2952827513217926,1.0,True
2,1,0.25,rejected,193,0.2807126045227051,1.0,True
2,1,0.25,rejected,194,0.2271026372909546,1.0,True
2,1,0.25,rejected,195,0.3165891766548157,1.0,True
2,1,0.25,rejected,196,0.30007925629615784,1.0,True
2,1,0.25,rejected,197,0.2894665598869324,1.0,True
2,1,0.25,rejected,198,0.28422749042510986,1.0,True
2,1,0.25,rejected,199,0.2864512503147125,1.0,True
2,1,0.25,rejected,200,0.3039896488189697,1.0,True
2,1,0.25,rejected,201,0.3023347556591034,1.0,True
2,1,0.25,rejected,202,0.25318995118141174,1.0,True
2,1,0.25,rejected,203,0.3011055290699005,1.0,True
2,1,0.25,rejected,204,0.26282232999801636,1.0,True
2,1,0.25,rejected,205,0.24390502274036407,1.0,True
2,1,0.25,rejected,206,0.3148452639579773,1.0,True
2,1,0.25,rejected,207,0.28604069352149963,1.0,True
2,1,0.25,rejected,208,0.3121318519115448,1.0,True
2,1,0.25,rejected,209,0.28772711753845215,1.0,True
2,1,0.25,rejected,210,0.30029454827308655,1.0,True
2,1,0.25,rejected,211,0.2948392629623413,1.0,True
2,1,0.25,rejected,212,0.3115275800228119,1.0,True
2,1,0.25,rejected,213,0.295317679643631,1.0,True
2,1,0.25,rejected,214,0.28095579147338867,1.0,True
2,1,0.25,rejected,215,0.3025932312011719,1.0,True
2,1,0.25,rejected,216,0.2849005162715912,1.0,True
2,1,0.25,rejected,217,0.26237156987190247,1.0,True
2,1,0.25,rejected,218,0.2769632041454315,1.0,True
2,1,0.25,rejected,219,0.2598842680454254,1.0,True
2,1,0.25,rejected,220,0.3047652840614319,1.0,True
2,1,0.25,rejected,221,0.3163948059082031,1.0,True
2,1,0.25,rejected,222,0.27755865454673767,1.0,True
2,1,0.25,rejected,223,0.31814971566200256,1.0,True
2,1,0.25,rejected,224,0.31814002990722656,1.0,True
2,1,0.25,rejected,225,0.32221081852912903,1.0,True
2,1,0.25,rejected,226,0.3155149519443512,1.0,True
2,1,0.25,rejected,227,0.30306223034858704,1.0,True
2,1,0.25,rejected,228,0.2961682975292206,1.0,True
2,1,0.25,rejected,229,0.31520697474479675,1.0,True
2,1,0.25,rejected,230,0.28152331709861755,1.0,True
2,1,0.25,rejected,231,0.3211481273174286,1.0,True
2,1,0.25,rejected,232,0.28703317046165466,1.0,True
2,1,0.25,rejected,233,0.3060935437679291,1.0,True
2,1,0.25,rejected,234,0.3216029703617096,1.0,True
2,1,0.25,rejected,235,0.31771188974380493,1.0,True
2,1,0.25,rejected,236,0.30493971705436707,1.0,True
2,1,0.25,rejected,237,0.30788174271583557,1.0,True
2,1,0.25,rejected,238,0.3225933015346527,1.0,True
2,1,0.25,rejected,239,0.3022494316101074,1.0,True
2,1,0.25,rejected,240,0.33040088415145874,1.0,True
2,1,0.25,rejected,241,0.3163779079914093,1.0,True
2,1,0.25,rejected,242,0.3257155418395996,1.0,True
2,1,0.25,rejected,243,0.28587597608566284,1.0,True
2,1,0.25,rejected,244,0.3326672315597534,1.0,True
2,1,0.25,rejected,245,0.3126061260700226,1.0,True
2,1,0.25,rejected,246,0.2079460471868515,1.0,True
2,1,0.25,rejected,247,0.2799181044101715,1.0,True
2,1,0.25,rejected,248,0.194820374250412,1.0,True
2,1,0.25,rejected,249,0.3432743549346924,1.0,True
2,1,0.25,rejected,250,0.3297650218009949,1.0,True
2,1,0.25,rejected,251,0.16878703236579895,1.0,True
2,1,0.25,rejected,252,0.30116525292396545,1.0,True
2,1,0.25,rejected,253,0.3315068185329437,1.0,True
2,1,0.25,rejected,254,0.33677613735198975,1.0,True
2,1,0.25,rejected,255,0.3245212137699127,1.0,True
2,1,0.25,rejected,256,0.3355924189090729,1.0,True
2,1,0.25,rejected,257,0.3288153409957886,1.0,True
2,1,0.25,rejected,258,0.2996731698513031,1.0,True
2,1,0.25,rejected,259,0.3167317509651184,1.0,True
2,1,0.25,rejected,260,0.3368660509586334,1.0,True
2,1,0.25,rejected,261,0.32785719633102417,1.0,True
2,1,0.25,rejected,262,0.2500884532928467,1.0,True
2,1,0.25,rejected,263,0.3451928496360779,1.0,True
2,1,0.25,rejected,264,0.3168380558490753,1.0,True
2,1,0.25,rejected,265,0.3169855773448944,1.0,True
2,1,0.25,rejected,266,0.3399202227592468,1.0,True
2,1,0.25,rejected,267,0.33183956146240234,1.0,True
2,1,0.25,rejected,268,0.3363742530345917,1.0,True
2,1,0.25,rejected,269,0.3416061997413635,1.0,True
2,1,0.25,rejected,270,0.2688139081001282,1.0,True
2,1,0.25,rejected,271,0.35335326194763184,1.0,True
2,1,0.25,rejected,272,0.334631085395813,1.0,True
2,1,0.25,rejected,273,0.13476961851119995,1.0,True
2,1,0.25,rejected,274,0.2370736449956894,1.0,True
2,1,0.25,rejected,275,0.30905255675315857,1.0,True
2,1,0.25,rejected,276,0.3185674846172333,1.0,True
2,1,0.25,rejected,277,0.2887970507144928,1.0,True
2,1,0.25,rejected,278,0.32148274779319763,1.0,True
2,1,0.25,rejected,279,0.33866086602211,1.0,True
2,1,0.25,rejected,280,0.3468533754348755,1.0,True
2,1,0.25,rejected,281,0.34602871537208557,1.0,True
2,1,0.25,rejected,282,0.3244816064834595,1.0,True
2,1,0.25,rejected,283,0.3404678702354431,1.0,True
2,1,0.25,rejected,284,0.3318294286727905,1.0,True
2,1,0.25,rejected,285,0.3388288617134094,1.0,True
2,1,0.25,rejected,286,0.32453855872154236,1.0,True
2,1,0.25,rejected,287,0.35695430636405945,1.0,True
2,1,0.25,rejected,288,0.3341361880302429,1.0,True
2,1,0.25,rejected,289,0.3425731956958771,1.0,True
2,1,0.25,rejected,290,0.31249284744262695,1.0,True
2,1,0.25,rejected,291,0.34641963243484497,1.0,True
2,1,0.25,rejected,292,0.33145371079444885,1.0,True
2,1,0.25,rejected,293,0.31802111864089966,1.0,True
2,1,0.25,rejected,294,0.3615465462207794,1.0,True
2,1,0.25,rejected,295,0.3343057334423065,1.0,True
2,1,0.25,rejected,296,0.1770925223827362,1.0,True
2,1,0.25,rejected,297,0.3233990967273712,1.0,True
2,1,0.25,rejected,298,0.3486575186252594,1.0,True
2,1,0.25,rejected,299,0.31666406989097595,1.0,True
2,1,0.25,rejected,300,0.34580570459365845,1.0,True
2,1,0.25,rejected,301,0.347624272108078,1.0,True
2,1,0.25,rejected,302,0.34755533933639526,1.0,True
2,1,0.25,rejected,303,0.3436267673969269,1.0,True
2,1,0.25,rejected,304,0.3379124402999878,1.0,True
2,1,0.25,rejected,305,0.35885754227638245,1.0,True
2,1,0.25,rejected,306,0.3447585999965668,1.0,True
2,1,0.25,rejected,307,0.30603864789009094,1.0,True
2,1,0.25,rejected,308,0.3427862524986267,1.0,True
2,1,0.25,rejected,309,0.3376469612121582,1.0,True
2,1,0.25,rejected,310,0.3655223846435547,1.0,True
2,1,0.25,rejected,311,0.3591136336326599,1.0,True
2,1,0.25,rejected,312,0.31758949160575867,1.0,True
2,1,0.25,rejected,313,0.3325453996658325,1.0,True
2,1,0.25,rejected,314,0.3422492444515228,1.0,True
2,1,0.25,rejected,315,0.34860166907310486,1.0,True
2,1,0.25,rejected,316,0.34772375226020813,1.0,True
2,1,0.25,rejected,317,0.17650443315505981,1.0,True
2,1,0.25,rejected,318,0.35940414667129517,1.0,True
2,1,0.25,rejected,319,0.34687983989715576,1.0,True
2,1,0.25,rejected,320,0.3461739420890808,1.0,True
2,1,0.25,rejected,321,0.2897261679172516,1.0,True
2,1,0.25,rejected,322,0.3411543369293213,1.0,True
2,1,0.25,rejected,323,0.31402960419654846,1.0,True
2,1,0.25,rejected,324,0.30866846442222595,1.0,True
2,1,0.25,rejected,325,0.3280460834503174,1.0,True
2,1,0.25,rejected,326,0.3214704990386963,1.0,True
2,1,0.25,rejected,327,0.34829458594322205,1.0,True
2,1,0.25,rejected,328,0.3476375341415405,1.0,True
2,1,0.25,rejected,329,0.3150062561035156,1.0,True
2,1,0.25,rejected,330,0.3477635383605957,1.0,True
2,1,0.25,rejected,331,0.3416765630245209,1.0,True
2,1,0.25,rejected,332,0.332669734954834,1.0,True
2,1,0.25,rejected,333,0.3586084544658661,1.0,True
2,1,0.25,rejected,334,0.33472558856010437,1.0,True
2,1,0.25,rejected,335,0.3613714575767517,1.0,True
2,1,0.25,rejected,336,0.31189143657684326,1.0,True
2,1,0.25,rejected,337,0.36521297693252563,1.0,True
2,1,0.25,rejected,338,0.32636603713035583,1.0,True
2,1,0.25,rejected,339,0.32541996240615845,1.0,True
2,1,0.25,rejected,340,0.3390137255191803,1.0,True
2,1,0.25,rejected,341,0.353160560131073,1.0,True
2,1,0.25,rejected,342,0.03943246975541115,1.0,True
2,1,0.25,rejected,343,0.35248085856437683,1.0,True
2,1,0.25,rejected,344,0.3741719424724579,1.0,True
2,1,0.25,rejected,345,0.3605480194091797,1.0,True
2,1,0.25,rejected,346,0.34405961632728577,1.0,True
2,1,0.25,rejected,347,0.3442801833152771,1.0,True
2,1,0.25,rejected,348,0.32795724272727966,1.0,True
2,1,0.25,rejected,349,0.303755521774292,1.0,True
2,1,0.25,rejected,350,0.3662467896938324,1.0,True
2,1,0.25,rejected,351,0.3349018394947052,1.0,True
2,1,0.25,rejected,352,0.35652971267700195,1.0,True
2,1,0.25,rejected,353,0.34733134508132935,1.0,True
2,1,0.25,rejected,354,0.3498552441596985,1.0,True
2,1,0.25,rejected,355,0.3609112799167633,1.0,True
2,1,0.25,rejected,356,0.3162463903427124,1.0,True
2,1,0.25,rejected,357,0.3708072006702423,1.0,True
2,1,0.25,rejected,358,0.28147608041763306,1.0,True
2,1,0.25,rejected,359,0.3643891215324402,1.0,True
2,1,0.25,rejected,360,0.32096439599990845,1.0,True
2,1,0.25,rejected,361,0.35254135727882385,1.0,True
2,1,0.25,rejected,362,0.3593780994415283,1.0,True
2,1,0.25,rejected,363,0.3298732042312622,1.0,True
2,1,0.25,rejected,364,0.3552413284778595,1.0,True
2,1,0.25,rejected,365,0.3422074615955353,1.0,True
2,1,0.25,rejected,366,0.23560591042041779,1.0,True
2,1,0.25,rejected,367,0.3479161560535431,1.0,True
2,1,0.25,rejected,368,0.3542994260787964,1.0,True
2,1,0.25,rejected,369,0.3627733588218689,1.0,True
2,1,0.25,rejected,370,0.3361087143421173,1.0,True
2,1,0.25,rejected,371,0.33380621671676636,1.0,True
2,1,0.25,rejected,372,0.35893967747688293,1.0,True
2,1,0.25,rejected,373,0.35940277576446533,1.0,True
2,1,0.25,rejected,374,0.35582318902015686,1.0,True
2,1,0.25,rejected,375,0.2915944457054138,1.0,True
2,1,0.25,rejected,376,0.36395710706710815,1.0,True
2,1,0.25,rejected,377,0.3651057183742523,1.0,True
2,1,0.25,rejected,378,0.33535054326057434,1.0,True
2,1,0.25,rejected,379,0.3851830065250397,1.0,True
2,1,0.25,rejected,380,0.36122119426727295,1.0,True
2,1,0.25,rejected,381,0.368075966835022,1.0,True
2,1,0.25,rejected,382,0.3723011016845703,1.0,True
2,1,0.25,rejected,383,0.32775840163230896,1.0,True
2,1,0.25,rejected,384,0.37847861647605896,1.0,True
2,1,0.25,rejected,385,0.37995555996894836,1.0,True
2,1,0.25,rejected,386,0.36638373136520386,1.0,True
2,1,0.25,rejected,387,0.37349456548690796,1.0,True
2,1,0.25,rejected,388,0.3795354664325714,1.0,True
2,1,0.25,rejected,389,0.35382533073425293,1.0,True
2,1,0.25,rejected,390,0.3725000023841858,1.0,True
2,1,0.25,rejected,391,0.37514665722846985,1.0,True
2,1,0.25,rejected,392,0.3709741532802582,1.0,True
2,1,0.25,rejected,393,0.3235015273094177,1.0,True
2,1,0.25,rejected,394,0.3724275231361389,1.0,True
2,1,0.25,rejected,395,0.3111380338668823,1.0,True
2,1,0.25,rejected,396,0.39198824763298035,1.0,True
2,1,0.25,rejected,397,0.38264358043670654,1.0,True
2,1,0.25,rejected,398,0.3350321352481842,1.0,False
2,1,0.25,rejected,399,0.32775214314460754,1.0,True
2,1,0.25,rejected,400,0.36521995067596436,1.0,True
2,1,0.25,rejected,401,0.37259945273399353,1.0,True
2,1,0.25,rejected,402,0.21354511380195618,1.0,True
2,1,0.25,rejected,403,0.35172197222709656,1.0,True
2,1,0.25,rejected,404,0.37535569071769714,1.0,True
2,1,0.25,rejected,405,0.3821606934070587,1.0,True
2,1,0.25,rejected,406,0.3730872869491577,1.0,True
2,1,0.25,rejected,407,0.36940664052963257,1.0,True
2,1,0.25,rejected,408,0.3413560688495636,1.0,True
2,1,0.25,rejected,409,0.38064032793045044,1.0,True
2,1,0.25,rejected,410,0.3630322217941284,1.0,True
2,1,0.25,rejected,411,0.37655749917030334,1.0,True
2,1,0.25,rejected,412,0.3775283396244049,1.0,True
2,1,0.25,rejected,413,0.37331080436706543,1.0,True
2,1,0.25,rejected,414,0.3303303122520447,1.0,True
2,1,0.25,rejected,415,0.32562610507011414,1.0,True
2,1,0.25,rejected,416,0.25837382674217224,1.0,True
2,1,0.25,rejected,417,0.3628314733505249,1.0,True
2,1,0.25,rejected,418,0.2333376258611679,1.0,True
2,1,0.25,rejected,419,0.26597216725349426,1.0,True
2,1,0.25,rejected,420,0.3771483302116394,1.0,True
2,1,0.25,rejected,421,0.37565645575523376,1.0,True
2,1,0.25,rejected,422,0.3711298406124115,1.0,True
2,1,0.25,rejected,423,0.37228405475616455,1.0,True
2,1,0.25,rejected,424,0.37955284118652344,1.0,True
2,1,0.25,rejected,425,0.37311434745788574,1.0,True
2,1,0.25,rejected,426,0.2798444330692291,1.0,True
2,1,0.25,rejected,427,0.37259945273399353,1.0,True
2,1,0.25,rejected,428,0.37112417817115784,1.0,True
2,1,0.25,rejected,429,0.36603307723999023,1.0,True
2,1,0.25,rejected,430,0.3513733148574829,1.0,True
2,1,0.25,rejected,431,0.3742547333240509,1.0,True
2,1,0.25,rejected,432,0.3521556258201599,1.0,True
2,1,0.25,rejected,433,0.39074161648750305,1.0,True
2,1,0.25,rejected,434,0.3750136196613312,1.0,True
2,1,0.25,rejected,435,0.3910219371318817,1.0,True
2,1,0.25,rejected,436,0.3777127265930176,1.0,True
2,1,0.25,rejected,437,0.366874635219574,1.0,True
2,1,0.25,rejected,438,0.37530556321144104,1.0,True
2,1,0.25,rejected,439,0.3254348635673523,1.0,True
2,1,0.25,rejected,440,0.28127750754356384,1.0,True
2,1,0.25,rejected,441,0.39542752504348755,1.0,True
2,1,0.25,rejected,442,0.3722357749938965,1.0,True
2,1,0.25,rejected,443,0.3819173574447632,1.0,True
2,1,0.25,rejected,444,0.367816299200058,1.0,True
2,1,0.25,rejected,445,0.3633494973182678,1.0,True
2,1,0.25,rejected,446,0.3616941571235657,1.0,True
2,1,0.25,rejected,447,0.37310153245925903,1.0,True
2,1,0.25,rejected,448,0.3445456027984619,1.0,True
2,1,0.25,rejected,449,0.38564759492874146,1.0,True
2,1,0.25,rejected,450,0.3888576924800873,1.0,True
2,1,0.25,rejected,451,0.38069260120391846,1.0,True
2,1,0.25,rejected,452,0.3924880027770996,1.0,True
2,1,0.25,rejected,453,0.3863426148891449,1.0,True
2,1,0.25,rejected,454,0.3655475080013275,1.0,True
2,1,0.25,rejected,455,0.3636504113674164,1.0,True
2,1,0.25,rejected,456,0.3863440752029419,1.0,True
2,1,0.25,rejected,457,0.3970796763896942,1.0,True
2,1,0.25,rejected,458,0.3706035614013672,1.0,True
2,1,0.25,rejected,459,0.3948216140270233,1.0,True
2,1,0.25,rejected,460,0.37452465295791626,1.0,True
2,1,0.25,rejected,461,0.39219316840171814,1.0,True
2,1,0.25,rejected,462,0.3598335385322571,1.0,True
2,1,0.25,rejected,463,0.38298091292381287,1.0,True
2,1,0.25,rejected,464,0.39473575353622437,1.0,True
2,1,0.25,rejected,465,0.2947785258293152,1.0,True
2,1,0.25,rejected,466,0.37404921650886536,1.0,True
2,1,0.25,rejected,467,0.39823558926582336,1.0,True
2,1,0.25,rejected,468,0.3838936388492584,1.0,True
2,1,0.25,rejected,469,0.12754572927951813,1.0,True
2,1,0.25,rejected,470,0.15366651117801666,1.0,True
2,1,0.25,rejected,471,0.39128607511520386,1.0,True
2,1,0.25,rejected,472,0.37163418531417847,1.0,True
2,1,0.25,rejected,473,0.37606939673423767,1.0,True
2,1,0.25,rejected,474,0.37626171112060547,1.0,True
2,1,0.25,rejected,475,0.3749663829803467,1.0,True
2,1,0.25,rejected,476,0.3523625433444977,1.0,True
2,1,0.25,rejected,477,0.3990096151828766,1.0,True
2,1,0.25,rejected,478,0.3851154148578644,1.0,True
2,1,0.25,rejected,479,0.3981657028198242,1.0,True
2,1,0.25,rejected,480,0.18114697933197021,1.0,True
2,1,0.25,rejected,481,0.366148978471756,1.0,True
2,1,0.25,rejected,482,0.4170401692390442,1.0,True
2,1,0.25,rejected,483,0.3775528371334076,1.0,True
2,1,0.25,rejected,484,0.3901920020580292,1.0,True
2,1,0.25,rejected,485,0.40289759635925293,1.0,True
2,1,0.25,rejected,486,0.39536115527153015,1.0,True
2,1,0.25,rejected,487,0.310192346572876,1.0,True
2,1,0.25,rejected,488,0.39502495527267456,1.0,True
2,1,0.25,rejected,489,0.31255006790161133,1.0,True
2,1,0.25,rejected,490,0.39549994468688965,1.0,True
2,1,0.25,rejected,491,0.39276957511901855,1.0,True
2,1,0.25,rejected,492,0.3871614336967468,1.0,True
2,1,0.25,rejected,493,0.40168678760528564,1.0,True
2,1,0.25,rejected,494,0.37995848059654236,1.0,True
2,1,0.25,rejected,495,0.39623838663101196,1.0,True
2,1,0.25,rejected,496,0.3843156397342682,1.0,True
2,1,0.25,rejected,497,0.40545082092285156,1.0,True
2,1,0.25,rejected,498,0.4040057063102722,1.0,True
2,1,0.25,rejected,499,0.39936286211013794,1.0,True
2,1,0.25,rejected,500,0.3953626751899719,1.0,True
2,2,0.20499999821186066,accepted,1,0.06759963184595108,1.0,True
2,2,0.20499999821186066,accepted,2,0.0669945478439331,1.0,True
2,2,0.20499999821186066,accepted,3,0.06371112912893295,1.0,True
2,2,0.20499999821186066,accepted,4,0.06156283989548683,1.0,True
2,2,0.20499999821186066,accepted,5,0.06976183503866196,1.0,True
2,2,0.20499999821186066,accepted,6,0.0681506097316742,1.0,True
2,2,0.20499999821186066,accepted,7,0.06051269918680191,1.0,True
2,2,0.20499999821186066,accepted,8,0.06665283441543579,1.0,True
2,2,0.20499999821186066,accepted,9,0.07257349044084549,1.0,True
2,2,0.20499999821186066,accepted,10,0.07362572103738785,1.0,True
2,2,0.20499999821186066,accepted,11,0.061943989247083664,1.0,True
2,2,0.20499999821186066,accepted,12,0.05861244350671768,1.0,True
2,2,0.20499999821186066,accepted,13,0.05665471777319908,1.0,True
2,2,0.20499999821186066,accepted,14,0.06171514466404915,1.0,True
2,2,0.20499999821186066,accepted,15,0.07143376022577286,1.0,True
2,2,0.20499999821186066,accepted,16,0.0755847692489624,1.0,True
2,2,0.20499999821186066,accepted,17,0.07666384428739548,1.0,True
2,2,0.20499999821186066,accepted,18,0.0849425420165062,1.0,True
2,2,0.20499999821186066,accepted,19,0.08742736279964447,1.0,True
2,2,0.20499999821186066,accepted,20,0.08679665625095367,1.0,True
2,2,0.20499999821186066,accepted,21,0.10673891007900238,1.0,True
2,2,0.20499999821186066,accepted,22,0.11479952931404114,1.0,True
2,2,0.20499999821186066,accepted,23,0.10521724075078964,1.0,True
2,2,0.20499999821186066,accepted,24,0.12373855710029602,1.0,True
2,2,0.20499999821186066,accepted,25,0.12392845004796982,1.0,True
2,2,0.20499999821186066,accepted,26,0.13114944100379944,1.0,True
2,2,0.20499999821186066,accepted,27,0.14255428314208984,1.0,True
2,2,0.20499999821186066,accepted,28,0.14051614701747894,1.0,True
2,2,0.20499999821186066,accepted,29,0.15525443851947784,1.0,True
2,2,0.20499999821186066,accepted,30,0.16379131376743317,1.0,True
2,2,0.20499999821186066,accepted,31,0.17216725647449493,1.0,True
2,2,0.20499999821186066,accepted,32,0.1733495444059372,1.0,True
2,2,0.20499999821186066,accepted,33,0.18513105809688568,1.0,True
2,2,0.20499999821186066,accepted,34,0.18428482115268707,1.0,True
2,2,0.20499999821186066,accepted,35,0.17327946424484253,1.0,True
2,2,0.20499999821186066,accepted,36,0.18276633322238922,1.0,True
2,2,0.20499999821186066,accepted,37,0.18881484866142273,1.0,True
2,2,0.20499999821186066,accepted,38,0.20482370257377625,1.0,True
2,2,0.20499999821186066,accepted,39,0.19765974581241608,1.0,True
2,2,0.20499999821186066,accepted,40,0.18335013091564178,1.0,True
2,2,0.20499999821186066,accepted,41,0.18691715598106384,1.0,True
2,2,0.20499999821186066,accepted,42,0.21939533948898315,1.0,True
2,2,0.20499999821186066,accepted,43,0.21104837954044342,1.0,True
2,2,0.20499999821186066,accepted,44,0.22680224478244781,1.0,True
2,2,0.20499999821186066,accepted,45,0.21942253410816193,1.0,True
2,2,0.20499999821186066,accepted,46,0.2086898684501648,1.0,True
2,2,0.20499999821186066,accepted,47,0.20987862348556519,1.0,True
2,2,0.20499999821186066,accepted,48,0.22836491465568542,1.0,True
2,2,0.20499999821186066,accepted,49,0.22180289030075073,1.0,True
2,2,0.20499999821186066,accepted,50,0.23014897108078003,1.0,True
2,2,0.20499999821186066,accepted,51,0.22531384229660034,1.0,True
2,2,0.20499999821186066,accepted,52,0.258089154958725,1.0,True
2,2,0.20499999821186066,accepted,53,0.17527388036251068,1.0,True
2,2,0.20499999821186066,accepted,54,0.24917668104171753,1.0,True
2,2,0.20499999821186066,accepted,55,0.2506644129753113,1.0,True
2,2,0.20499999821186066,accepted,56,0.256025493144989,1.0,True
2,2,0.20499999821186066,accepted,57,0.25887054204940796,1.0,True
2,2,0.20499999821186066,accepted,58,0.2501056492328644,1.0,True
2,2,0.20499999821186066,accepted,59,0.23623408377170563,1.0,True
2,2,0.20499999821186066,accepted,60,0.27024924755096436,1.0,True
2,2,0.20499999821186066,accepted,61,0.26532411575317383,1.0,True
2,2,0.20499999821186066,accepted,62,0.2736404240131378,1.0,True
2,2,0.20499999821186066,accepted,63,0.26229849457740784,1.0,True
2,2,0.20499999821186066,accepted,64,0.2765008211135864,1.0,True
2,2,0.20499999821186066,accepted,65,0.2755410373210907,1.0,True
2,2,0.20499999821186066,accepted,66,0.27859076857566833,1.0,True
2,2,0.20499999821186066,accepted,67,0.28588029742240906,1.0,True
2,2,0.20499999821186066,accepted,68,0.28965210914611816,1.0,True
2,2,0.20499999821186066,accepted,69,0.2520412802696228,1.0,True
2,2,0.20499999821186066,accepted,70,0.29299208521842957,1.0,True
2,2,0.20499999821186066,accepted,71,0.281027615070343,1.0,True
2,2,0.20499999821186066,accepted,72,0.30224019289016724,1.0,True
2,2,0.20499999821186066,accepted,73,0.3033924400806427,1.0,True
2,2,0.20499999821186066,accepted,74,0.2933197617530823,1.0,True
2,2,0.20499999821186066,accepted,75,0.2998543977737427,1.0,True
2,2,0.20499999821186066,accepted,76,0.3168380558490753,1.0,True
2,2,0.20499999821186066,accepted,77,0.30502814054489136,1.0,True
2,2,0.20499999821186066,accepted,78,0.29840579628944397,1.0,True
2,2,0.20499999821186066,accepted,79,0.3010016083717346,1.0,True
2,2,0.20499999821186066,accepted,80,0.3088356852531433,1.0,True
2,2,0.20499999821186066,accepted,81,0.3045584261417389,1.0,True
2,2,0.20499999821186066,accepted,82,0.3201121687889099,1.0,True
2,2,0.20499999821186066,accepted,83,0.30723702907562256,1.0,True
2,2,0.20499999821186066,accepted,84,0.2940451502799988,1.0,True
2,2,0.20499999821186066,accepted,85,0.2769061326980591,1.0,True
2,2,0.20499999821186066,accepted,86,0.3231894373893738,1.0,True
2,2,0.20499999821186066,accepted,87,0.32004010677337646,1.0,True
2,2,0.20499999821186066,accepted,88,0.2987349331378937,1.0,True
2,2,0.20499999821186066,accepted,89,0.31362438201904297,1.0,True
2,2,0.20499999821186066,accepted,90,0.3037954866886139,1.0,True
2,2,0.20499999821186066,accepted,91,0.31901317834854126,1.0,True
2,2,0.20499999821186066,accepted,92,0.2824241518974304,1.0,True
2,2,0.20499999821186066,accepted,93,0.33591777086257935,1.0,True
2,2,0.20499999821186066,accepted,94,0.28950849175453186,1.0,True
2,2,0.20499999821186066,accepted,95,0.31622588634490967,1.0,True
2,2,0.20499999821186066,accepted,96,0.3295939564704895,1.0,True
2,2,0.20499999821186066,accepted,97,0.34179258346557617,1.0,True
2,2,0.20499999821186066,accepted,98,0.35838010907173157,1.0,True
2,2,0.20499999821186066,accepted,99,0.32508620619773865,1.0,True
2,2,0.20499999821186066,accepted,100,0.3491100072860718,1.0,True
2,2,0.20499999821186066,accepted,101,0.35005152225494385,1.0,True
2,2,0.20499999821186066,accepted,102,0.3522201180458069,1.0,True
2,2,0.20499999821186066,accepted,103,0.3524680733680725,1.0,True
2,2,0.20499999821186066,accepted,104,0.3579811155796051,1.0,True
2,2,0.20499999821186066,accepted,105,0.36279410123825073,1.0,True
2,2,0.20499999821186066,accepted,106,0.32696792483329773,1.0,True
2,2,0.20499999821186066,accepted,107,0.3583308756351471,1.0,True
2,2,0.20499999821186066,accepted,108,0.3554399311542511,1.0,True
2,2,0.20499999821186066,accepted,109,0.34571337699890137,1.0,True
2,2,0.20499999821186066,accepted,110,0.3510048985481262,1.0,True
2,2,0.20499999821186066,accepted,111,0.3526160418987274,1.0,True
2,2,0.20499999821186066,accepted,112,0.36796367168426514,1.0,True
2,2,0.20499999821186066,accepted,113,0.35239753127098083,1.0,True
2,2,0.20499999821186066,accepted,114,0.37422192096710205,1.0,False
2,2,0.20499999821186066,accepted,115,0.3561219274997711,1.0,False
2,2,0.20499999821186066,accepted,116,0.2758792042732239,1.0,True
2,2,0.20499999821186066,accepted,117,0.35860300064086914,1.0,True
2,2,0.20499999821186066,accepted,118,0.36478620767593384,1.0,True
2,2,0.20499999821186066,accepted,119,0.35936644673347473,1.0,True
2,2,0.20499999821186066,accepted,120,0.3694559633731842,1.0,True
2,2,0.20499999821186066,accepted,121,0.3788621127605438,1.0,True
2,2,0.20499999821186066,accepted,122,0.3624054193496704,1.0,True
2,2,0.20499999821186066,accepted,123,0.37166041135787964,1.0,True
2,2,0.20499999821186066,accepted,124,0.383257120847702,1.0,True
2,2,0.20499999821186066,accepted,125,0.29254648089408875,1.0,True
2,2,0.20499999821186066,accepted,126,0.37865620851516724,1.0,True
2,2,0.20499999821186066,accepted,127,0.3778381049633026,1.0,True
2,2,0.20499999821186066,accepted,128,0.3788917362689972,1.0,True
2,2,0.20499999821186066,accepted,129,0.3569311499595642,1.0,True
2,2,0.20499999821186066,accepted,130,0.3815038204193115,1.0,True
2,2,0.20499999821186066,accepted,131,0.3904518187046051,1.0,True
2,2,0.20499999821186066,accepted,132,0.38599348068237305,1.0,True
2,2,0.20499999821186066,accepted,133,0.39086464047431946,1.0,True
2,2,0.20499999821186066,accepted,134,0.3918873369693756,1.0,True
2,2,0.20499999821186066,accepted,135,0.37021923065185547,1.0,True
2,2,0.20499999821186066,accepted,136,0.3606855869293213,1.0,True
2,2,0.20499999821186066,accepted,137,0.3739907145500183,1.0,True
2,2,0.20499999821186066,accepted,138,0.38259175419807434,1.0,True
2,2,0.20499999821186066,accepted,139,0.38602733612060547,1.0,True
2,2,0.20499999821186066,accepted,140,0.39032599329948425,1.0,True
2,2,0.20499999821186066,accepted,141,0.34293797612190247,1.0,True
2,2,0.20499999821186066,accepted,142,0.39708423614501953,1.0,True
2,2,0.20499999821186066,accepted,143,0.3905508816242218,1.0,True
2,2,0.20499999821186066,accepted,144,0.3905523717403412,1.0,True
2,2,0.20499999821186066,accepted,145,0.3972751498222351,1.0,True
2,2,0.20499999821186066,accepted,146,0.4011630713939667,1.0,True
2,2,0.20499999821186066,accepted,147,0.39266470074653625,1.0,True
2,2,0.20499999821186066,accepted,148,0.39298540353775024,1.0,True
2,2,0.20499999821186066,accepted,149,0.39625275135040283,1.0,True
2,2,0.20499999821186066,accepted,150,0.3837830722332001,1.0,True
2,2,0.20499999821186066,accepted,151,0.4114933907985687,1.0,True
2,2,0.20499999821186066,accepted,152,0.3949812650680542,1.0,True
2,2,0.20499999821186066,accepted,153,0.3966951370239258,1.0,True
2,2,0.20499999821186066,accepted,154,0.4118278920650482,1.0,True
2,2,0.20499999821186066,accepted,155,0.31076911091804504,1.0,True
2,2,0.20499999821186066,accepted,156,0.4030497968196869,1.0,True
2,2,0.20499999821186066,accepted,157,0.40910258889198303,1.0,True
2,2,0.20499999821186066,accepted,158,0.3893950283527374,1.0,True
2,2,0.20499999821186066,accepted,159,0.4097554683685303,1.0,True
2,2,0.20499999821186066,accepted,160,0.41772958636283875,1.0,True
2,2,0.20499999821186066,accepted,161,0.39977213740348816,1.0,True
2,2,0.20499999821186066,accepted,162,0.4055823087692261,1.0,True
2,2,0.20499999821186066,accepted,163,0.41084563732147217,1.0,True
2,2,0.20499999821186066,accepted,164,0.39004766941070557,1.0,True
2,2,0.20499999821186066,accepted,165,0.4036329388618469,1.0,True
2,2,0.20499999821186066,accepted,166,0.39322009682655334,1.0,True
2,2,0.20499999821186066,accepted,167,0.40945544838905334,1.0,True
2,2,0.20499999821186066,accepted,168,0.3957595229148865,1.0,True
2,2,0.20499999821186066,accepted,169,0.40353208780288696,1.0,True
2,2,0.20499999821186066,accepted,170,0.3999147415161133,1.0,True
2,2,0.20499999821186066,accepted,171,0.3844461143016815,1.0,True
2,2,0.20499999821186066,accepted,172,0.4256972670555115,1.0,True
2,2,0.20499999821186066,accepted,173,0.4314157962799072,1.0,True
2,2,0.20499999821186066,accepted,174,0.42141562700271606,1.0,True
2,2,0.20499999821186066,accepted,175,0.4183994233608246,1.0,True
2,2,0.20499999821186066,accepted,176,0.37896257638931274,1.0,True
2,2,0.20499999821186066,accepted,177,0.40282920002937317,1.0,True
2,2,0.20499999821186066,accepted,178,0.4188161790370941,1.0,True
2,2,0.20499999821186066,accepted,179,0.39648333191871643,1.0,True
2,2,0.20499999821186066,accepted,180,0.40796107053756714,1.0,True
2,2,0.20499999821186066,accepted,181,0.42910072207450867,1.0,True
2,2,0.20499999821186066,accepted,182,0.4132978022098541,1.0,True
2,2,0.20499999821186066,accepted,183,0.4222443103790283,1.0,True
2,2,0.20499999821186066,accepted,184,0.42288991808891296,1.0,True
2,2,0.20499999821186066,accepted,185,0.40739965438842773,1.0,True
2,2,0.20499999821186066,accepted,186,0.42409831285476685,1.0,True
2,2,0.20499999821186066,accepted,187,0.377573698759079,1.0,True
2,2,0.20499999821186066,accepted,188,0.3830086588859558,1.0,True
2,2,0.20499999821186066,accepted,189,0.41302356123924255,1.0,True
2,2,0.20499999821186066,accepted,190,0.39557990431785583,1.0,True
2,2,0.20499999821186066,accepted,191,0.39277634024620056,1.0,True
2,2,0.20499999821186066,accepted,192,0.41833317279815674,1.0,True
2,2,0.20499999821186066,accepted,193,0.39432939887046814,1.0,True
2,2,0.20499999821186066,accepted,194,0.415129154920578,1.0,True
2,2,0.20499999821186066,accepted,195,0.4297953248023987,1.0,True
2,2,0.20499999821186066,accepted,196,0.37065163254737854,1.0,True
2,2,0.20499999821186066,accepted,197,0.428457111120224,1.0,True
2,2,0.20499999821186066,accepted,198,0.42668089270591736,1.0,True
2,2,0.20499999821186066,accepted,199,0.4303490221500397,1.0,True
2,2,0.20499999821186066,accepted,200,0.41477376222610474,1.0,True
2,2,0.20499999821186066,accepted,201,0.4312380850315094,1.0,True
2,2,0.20499999821186066,accepted,202,0.42194241285324097,1.0,True
2,2,0.20499999821186066,accepted,203,0.43038350343704224,1.0,True
2,2,0.20499999821186066,accepted,204,0.4299166798591614,1.0,True
2,2,0.20499999821186066,accepted,205,0.40095576643943787,1.0,True
2,2,0.20499999821186066,accepted,206,0.409268856048584,1.0,True
2,2,0.20499999821186066,accepted,207,0.4325272738933563,1.0,True
2,2,0.20499999821186066,accepted,208,0.4391818940639496,1.0,False
2,2,0.20499999821186066,accepted,209,0.4255836009979248,1.0,True
2,2,0.20499999821186066,accepted,210,0.4282953143119812,1.0,True
2,2,0.20499999821186066,accepted,211,0.41732504963874817,1.0,True
2,2,0.20499999821186066,accepted,212,0.42112231254577637,1.0,True
2,2,0.20499999821186066,accepted,213,0.400394082069397,1.0,True
2,2,0.20499999821186066,accepted,214,0.44429612159729004,1.0,True
2,2,0.20499999821186066,accepted,215,0.43233922123908997,1.0,True
2,2,0.20499999821186066,accepted,216,0.4458257853984833,1.0,True
2,2,0.20499999821186066,accepted,217,0.44702383875846863,1.0,True
2,2,0.20499999821186066,accepted,218,0.4322732388973236,1.0,True
2,2,0.20499999821186066,accepted,219,0.4350125789642334,1.0,True
2,2,0.20499999821186066,accepted,220,0.4211616814136505,1.0,True
2,2,0.20499999821186066,accepted,221,0.4073126018047333,1.0,True
2,2,0.20499999821186066,accepted,222,0.38391339778900146,1.0,True
2,2,0.20499999821186066,accepted,223,0.41929253935813904,1.0,True
2,2,0.20499999821186066,accepted,224,0.43229880928993225,1.0,True
2,2,0.20499999821186066,accepted,225,0.4408991038799286,1.0,True
2,2,0.20499999821186066,accepted,226,0.43134668469429016,1.0,True
2,2,0.20499999821186066,accepted,227,0.4397418200969696,1.0,True
2,2,0.20499999821186066,accepted,228,0.4321528673171997,1.0,True
2,2,0.20499999821186066,accepted,229,0.4206358790397644,1.0,True
2,2,0.20499999821186066,accepted,230,0.45201727747917175,1.0,True
2,2,0.20499999821186066,accepted,231,0.43164047598838806,1.0,True
2,2,0.20499999821186066,accepted,232,0.4411901831626892,1.0,True
2,2,0.20499999821186066,accepted,233,0.4415184557437897,1.0,True
2,2,0.20499999821186066,accepted,234,0.43168413639068604,1.0,True
2,2,0.20499999821186066,accepted,235,0.44069230556488037,1.0,True
2,2,0.20499999821186066,accepted,236,0.3975980579853058,1.0,True
2,2,0.20499999821186066,accepted,237,0.44305211305618286,1.0,True
2,2,0.20499999821186066,accepted,238,0.43234166502952576,1.0,True
2,2,0.20499999821186066,accepted,239,0.4478115141391754,1.0,True
2,2,0.20499999821186066,accepted,240,0.43451589345932007,1.0,True
2,2,0.20499999821186066,accepted,241,0.44488972425460815,1.0,True
2,2,0.20499999821186066,accepted,242,0.4372069537639618,1.0,True
2,2,0.20499999821186066,accepted,243,0.44571444392204285,1.0,True
2,2,0.20499999821186066,accepted,244,0.4397979974746704,1.0,True
2,2,0.20499999821186066,accepted,245,0.4478149116039276,1.0,True
2,2,0.20499999821186066,accepted,246,0.4490482807159424,1.0,True
2,2,0.20499999821186066,accepted,247,0.4524208903312683,1.0,True
2,2,0.20499999821186066,accepted,248,0.45877742767333984,1.0,True
2,2,0.20499999821186066,accepted,249,0.44630908966064453,1.0,True
2,2,0.20499999821186066,accepted,250,0.45833665132522583,1.0,True
2,2,0.20499999821186066,accepted,251,0.4328763782978058,1.0,True
2,2,0.20499999821186066,accepted,252,0.4449847638607025,1.0,True
2,2,0.20499999821186066,accepted,253,0.45017340779304504,1.0,True
2,2,0.20499999821186066,accepted,254,0.44899776577949524,1.0,True
2,2,0.20499999821186066,accepted,255,0.4318578839302063,1.0,True
2,2,0.20499999821186066,accepted,256,0.4427505433559418,1.0,True
2,2,0.20499999821186066,accepted,257,0.4643597900867462,1.0,True
2,2,0.20499999821186066,accepted,258,0.4509735405445099,1.0,True
2,2,0.20499999821186066,accepted,259,0.40258416533470154,1.0,True
2,2,0.20499999821186066,accepted,260,0.4517405927181244,1.0,True
2,2,0.20499999821186066,accepted,261,0.4490260183811188,1.0,True
2,2,0.20499999821186066,accepted,262,0.4572765827178955,1.0,True
2,2,0.20499999821186066,accepted,263,0.4371577501296997,1.0,True
2,2,0.20499999821186066,accepted,264,0.44727715849876404,1.0,True
2,2,0.20499999821186066,accepted,265,0.4483892619609833,1.0,True
2,2,0.20499999821186066,accepted,266,0.4678385257720947,1.0,True
2,2,0.20499999821186066,accepted,267,0.4539482593536377,1.0,True
2,2,0.20499999821186066,accepted,268,0.466617614030838,1.0,True
2,2,0.20499999821186066,accepted,269,0.4499691128730774,1.0,True
2,2,0.20499999821186066,accepted,270,0.47887998819351196,1.0,True
2,2,0.20499999821186066,accepted,271,0.46340158581733704,1.0,True
2,2,0.20499999821186066,accepted,272,0.23411820828914642,1.0,True
2,2,0.20499999821186066,accepted,273,0.4462137222290039,1.0,True
2,2,0.20499999821186066,accepted,274,0.4574929177761078,1.0,True
2,2,0.20499999821186066,accepted,275,0.4546414911746979,1.0,True
2,2,0.20499999821186066,accepted,276,0.45261338353157043,1.0,True
2,2,0.20499999821186066,accepted,277,0.4536098837852478,1.0,True
2,2,0.20499999821186066,accepted,278,0.4556545913219452,1.0,True
2,2,0.20499999821186066,accepted,279,0.4631471335887909,1.0,True
2,2,0.20499999821186066,accepted,280,0.4576954245567322,1.0,True
2,2,0.20499999821186066,accepted,281,0.4596007466316223,1.0,True
2,2,0.20499999821186066,accepted,282,0.4479396641254425,1.0,True
2,2,0.20499999821186066,accepted,283,0.4576299488544464,1.0,True
2,2,0.20499999821186066,accepted,284,0.45437532663345337,1.0,True
2,2,0.20499999821186066,accepted,285,0.45121529698371887,1.0,True
2,2,0.20499999821186066,accepted,286,0.4474315941333771,1.0,True
2,2,0.20499999821186066,accepted,287,0.4596252739429474,1.0,True
2,2,0.20499999821186066,accepted,288,0.4536020755767822,1.0,True
2,2,0.20499999821186066,accepted,289,0.4463856816291809,1.0,True
2,2,0.20499999821186066,accepted,290,0.47499293088912964,1.0,True
2,2,0.20499999821186066,accepted,291,0.46304643154144287,1.0,True
2,2,0.20499999821186066,accepted,292,0.43965792655944824,1.0,True
2,2,0.20499999821186066,accepted,293,0.43344974517822266,1.0,True
2,2,0.20499999821186066,accepted,294,0.46769219636917114,1.0,True
2,2,0.20499999821186066,accepted,295,0.46618524193763733,1.0,True
2,2,0.20499999821186066,accepted,296,0.4709254205226898,1.0,True
2,2,0.20499999821186066,accepted,297,0.46579065918922424,1.0,True
2,2,0.20499999821186066,accepted,298,0.4367235600948334,1.0,True
2,2,0.20499999821186066,accepted,299,0.43721529841423035,1.0,True
2,2,0.20499999821186066,accepted,300,0.4342018961906433,1.0,True
2,2,0.20499999821186066,accepted,301,0.4523320496082306,1.0,True
2,2,0.20499999821186066,accepted,302,0.4499708414077759,1.0,True
2,2,0.20499999821186066,accepted,303,0.46265795826911926,1.0,True
2,2,0.20499999821186066,accepted,304,0.462100625038147,1.0,True
2,2,0.20499999821186066,accepted,305,0.4635731279850006,1.0,True
2,2,0.20499999821186066,accepted,306,0.4579818546772003,1.0,True
2,2,0.20499999821186066,accepted,307,0.4629899263381958,1.0,True
2,2,0.20499999821186066,accepted,308,0.4715428948402405,1.0,True
2,2,0.20499999821186066,accepted,309,0.4577181339263916,1.0,True
2,2,0.20499999821186066,accepted,310,0.46116024255752563,1.0,True
2,2,0.20499999821186066,accepted,311,0.4765201508998871,1.0,True
2,2,0.20499999821186066,accepted,312,0.4706919491291046,1.0,True
2,2,0.20499999821186066,accepted,313,0.4637853801250458,1.0,True
2,2,0.20499999821186066,accepted,314,0.48145171999931335,1.0,True
2,2,0.20499999821186066,accepted,315,0.4733297526836395,1.0,True
2,2,0.20499999821186066,accepted,316,0.46939194202423096,1.0,True
2,2,0.20499999821186066,accepted,317,0.45150628685951233,1.0,False
2,2,0.20499999821186066,accepted,318,0.2280406504869461,1.0,True
2,2,0.20499999821186066,accepted,319,0.46352535486221313,1.0,True
2,2,0.20499999821186066,accepted,320,0.4471628665924072,1.0,True
2,2,0.20499999821186066,accepted,321,0.46887120604515076,1.0,True
2,2,0.20499999821186066,accepted,322,0.4421049952507019,1.0,True
2,2,0.20499999821186066,accepted,323,0.4678545594215393,1.0,True
2,2,0.20499999821186066,accepted,324,0.46252739429473877,1.0,True
2,2,0.20499999821186066,accepted,325,0.45701149106025696,1.0,True
2,2,0.20499999821186066,accepted,326,0.4603367745876312,1.0,True
2,2,0.20499999821186066,accepted,327,0.4836938679218292,1.0,True
2,2,0.20499999821186066,accepted,328,0.473477840423584,1.0,True
2,2,0.20499999821186066,accepted,329,0.4631692171096802,1.0,True
2,2,0.20499999821186066,accepted,330,0.4595201015472412,1.0,True
2,2,0.20499999821186066,accepted,331,0.49294513463974,1.0,True
2,2,0.20499999821186066,accepted,332,0.4785202741622925,1.0,True
2,2,0.20499999821186066,accepted,333,0.4657675325870514,1.0,True
2,2,0.20499999821186066,accepted,334,0.47635477781295776,1.0,True
2,2,0.20499999821186066,accepted,335,0.47562482953071594,1.0,True
2,2,0.20499999821186066,accepted,336,0.4760259687900543,1.0,True
2,2,0.20499999821186066,accepted,337,0.4720117151737213,1.0,True
2,2,0.20499999821186066,accepted,338,0.448501318693161,1.0,True
2,2,0.20499999821186066,accepted,339,0.47946494817733765,1.0,True
2,2,0.20499999821186066,accepted,340,0.4854925274848938,1.0,True
2,2,0.20499999821186066,accepted,341,0.12808863818645477,1.0,True
2,2,0.20499999821186066,accepted,342,0.4756910502910614,1.0,True
2,2,0.20499999821186066,accepted,343,0.45308151841163635,1.0,True
2,2,0.20499999821186066,accepted,344,0.4767574369907379,1.0,True
2,2,0.20499999821186066,accepted,345,0.481008380651474,1.0,True
2,2,0.20499999821186066,accepted,346,0.47403448820114136,1.0,True
2,2,0.20499999821186066,accepted,347,0.3567514717578888,1.0,True
2,2,0.20499999821186066,accepted,348,0.4610160291194916,1.0,True
2,2,0.20499999821186066,accepted,349,0.3413397967815399,1.0,True
2,2,0.20499999821186066,accepted,350,0.4627426862716675,1.0,True
2,2,0.20499999821186066,accepted,351,0.47302111983299255,1.0,True
2,2,0.20499999821186066,accepted,352,0.4713936448097229,1.0,True
2,2,0.20499999821186066,accepted,353,0.4768601953983307,1.0,True
2,2,0.20499999821186066,accepted,354,0.45981642603874207,1.0,True
2,2,0.20499999821186066,accepted,355,0.46750491857528687,1.0,True
2,2,0.20499999821186066,accepted,356,0.47752463817596436,1.0,True
2,2,0.20499999821186066,accepted,357,0.44975632429122925,1.0,True
2,2,0.20499999821186066,accepted,358,0.48176586627960205,1.0,True
2,2,0.20499999821186066,accepted,359,0.4708266258239746,1.0,True
2,2,0.20499999821186066,accepted,360,0.47037962079048157,1.0,True
2,2,0.20499999821186066,accepted,361,0.45205605030059814,1.0,True
2,2,0.20499999821186066,accepted,362,0.46576133370399475,1.0,True
2,2,0.20499999821186066,accepted,363,0.4833812117576599,1.0,True
2,2,0.20499999821186066,accepted,364,0.47644561529159546,1.0,True
2,2,0.20499999821186066,accepted,365,0.48576483130455017,1.0,True
2,2,0.20499999821186066,accepted,366,0.47681382298469543,1.0,True
2,2,0.20499999821186066,accepted,367,0.4783678948879242,1.0,True
2,2,0.20499999821186066,accepted,368,0.4846709072589874,1.0,True
2,2,0.20499999821186066,accepted,369,0.49173375964164734,1.0,True
2,2,0.20499999821186066,accepted,370,0.4909362196922302,1.0,True
2,2,0.20499999821186066,accepted,371,0.47469767928123474,1.0,True
2,2,0.20499999821186066,accepted,372,0.4812386929988861,1.0,True
2,2,0.20499999821186066,accepted,373,0.4849649965763092,1.0,True
2,2,0.20499999821186066,accepted,374,0.48105332255363464,1.0,True
2,2,0.20499999821186066,accepted,375,0.4643908143043518,1.0,True
2,2,0.20499999821186066,accepted,376,0.4879787266254425,1.0,True
2,2,0.20499999821186066,accepted,377,0.47261711955070496,1.0,True
2,2,0.20499999821186066,accepted,378,0.4823395907878876,1.0,True
2,2,0.20499999821186066,accepted,379,0.4846339523792267,1.0,True
2,2,0.20499999821186066,accepted,380,0.47505366802215576,1.0,True
2,2,0.20499999821186066,accepted,381,0.4829849302768707,1.0,True
2,2,0.20499999821186066,accepted,382,0.4769729971885681,1.0,True
2,2,0.20499999821186066,accepted,383,0.4843604266643524,1.0,True
2,2,0.20499999821186066,accepted,384,0.46926483511924744,1.0,True
2,2,0.20499999821186066,accepted,385,0.48979514837265015,1.0,False
2,2,0.20499999821186066,accepted,386,0.4718821048736572,1.0,True
2,2,0.20499999821186066,accepted,387,0.4742153584957123,1.0,True
2,2,0.20499999821186066,accepted,388,0.4772532880306244,1.0,True
2,2,0.20499999821186066,accepted,389,0.4904869794845581,1.0,True
2,2,0.20499999821186066,accepted,390,0.233805850148201,1.0,True
2,2,0.20499999821186066,accepted,391,0.4814305901527405,1.0,True
2,2,0.20499999821186066,accepted,392,0.49260959029197693,1.0,True
2,2,0.20499999821186066,accepted,393,0.47797662019729614,1.0,True
2,2,0.20499999821186066,accepted,394,0.4807368814945221,1.0,True
2,2,0.20499999821186066,accepted,395,0.47220802307128906,1.0,True
2,2,0.20499999821186066,accepted,396,0.4790060818195343,1.0,True
2,2,0.20499999821186066,accepted,397,0.47585079073905945,1.0,True
2,2,0.20499999821186066,accepted,398,0.49742671847343445,1.0,True
2,2,0.20499999821186066,accepted,399,0.4772842526435852,1.0,True
2,2,0.20499999821186066,accepted,400,0.4979117810726166,1.0,True
2,2,0.20499999821186066,accepted,401,0.4491485059261322,1.0,True
2,2,0.20499999821186066,accepted,402,0.4782811999320984,1.0,True
2,2,0.20499999821186066,accepted,403,0.14610865712165833,1.0,True
2,2,0.20499999821186066,accepted,404,0.46989181637763977,1.0,True
2,2,0.20499999821186066,accepted,405,0.49682363867759705,1.0,True
2,2,0.20499999821186066,accepted,406,0.47650742530822754,1.0,True
2,2,0.20499999821186066,accepted,407,0.4868166744709015,1.0,True
2,2,0.20499999821186066,accepted,408,0.31045812368392944,1.0,True
2,2,0.20499999821186066,accepted,409,0.4979982078075409,1.0,True
2,2,0.20499999821186066,accepted,410,0.4906769096851349,1.0,True
2,2,0.20499999821186066,accepted,411,0.46199485659599304,1.0,True
2,2,0.20499999821186066,accepted,412,0.47150781750679016,1.0,True
2,2,0.20499999821186066,accepted,413,0.46399062871932983,1.0,True
2,2,0.20499999821186066,accepted,414,0.44032764434814453,1.0,True
2,2,0.20499999821186066,accepted,415,0.4743039906024933,1.0,True
2,2,0.20499999821186066,accepted,416,0.4726063013076782,1.0,True
2,2,0.20499999821186066,accepted,417,0.4791431427001953,1.0,True
2,2,0.20499999821186066,accepted,418,0.48006340861320496,1.0,True
2,2,0.20499999821186066,accepted,419,0.4952738881111145,1.0,True
2,2,0.20499999821186066,accepted,420,0.4803124964237213,1.0,True
2,2,0.20499999821186066,accepted,421,0.49261897802352905,1.0,True
2,2,0.20499999821186066,accepted,422,0.4864175617694855,1.0,True
2,2,0.20499999821186066,accepted,423,0.4896363615989685,1.0,True
2,2,0.20499999821186066,accepted,424,0.5030080676078796,1.0,True
2,2,0.20499999821186066,accepted,425,0.48505380749702454,1.0,True
2,2,0.20499999821186066,accepted,426,0.4912509620189667,1.0,True
2,2,0.20499999821186066,accepted,427,0.4788927733898163,1.0,True
2,2,0.20499999821186066,accepted,428,0.49557533860206604,1.0,True
2,2,0.20499999821186066,accepted,429,0.4859001338481903,1.0,True
2,2,0.20499999821186066,accepted,430,0.4952096939086914,1.0,True
2,2,0.20499999821186066,accepted,431,0.4929291307926178,1.0,True
2,2,0.20499999821186066,accepted,432,0.49384763836860657,1.0,True
2,2,0.20499999821186066,accepted,433,0.4916221499443054,1.0,True
2,2,0.20499999821186066,accepted,434,0.49818822741508484,1.0,True
2,2,0.20499999821186066,accepted,435,0.505840539932251,1.0,True
2,2,0.20499999821186066,accepted,436,0.48576298356056213,1.0,True
2,2,0.20499999821186066,accepted,437,0.4686610698699951,1.0,True
2,2,0.20499999821186066,accepted,438,0.4888506531715393,1.0,True
2,2,0.20499999821186066,accepted,439,0.48303377628326416,1.0,True
2,2,0.20499999821186066,accepted,440,0.4940228760242462,1.0,True
2,2,0.20499999821186066,accepted,441,0.4931444823741913,1.0,True
2,2,0.20499999821186066,accepted,442,0.4839402437210083,1.0,True
2,2,0.20499999821186066,accepted,443,0.47358351945877075,1.0,True
2,2,0.20499999821186066,accepted,444,0.4840981364250183,1.0,True
2,2,0.20499999821186066,accepted,445,0.49494054913520813,1.0,True
2,2,0.20499999821186066,accepted,446,0.4656769335269928,1.0,True
2,2,0.20499999821186066,accepted,447,0.5044069290161133,1.0,True
2,2,0.20499999821186066,accepted,448,0.48770514130592346,1.0,True
2,2,0.20499999821186066,accepted,449,0.4758734703063965,1.0,True
2,2,0.20499999821186066,accepted,450,0.48430129885673523,1.0,True
2,2,0.20499999821186066,accepted,451,0.48632383346557617,1.0,True
2,2,0.20499999821186066,accepted,452,0.5013443231582642,1.0,True
2,2,0.20499999821186066,accepted,453,0.4933759570121765,1.0,True
2,2,0.20499999821186066,accepted,454,0.49882909655570984,1.0,True
2,2,0.20499999821186066,accepted,455,0.4971269965171814,1.0,True
2,2,0.20499999821186066,accepted,456,0.48423847556114197,1.0,True
2,2,0.20499999821186066,accepted,457,0.48165926337242126,1.0,True
2,2,0.20499999821186066,accepted,458,0.49209871888160706,1.0,True
2,2,0.20499999821186066,accepted,459,0.508569598197937,1.0,True
2,2,0.20499999821186066,accepted,460,0.499314546585083,1.0,True
2,2,0.20499999821186066,accepted,461,0.4920780658721924,1.0,True
2,2,0.20499999821186066,accepted,462,0.4948999583721161,1.0,True
2,2,0.20499999821186066,accepted,463,0.48568791151046753,1.0,True
2,2,0.20499999821186066,accepted,464,0.5045425891876221,1.0,True
2,2,0.20499999821186066,accepted,465,0.4986616373062134,1.0,True
2,2,0.20499999821186066,accepted,466,0.49741625785827637,1.0,True
2,2,0.20499999821186066,accepted,467,0.48741966485977173,1.0,True
2,2,0.20499999821186066,accepted,468,0.49627527594566345,1.0,True
2,2,0.20499999821186066,accepted,469,0.4799077808856964,1.0,True
2,2,0.20499999821186066,accepted,470,0.48611703515052795,1.0,True
2,2,0.20499999821186066,accepted,471,0.49196919798851013,1.0,True
2,2,0.20499999821186066,accepted,472,0.5145399570465088,1.0,True
2,2,0.20499999821186066,accepted,473,0.48185041546821594,1.0,True
2,2,0.20499999821186066,accepted,474,0.4929216504096985,1.0,True
2,2,0.20499999821186066,accepted,475,0.49679046869277954,1.0,True
2,2,0.20499999821186066,accepted,476,0.49907079339027405,1.0,True
2,2,0.20499999821186066,accepted,477,0.48365139961242676,1.0,True
2,2,0.20499999821186066,accepted,478,0.5016896724700928,1.0,True
2,2,0.20499999821186066,accepted,479,0.4843289852142334,1.0,True
2,2,0.20499999821186066,accepted,480,0.49941739439964294,1.0,True
2,2,0.20499999821186066,accepted,481,0.49250155687332153,1.0,True
2,2,0.20499999821186066,accepted,482,0.4875805079936981,1.0,True
2,2,0.20499999821186066,accepted,483,0.5010078549385071,1.0,True
2,2,0.20499999821186066,accepted,484,0.4961986541748047,1.0,True
2,2,0.20499999821186066,accepted,485,0.5064603090286255,1.0,True
2,2,0.20499999821186066,accepted,486,0.4910692274570465,1.0,True
2,2,0.20499999821186066,accepted,487,0.5074098110198975,1.0,True
2,2,0.20499999821186066,accepted,488,0.45852726697921753,1.0,True
2,2,0.20499999821186066,accepted,489,0.49837830662727356,1.0,True
2,2,0.20499999821186066,accepted,490,0.5003842115402222,1.0,True
2,2,0.20499999821186066,accepted,491,0.5039395689964294,1.0,True
2,2,0.20499999821186066,accepted,492,0.5017853379249573,1.0,True
2,2,0.20499999821186066,accepted,493,0.5086773037910461,1.0,True
2,2,0.20499999821186066,accepted,494,0.5052600502967834,1.0,True
2,2,0.20499999821186066,accepted,495,0.5074136853218079,1.0,True
2,2,0.20499999821186066,accepted,496,0.4973185956478119,1.0,True
2,2,0.20499999821186066,accepted,497,0.492801308631897,1.0,True
2,2,0.20499999821186066,accepted,498,0.5011120438575745,1.0,True
2,2,0.20499999821186066,accepted,499,0.28740623593330383,1.0,True
2,2,0.20499999821186066,accepted,500,0.506593644618988,1.0,True
3,1,0.36250001192092896,accepted,1,0.15555499494075775,1.0,True
3,1,0.36250001192092896,accepted,2,0.15544970333576202,1.0,True
3,1,0.36250001192092896,accepted,3,0.15902139246463776,1.0,True
3,1,0.36250001192092896,accepted,4,0.16478276252746582,1.0,True
3,1,0.36250001192092896,accepted,5,0.1707160472869873,1.0,True
3,1,0.36250001192092896,accepted,6,0.17611970007419586,1.0,True
3,1,0.36250001192092896,accepted,7,0.17758026719093323,1.0,True
3,1,0.36250001192092896,accepted,8,0.18180741369724274,1.0,True
3,1,0.36250001192092896,accepted,9,0.18184348940849304,1.0,True
3,1,0.36250001192092896,accepted,10,0.18403613567352295,1.0,True
3,1,0.36250001192092896,accepted,11,0.18230119347572327,1.0,True
3,1,0.36250001192092896,accepted,12,0.18411338329315186,1.0,True
3,1,0.36250001192092896,accepted,13,0.1948508471250534,1.0,True
3,1,0.36250001192092896,accepted,14,0.21812981367111206,1.0,True
3,1,0.36250001192092896,accepted,15,0.22988881170749664,1.0,True
3,1,0.36250001192092896,accepted,16,0.24124330282211304,1.0,True
3,1,0.36250001192092896,accepted,17,0.25219374895095825,1.0,True
3,1,0.36250001192092896,accepted,18,0.25806453824043274,1.0,True
3,1,0.36250001192092896,accepted,19,0.25386789441108704,1.0,True
3,1,0.36250001192092896,accepted,20,0.2612375319004059,1.0,True
3,1,0.36250001192092896,accepted,21,0.27059584856033325,1.0,True
3,1,0.36250001192092896,accepted,22,0.2724550664424896,1.0,True
3,1,0.36250001192092896,accepted,23,0.2713732123374939,1.0,True
3,1,0.36250001192092896,accepted,24,0.28259605169296265,1.0,True
3,1,0.36250001192092896,accepted,25,0.28288403153419495,1.0,True
3,1,0.36250001192092896,accepted,26,0.2883138358592987,1.0,True
3,1,0.36250001192092896,accepted,27,0.29367074370384216,1.0,True
3,1,0.36250001192092896,accepted,28,0.29709959030151367,1.0,True
3,1,0.36250001192092896,accepted,29,0.310435026884079,1.0,True
3,1,0.36250001192092896,accepted,30,0.31684350967407227,1.0,True
3,1,0.36250001192092896,accepted,31,0.32603877782821655,1.0,True
3,1,0.36250001192092896,accepted,32,0.3265378773212433,1.0,True
3,1,0.36250001192092896,accepted,33,0.3314948081970215,1.0,True
3,1,0.36250001192092896,accepted,34,0.340942919254303,1.0,True
3,1,0.36250001192092896,accepted,35,0.346048504114151,1.0,True
3,1,0.36250001192092896,accepted,36,0.3504864275455475,1.0,True
3,1,0.36250001192092896,accepted,37,0.3540157079696655,1.0,True
3,1,0.36250001192092896,accepted,38,0.3517434597015381,1.0,True
3,1,0.36250001192092896,accepted,39,0.35329732298851013,1.0,True
3,1,0.36250001192092896,accepted,40,0.35930749773979187,1.0,True
3,1,0.36250001192092896,accepted,41,0.36785560846328735,1.0,True
3,1,0.36250001192092896,accepted,42,0.3629782199859619,1.0,True
3,1,0.36250001192092896,accepted,43,0.36105865240097046,1.0,True
3,1,0.36250001192092896,accepted,44,0.36885395646095276,1.0,True
3,1,0.36250001192092896,accepted,45,0.36005735397338867,1.0,True
3,1,0.36250001192092896,accepted,46,0.3719717562198639,1.0,True
3,1,0.36250001192092896,accepted,47,0.3719029426574707,1.0,True
3,1,0.36250001192092896,accepted,48,0.3751223385334015,1.0,True
3,1,0.36250001192092896,accepted,49,0.3845517039299011,1.0,True
3,1,0.36250001192092896,accepted,50,0.38654014468193054,1.0,True
3,1,0.36250001192092896,accepted,51,0.38652539253234863,1.0,True
3,1,0.36250001192092896,accepted,52,0.38488849997520447,1.0,True
3,1,0.36250001192092896,accepted,53,0.38597285747528076,1.0,True
3,1,0.36250001192092896,accepted,54,0.3921976387500763,1.0,True
3,1,0.36250001192092896,accepted,55,0.3883758783340454,1.0,True
3,1,0.36250001192092896,accepted,56,0.3923555314540863,1.0,True
3,1,0.36250001192092896,accepted,57,0.3935900330543518,1.0,True
3,1,0.36250001192092896,accepted,58,0.40478935837745667,1.0,True
3,1,0.36250001192092896,accepted,59,0.4022449553012848,1.0,True
3,1,0.36250001192092896,accepted,60,0.3909473717212677,1.0,True
3,1,0.36250001192092896,accepted,61,0.40687236189842224,1.0,True
3,1,0.36250001192092896,accepted,62,0.4053332805633545,1.0,True
3,1,0.36250001192092896,accepted,63,0.4040658175945282,1.0,True
3,1,0.36250001192092896,accepted,64,0.4039779603481293,1.0,True
3,1,0.36250001192092896,accepted,65,0.4071168899536133,1.0,True
3,1,0.36250001192092896,accepted,66,0.4061729907989502,1.0,True
3,1,0.36250001192092896,accepted,67,0.4074540138244629,1.0,True
3,1,0.36250001192092896,accepted,68,0.41718655824661255,1.0,True
3,1,0.36250001192092896,accepted,69,0.4099845290184021,1.0,True
3,1,0.36250001192092896,accepted,70,0.4106544256210327,1.0,True
3,1,0.36250001192092896,accepted,71,0.41146042943000793,1.0,True
3,1,0.36250001192092896,accepted,72,0.4126361608505249,1.0,True
3,1,0.36250001192092896,accepted,73,0.42138344049453735,1.0,True
3,1,0.36250001192092896,accepted,74,0.41680794954299927,1.0,True
3,1,0.36250001192092896,accepted,75,0.413688987493515,1.0,True
3,1,0.36250001192092896,accepted,76,0.4230230152606964,1.0,True
3,1,0.36250001192092896,accepted,77,0.4253401756286621,1.0,True
3,1,0.36250001192092896,accepted,78,0.4157043695449829,1.0,True
3,1,0.36250001192092896,accepted,79,0.4218885004520416,1.0,True
3,1,0.36250001192092896,accepted,80,0.4313746392726898,1.0,True
3,1,0.36250001192092896,accepted,81,0.4196734130382538,1.0,True
3,1,0.36250001192092896,accepted,82,0.42531099915504456,1.0,True
3,1,0.36250001192092896,accepted,83,0.43112292885780334,1.0,True
3,1,0.36250001192092896,accepted,84,0.43033260107040405,1.0,True
3,1,0.36250001192092896,accepted,85,0.4289836883544922,1.0,True
3,1,0.36250001192092896,accepted,86,0.4293889105319977,1.0,True
3,1,0.36250001192092896,accepted,87,0.42610833048820496,1.0,True
3,1,0.36250001192092896,accepted,88,0.4262400269508362,1.0,True
3,1,0.36250001192092896,accepted,89,0.42966991662979126,1.0,True
3,1,0.36250001192092896,accepted,90,0.42943233251571655,1.0,True
3,1,0.36250001192092896,accepted,91,0.4382079243659973,1.0,True
3,1,0.36250001192092896,accepted,92,0.43030306696891785,1.0,True
3,1,0.36250001192092896,accepted,93,0.43064627051353455,1.0,True
3,1,0.36250001192092896,accepted,94,0.4271482527256012,1.0,True
3,1,0.36250001192092896,accepted,95,0.433077871799469,1.0,True
3,1,0.36250001192092896,accepted,96,0.4299371540546417,1.0,True
3,1,0.36250001192092896,accepted,97,0.4266906678676605,1.0,True
3,1,0.36250001192092896,accepted,98,0.43483757972717285,1.0,True
3,1,0.36250001192092896,accepted,99,0.43553978204727173,1.0,True
3,1,0.36250001192092896,accepted,100,0.4304984509944916,1.0,True
3,1,0.36250001192092896,accepted,101,0.43514788150787354,1.0,True
3,1,0.36250001192092896,accepted,102,0.4345971345901489,1.0,True
3,1,0.36250001192092896,accepted,103,0.43397918343544006,1.0,True
3,1,0.36250001192092896,accepted,104,0.44617462158203125,1.0,True
3,1,0.36250001192092896,accepted,105,0.4386594891548157,1.0,True
3,1,0.36250001192092896,accepted,106,0.4411834180355072,1.0,True
3,1,0.36250001192092896,accepted,107,0.4371277391910553,1.0,True
3,1,0.36250001192092896,accepted,108,0.438376784324646,1.0,True
3,1,0.36250001192092896,accepted,109,0.4390210807323456,1.0,True
3,1,0.36250001192092896,accepted,110,0.43917351961135864,1.0,True
3,1,0.36250001192092896,accepted,111,0.44380316138267517,1.0,True
3,1,0.36250001192092896,accepted,112,0.4421825706958771,1.0,True
3,1,0.36250001192092896,accepted,113,0.44151511788368225,1.0,True
3,1,0.36250001192092896,accepted,114,0.4348425269126892,1.0,True
3,1,0.36250001192092896,accepted,115,0.44014960527420044,1.0,True
3,1,0.36250001192092896,accepted,116,0.44824907183647156,1.0,True
3,1,0.36250001192092896,accepted,117,0.4412743151187897,1.0,True
3,1,0.36250001192092896,accepted,118,0.4367426931858063,1.0,True
3,1,0.36250001192092896,accepted,119,0.449788898229599,1.0,True
3,1,0.36250001192092896,accepted,120,0.4402100741863251,1.0,True
3,1,0.36250001192092896,accepted,121,0.44346556067466736,1.0,True
3,1,0.36250001192092896,accepted,122,0.4395204484462738,1.0,True
3,1,0.36250001192092896,accepted,123,0.4461839497089386,1.0,True
3,1,0.36250001192092896,accepted,124,0.44212186336517334,1.0,True
3,1,0.36250001192092896,accepted,125,0.44704174995422363,1.0,True
3,1,0.36250001192092896,accepted,126,0.44457584619522095,1.0,True
3,1,0.36250001192092896,accepted,127,0.4482764005661011,1.0,True
3,1,0.36250001192092896,accepted,128,0.4458666145801544,1.0,True
3,1,0.36250001192092896,accepted,129,0.44613033533096313,1.0,True
3,1,0.36250001192092896,accepted,130,0.4470895230770111,1.0,True
3,1,0.36250001192092896,accepted,131,0.4507301449775696,1.0,True
3,1,0.36250001192092896,accepted,132,0.4414031207561493,1.0,True
3,1,0.36250001192092896,accepted,133,0.45355358719825745,1.0,True
3,1,0.36250001192092896,accepted,134,0.45798879861831665,1.0,True
3,1,0.36250001192092896,accepted,135,0.446377158164978,1.0,True
3,1,0.36250001192092896,accepted,136,0.4556763172149658,1.0,True
3,1,0.36250001192092896,accepted,137,0.45073533058166504,1.0,True
3,1,0.36250001192092896,accepted,138,0.45279383659362793,1.0,True
3,1,0.36250001192092896,accepted,139,0.45328810811042786,1.0,True
3,1,0.36250001192092896,accepted,140,0.4556024372577667,1.0,True
3,1,0.36250001192092896,accepted,141,0.45008498430252075,1.0,True
3,1,0.36250001192092896,accepted,142,0.4559631943702698,1.0,True
3,1,0.36250001192092896,accepted,143,0.4534255862236023,1.0,True
3,1,0.36250001192092896,accepted,144,0.4544663429260254,1.0,True
3,1,0.36250001192092896,accepted,145,0.45320427417755127,1.0,True
3,1,0.36250001192092896,accepted,146,0.454896479845047,1.0,True
3,1,0.36250001192092896,accepted,147,0.45791196823120117,1.0,True
3,1,0.36250001192092896,accepted,148,0.44996052980422974,1.0,True
3,1,0.36250001192092896,accepted,149,0.4465934634208679,1.0,True
3,1,0.36250001192092896,accepted,150,0.4613485038280487,1.0,True
3,1,0.36250001192092896,accepted,151,0.45727306604385376,1.0,True
3,1,0.36250001192092896,accepted,152,0.4604017436504364,1.0,True
3,1,0.36250001192092896,accepted,153,0.4568895101547241,1.0,True
3,1,0.36250001192092896,accepted,154,0.4529484510421753,1.0,True
3,1,0.36250001192092896,accepted,155,0.45721203088760376,1.0,True
3,1,0.36250001192092896,accepted,156,0.4573062062263489,1.0,True
3,1,0.36250001192092896,accepted,157,0.4571213722229004,1.0,True
3,1,0.36250001192092896,accepted,158,0.4614321291446686,1.0,True
3,1,0.36250001192092896,accepted,159,0.44552573561668396,1.0,True
3,1,0.36250001192092896,accepted,160,0.4496002197265625,1.0,True
3,1,0.36250001192092896,accepted,161,0.45230355858802795,1.0,True
3,1,0.36250001192092896,accepted,162,0.4534238874912262,1.0,True
3,1,0.36250001192092896,accepted,163,0.4497837722301483,1.0,True
3,1,0.36250001192092896,accepted,164,0.4580831527709961,1.0,True
3,1,0.36250001192092896,accepted,165,0.4526979923248291,1.0,True
3,1,0.36250001192092896,accepted,166,0.455532044172287,1.0,True
3,1,0.36250001192092896,accepted,167,0.46459102630615234,1.0,True
3,1,0.36250001192092896,accepted,168,0.45913460850715637,1.0,True
3,1,0.36250001192092896,accepted,169,0.4585946202278137,1.0,True
3,1,0.36250001192092896,accepted,170,0.46397027373313904,1.0,True
3,1,0.36250001192092896,accepted,171,0.46297401189804077,1.0,True
3,1,0.36250001192092896,accepted,172,0.4587975740432739,1.0,True
3,1,0.36250001192092896,accepted,173,0.4646752178668976,1.0,True
3,1,0.36250001192092896,accepted,174,0.46218523383140564,1.0,True
3,1,0.36250001192092896,accepted,175,0.45697665214538574,1.0,True
3,1,0.36250001192092896,accepted,176,0.45565199851989746,1.0,True
3,1,0.36250001192092896,accepted,177,0.4638296067714691,1.0,True
3,1,0.36250001192092896,accepted,178,0.45746850967407227,1.0,True
3,1,0.36250001192092896,accepted,179,0.46180805563926697,1.0,True
3,1,0.36250001192092896,accepted,180,0.458354115486145,1.0,True
3,1,0.36250001192092896,accepted,181,0.46218258142471313,1.0,True
3,1,0.36250001192092896,accepted,182,0.4534299075603485,1.0,True
3,1,0.36250001192092896,accepted,183,0.4614347517490387,1.0,True
3,1,0.36250001192092896,accepted,184,0.4640224874019623,1.0,True
3,1,0.36250001192092896,accepted,185,0.45742136240005493,1.0,True
3,1,0.36250001192092896,accepted,186,0.4537145793437958,1.0,True
3,1,0.36250001192092896,accepted,187,0.462199330329895,1.0,True
3,1,0.36250001192092896,accepted,188,0.46481794118881226,1.0,True
3,1,0.36250001192092896,accepted,189,0.4542791545391083,1.0,True
3,1,0.36250001192092896,accepted,190,0.4652339220046997,1.0,True
3,1,0.36250001192092896,accepted,191,0.46609458327293396,1.0,True
3,1,0.36250001192092896,accepted,192,0.4558258354663849,1.0,True
3,1,0.36250001192092896,accepted,193,0.4632876217365265,1.0,True
3,1,0.36250001192092896,accepted,194,0.45082300901412964,1.0,True
3,1,0.36250001192092896,accepted,195,0.46276918053627014,1.0,True
3,1,0.36250001192092896,accepted,196,0.46124380826950073,1.0,True
3,1,0.36250001192092896,accepted,197,0.4595884382724762,1.0,True
3,1,0.36250001192092896,accepted,198,0.46679386496543884,1.0,True
3,1,0.36250001192092896,accepted,199,0.4636836349964142,1.0,True
3,1,0.36250001192092896,accepted,200,0.45867684483528137,1.0,True
3,1,0.36250001192092896,accepted,201,0.4613643288612366,1.0,True
3,1,0.36250001192092896,accepted,202,0.4630587697029114,1.0,True
3,1,0.36250001192092896,accepted,203,0.45795300602912903,1.0,True
3,1,0.36250001192092896,accepted,204,0.4700154960155487,1.0,True
3,1,0.36250001192092896,accepted,205,0.46572670340538025,1.0,True
3,1,0.36250001192092896,accepted,206,0.462321013212204,1.0,True
3,1,0.36250001192092896,accepted,207,0.4664289653301239,1.0,True
3,1,0.36250001192092896,accepted,208,0.4600357413291931,1.0,True
3,1,0.36250001192092896,accepted,209,0.4695853888988495,1.0,True
3,1,0.36250001192092896,accepted,210,0.46137842535972595,1.0,True
3,1,0.36250001192092896,accepted,211,0.4622892737388611,1.0,True
3,1,0.36250001192092896,accepted,212,0.4616513252258301,1.0,True
3,1,0.36250001192092896,accepted,213,0.4653981328010559,1.0,True
3,1,0.36250001192092896,accepted,214,0.46257680654525757,1.0,True
3,1,0.36250001192092896,accepted,215,0.4605282247066498,1.0,True
3,1,0.36250001192092896,accepted,216,0.4653395414352417,1.0,True
3,1,0.36250001192092896,accepted,217,0.46049752831459045,1.0,True
3,1,0.36250001192092896,accepted,218,0.4616874158382416,1.0,True
3,1,0.36250001192092896,accepted,219,0.4652153253555298,1.0,True
3,1,0.36250001192092896,accepted,220,0.46654999256134033,1.0,True
3,1,0.36250001192092896,accepted,221,0.45816969871520996,1.0,True
3,1,0.36250001192092896,accepted,222,0.4648498594760895,1.0,True
3,1,0.36250001192092896,accepted,223,0.4695119261741638,1.0,True
3,1,0.36250001192092896,accepted,224,0.46915119886398315,1.0,True
3,1,0.36250001192092896,accepted,225,0.4640277922153473,1.0,True
3,1,0.36250001192092896,accepted,226,0.46394816040992737,1.0,True
3,1,0.36250001192092896,accepted,227,0.47053664922714233,1.0,True
3,1,0.36250001192092896,accepted,228,0.4692049026489258,1.0,True
3,1,0.36250001192092896,accepted,229,0.4686262309551239,1.0,True
3,1,0.36250001192092896,accepted,230,0.4711572229862213,1.0,True
3,1,0.36250001192092896,accepted,231,0.47359347343444824,1.0,True
3,1,0.36250001192092896,accepted,232,0.4754416048526764,1.0,True
3,1,0.36250001192092896,accepted,233,0.46415701508522034,1.0,True
3,1,0.36250001192092896,accepted,234,0.47249993681907654,1.0,True
3,1,0.36250001192092896,accepted,235,0.47386544942855835,1.0,True
3,1,0.36250001192092896,accepted,236,0.47160857915878296,1.0,True
3,1,0.36250001192092896,accepted,237,0.48021358251571655,1.0,True
3,1,0.36250001192092896,accepted,238,0.4623139500617981,1.0,True
3,1,0.36250001192092896,accepted,239,0.46565118432044983,1.0,True
3,1,0.36250001192092896,accepted,240,0.46178871393203735,1.0,True
3,1,0.36250001192092896,accepted,241,0.464608758687973,1.0,True
3,1,0.36250001192092896,accepted,242,0.4748525321483612,1.0,True
3,1,0.36250001192092896,accepted,243,0.4676128029823303,1.0,True
3,1,0.36250001192092896,accepted,244,0.46420660614967346,1.0,True
3,1,0.36250001192092896,accepted,245,0.46874600648880005,1.0,True
3,1,0.36250001192092896,accepted,246,0.46827059984207153,1.0,True
3,1,0.36250001192092896,accepted,247,0.4691914916038513,1.0,True
3,1,0.36250001192092896,accepted,248,0.47082841396331787,1.0,True
3,1,0.36250001192092896,accepted,249,0.46493855118751526,1.0,True
3,1,0.36250001192092896,accepted,250,0.46649661660194397,1.0,True
3,1,0.36250001192092896,accepted,251,0.47020381689071655,1.0,True
3,1,0.36250001192092896,accepted,252,0.4742424786090851,1.0,True
3,1,0.36250001192092896,accepted,253,0.4737289845943451,1.0,True
3,1,0.36250001192092896,accepted,254,0.4686950147151947,1.0,True
3,1,0.36250001192092896,accepted,255,0.4629245698451996,1.0,True
3,1,0.36250001192092896,accepted,256,0.4725017249584198,1.0,True
3,1,0.36250001192092896,accepted,257,0.4701984226703644,1.0,True
3,1,0.36250001192092896,accepted,258,0.467151939868927,1.0,True
3,1,0.36250001192092896,accepted,259,0.4699402153491974,1.0,True
3,1,0.36250001192092896,accepted,260,0.4712398946285248,1.0,True
3,1,0.36250001192092896,accepted,261,0.4701141119003296,1.0,True
3,1,0.36250001192092896,accepted,262,0.4657568633556366,1.0,True
3,1,0.36250001192092896,accepted,263,0.4729994535446167,1.0,True
3,1,0.36250001192092896,accepted,264,0.4690653085708618,1.0,True
3,1,0.36250001192092896,accepted,265,0.4770330488681793,1.0,True
3,1,0.36250001192092896,accepted,266,0.4741619825363159,1.0,True
3,1,0.36250001192092896,accepted,267,0.47420811653137207,1.0,True
3,1,0.36250001192092896,accepted,268,0.4775984287261963,1.0,True
3,1,0.36250001192092896,accepted,269,0.4743039906024933,1.0,True
3,1,0.36250001192092896,accepted,270,0.47368019819259644,1.0,True
3,1,0.36250001192092896,accepted,271,0.47877955436706543,1.0,True
3,1,0.36250001192092896,accepted,272,0.47111767530441284,1.0,True
3,1,0.36250001192092896,accepted,273,0.47340288758277893,1.0,True
3,1,0.36250001192092896,accepted,274,0.4699231684207916,1.0,True
3,1,0.36250001192092896,accepted,275,0.4704451262950897,1.0,True
3,1,0.36250001192092896,accepted,276,0.4734949767589569,1.0,True
3,1,0.36250001192092896,accepted,277,0.48099184036254883,1.0,True
3,1,0.36250001192092896,accepted,278,0.46850821375846863,1.0,True
3,1,0.36250001192092896,accepted,279,0.47416287660598755,1.0,True
3,1,0.36250001192092896,accepted,280,0.4722440540790558,1.0,True
3,1,0.36250001192092896,accepted,281,0.47316908836364746,1.0,True
3,1,0.36250001192092896,accepted,282,0.4744424521923065,1.0,True
3,1,0.36250001192092896,accepted,283,0.4708688259124756,1.0,True
3,1,0.36250001192092896,accepted,284,0.47020021080970764,1.0,True
3,1,0.36250001192092896,accepted,285,0.4644404351711273,1.0,True
3,1,0.36250001192092896,accepted,286,0.47928571701049805,1.0,True
3,1,0.36250001192092896,accepted,287,0.47478190064430237,1.0,True
3,1,0.36250001192092896,accepted,288,0.47094517946243286,1.0,True
3,1,0.36250001192092896,accepted,289,0.4776138961315155,1.0,True
3,1,0.36250001192092896,accepted,290,0.4656156599521637,1.0,True
3,1,0.36250001192092896,accepted,291,0.47312214970588684,1.0,True
3,1,0.36250001192092896,accepted,292,0.4742696285247803,1.0,True
3,1,0.36250001192092896,accepted,293,0.4726054072380066,1.0,True
3,1,0.36250001192092896,accepted,294,0.4747384488582611,1.0,True
3,1,0.36250001192092896,accepted,295,0.4697950482368469,1.0,True
3,1,0.36250001192092896,accepted,296,0.4739748239517212,1.0,True
3,1,0.36250001192092896,accepted,297,0.47091105580329895,1.0,True
3,1,0.36250001192092896,accepted,298,0.4703006446361542,1.0,True
3,1,0.36250001192092896,accepted,299,0.471571683883667,1.0,True
3,1,0.36250001192092896,accepted,300,0.47166523337364197,1.0,True
3,1,0.36250001192092896,accepted,301,0.4741484224796295,1.0,True
3,1,0.36250001192092896,accepted,302,0.4729543626308441,1.0,True
3,1,0.36250001192092896,accepted,303,0.4712246358394623,1.0,True
3,1,0.36250001192092896,accepted,304,0.47701483964920044,1.0,True
3,1,0.36250001192092896,accepted,305,0.4791458547115326,1.0,True
3,1,0.36250001192092896,accepted,306,0.48019710183143616,1.0,True
3,1,0.36250001192092896,accepted,307,0.4754198491573334,1.0,True
3,1,0.36250001192092896,accepted,308,0.47523853182792664,1.0,True
3,1,0.36250001192092896,accepted,309,0.4778408110141754,1.0,True
3,1,0.36250001192092896,accepted,310,0.4737994372844696,1.0,True
3,1,0.36250001192092896,accepted,311,0.47268742322921753,1.0,True
3,1,0.36250001192092896,accepted,312,0.47135674953460693,1.0,True
3,1,0.36250001192092896,accepted,313,0.47186410427093506,1.0,True
3,1,0.36250001192092896,accepted,314,0.47104939818382263,1.0,True
3,1,0.36250001192092896,accepted,315,0.47464245557785034,1.0,True
3,1,0.36250001192092896,accepted,316,0.4654797911643982,1.0,True
3,1,0.36250001192092896,accepted,317,0.47487425804138184,1.0,True
3,1,0.36250001192092896,accepted,318,0.47316187620162964,1.0,True
3,1,0.36250001192092896,accepted,319,0.4773370623588562,1.0,True
3,1,0.36250001192092896,accepted,320,0.47448134422302246,1.0,True
3,1,0.36250001192092896,accepted,321,0.4771367609500885,1.0,True
3,1,0.36250001192092896,accepted,322,0.4755840003490448,1.0,True
3,1,0.36250001192092896,accepted,323,0.47658923268318176,1.0,True
3,1,0.36250001192092896,accepted,324,0.47798022627830505,1.0,True
3,1,0.36250001192092896,accepted,325,0.4759242832660675,1.0,True
3,1,0.36250001192092896,accepted,326,0.4801348149776459,1.0,True
3,1,0.36250001192092896,accepted,327,0.4732819199562073,1.0,True
3,1,0.36250001192092896,accepted,328,0.47360432147979736,1.0,True
3,1,0.36250001192092896,accepted,329,0.47636476159095764,1.0,True
3,1,0.36250001192092896,accepted,330,0.47921624779701233,1.0,True
3,1,0.36250001192092896,accepted,331,0.48133599758148193,1.0,True
3,1,0.36250001192092896,accepted,332,0.47775423526763916,1.0,True
3,1,0.36250001192092896,accepted,333,0.45912060141563416,1.0,True
3,1,0.36250001192092896,accepted,334,0.4840962588787079,1.0,True
3,1,0.36250001192092896,accepted,335,0.4751714766025543,1.0,True
3,1,0.36250001192092896,accepted,336,0.4785439968109131,1.0,True
3,1,0.36250001192092896,accepted,337,0.4710664451122284,1.0,True
3,1,0.36250001192092896,accepted,338,0.4772077798843384,1.0,True
3,1,0.36250001192092896,accepted,339,0.480774462223053,1.0,True
3,1,0.36250001192092896,accepted,340,0.47709399461746216,1.0,True
3,1,0.36250001192092896,accepted,341,0.47455915808677673,1.0,True
3,1,0.36250001192092896,accepted,342,0.4779857397079468,1.0,True
3,1,0.36250001192092896,accepted,343,0.4796826243400574,1.0,True
3,1,0.36250001192092896,accepted,344,0.4745238721370697,1.0,True
3,1,0.36250001192092896,accepted,345,0.48227518796920776,1.0,True
3,1,0.36250001192092896,accepted,346,0.4794064164161682,1.0,True
3,1,0.36250001192092896,accepted,347,0.47548332810401917,1.0,True
3,1,0.36250001192092896,accepted,348,0.4791422188282013,1.0,True
3,1,0.36250001192092896,accepted,349,0.48153987526893616,1.0,True
3,1,0.36250001192092896,accepted,350,0.48258253931999207,1.0,True
3,1,0.36250001192092896,accepted,351,0.478086918592453,1.0,True
3,1,0.36250001192092896,accepted,352,0.47407248616218567,1.0,True
3,1,0.36250001192092896,accepted,353,0.47736984491348267,1.0,True
3,1,0.36250001192092896,accepted,354,0.47767218947410583,1.0,True
3,1,0.36250001192092896,accepted,355,0.47573280334472656,1.0,True
3,1,0.36250001192092896,accepted,356,0.4763447642326355,1.0,True
3,1,0.36250001192092896,accepted,357,0.4697914123535156,1.0,True
3,1,0.36250001192092896,accepted,358,0.4819414019584656,1.0,True
3,1,0.36250001192092896,accepted,359,0.47922906279563904,1.0,True
3,1,0.36250001192092896,accepted,360,0.4797704815864563,1.0,True
3,1,0.36250001192092896,accepted,361,0.4755939841270447,1.0,True
3,1,0.36250001192092896,accepted,362,0.47416287660598755,1.0,True
3,1,0.36250001192092896,accepted,363,0.47791096568107605,1.0,True
3,1,0.36250001192092896,accepted,364,0.4651815891265869,1.0,True
3,1,0.36250001192092896,accepted,365,0.4757364094257355,1.0,True
3,1,0.36250001192092896,accepted,366,0.4741447865962982,1.0,True
3,1,0.36250001192092896,accepted,367,0.47878867387771606,1.0,True
3,1,0.36250001192092896,accepted,368,0.4803794324398041,1.0,True
3,1,0.36250001192092896,accepted,369,0.47218552231788635,1.0,True
3,1,0.36250001192092896,accepted,370,0.4773297607898712,1.0,True
3,1,0.36250001192092896,accepted,371,0.47827664017677307,1.0,True
3,1,0.36250001192092896,accepted,372,0.4767228960990906,1.0,True
3,1,0.36250001192092896,accepted,373,0.477847158908844,1.0,True
3,1,0.36250001192092896,accepted,374,0.48172450065612793,1.0,True
3,1,0.36250001192092896,accepted,375,0.4803290069103241,1.0,True
3,1,0.36250001192092896,accepted,376,0.48314154148101807,1.0,True
3,1,0.36250001192092896,accepted,377,0.480972558259964,1.0,True
3,1,0.36250001192092896,accepted,378,0.4763738512992859,1.0,True
3,1,0.36250001192092896,accepted,379,0.48255491256713867,1.0,True
3,1,0.36250001192092896,accepted,380,0.47823283076286316,1.0,True
3,1,0.36250001192092896,accepted,381,0.47934699058532715,1.0,True
3,1,0.36250001192092896,accepted,382,0.48061585426330566,1.0,True
3,1,0.36250001192092896,accepted,383,0.4821400046348572,1.0,True
3,1,0.36250001192092896,accepted,384,0.4851648509502411,1.0,True
3,1,0.36250001192092896,accepted,385,0.4787704050540924,1.0,True
3,1,0.36250001192092896,accepted,386,0.48636558651924133,1.0,True
3,1,0.36250001192092896,accepted,387,0.480672687292099,1.0,True
3,1,0.36250001192092896,accepted,388,0.4800111949443817,1.0,True
3,1,0.36250001192092896,accepted,389,0.4799315631389618,1.0,True
3,1,0.36250001192092896,accepted,390,0.48440200090408325,1.0,True
3,1,0.36250001192092896,accepted,391,0.4761739671230316,1.0,True
3,1,0.36250001192092896,accepted,392,0.4813975393772125,1.0,True
3,1,0.36250001192092896,accepted,393,0.4811744689941406,1.0,True
3,1,0.36250001192092896,accepted,394,0.4722197353839874,1.0,True
3,1,0.36250001192092896,accepted,395,0.4764692485332489,1.0,True
3,1,0.36250001192092896,accepted,396,0.4790270924568176,1.0,True
3,1,0.36250001192092896,accepted,397,0.4769175052642822,1.0,True
3,1,0.36250001192092896,accepted,398,0.4791906774044037,1.0,True
3,1,0.36250001192092896,accepted,399,0.47858232259750366,1.0,True
3,1,0.36250001192092896,accepted,400,0.47958752512931824,1.0,True
3,1,0.36250001192092896,accepted,401,0.48366987705230713,1.0,True
3,1,0.36250001192092896,accepted,402,0.4816785752773285,1.0,True
3,1,0.36250001192092896,accepted,403,0.48264697194099426,1.0,True
3,1,0.36250001192092896,accepted,404,0.48025938868522644,1.0,True
3,1,0.36250001192092896,accepted,405,0.48293426632881165,1.0,True
3,1,0.36250001192092896,accepted,406,0.480442613363266,1.0,True
3,1,0.36250001192092896,accepted,407,0.4813295900821686,1.0,True
3,1,0.36250001192092896,accepted,408,0.4785284698009491,1.0,True
3,1,0.36250001192092896,accepted,409,0.4777870178222656,1.0,True
3,1,0.36250001192092896,accepted,410,0.47909197211265564,1.0,True
3,1,0.36250001192092896,accepted,411,0.47850292921066284,1.0,True
3,1,0.36250001192092896,accepted,412,0.4811983108520508,1.0,True
3,1,0.36250001192092896,accepted,413,0.48089921474456787,1.0,True
3,1,0.36250001192092896,accepted,414,0.48144617676734924,1.0,True
3,1,0.36250001192092896,accepted,415,0.4831516742706299,1.0,True
3,1,0.36250001192092896,accepted,416,0.4828808605670929,1.0,True
3,1,0.36250001192092896,accepted,417,0.4799279272556305,1.0,True
3,1,0.36250001192092896,accepted,418,0.4813552796840668,1.0,True
3,1,0.36250001192092896,accepted,419,0.4791230261325836,1.0,True
3,1,0.36250001192092896,accepted,420,0.4686923623085022,1.0,True
3,1,0.36250001192092896,accepted,421,0.4885542392730713,1.0,True
3,1,0.36250001192092896,accepted,422,0.48556846380233765,1.0,True
3,1,0.36250001192092896,accepted,423,0.4782693386077881,1.0,True
3,1,0.36250001192092896,accepted,424,0.4795399308204651,1.0,True
3,1,0.36250001192092896,accepted,425,0.48114052414894104,1.0,True
3,1,0.36250001192092896,accepted,426,0.4848873019218445,1.0,True
3,1,0.36250001192092896,accepted,427,0.48153987526893616,1.0,True
3,1,0.36250001192092896,accepted,428,0.48252272605895996,1.0,True
3,1,0.36250001192092896,accepted,429,0.48430129885673523,1.0,True
3,1,0.36250001192092896,accepted,430,0.4710116386413574,1.0,True
3,1,0.36250001192092896,accepted,431,0.4833010137081146,1.0,True
3,1,0.36250001192092896,accepted,432,0.48390331864356995,1.0,True
3,1,0.36250001192092896,accepted,433,0.4760150909423828,1.0,True
3,1,0.36250001192092896,accepted,434,0.4829886257648468,1.0,True
3,1,0.36250001192092896,accepted,435,0.48354995250701904,1.0,True
3,1,0.36250001192092896,accepted,436,0.4845655560493469,1.0,True
3,1,0.36250001192092896,accepted,437,0.4868853688240051,1.0,True
3,1,0.36250001192092896,accepted,438,0.4874689280986786,1.0,True
3,1,0.36250001192092896,accepted,439,0.4822273850440979,1.0,True
3,1,0.36250001192092896,accepted,440,0.4804380536079407,1.0,True
3,1,0.36250001192092896,accepted,441,0.4823395907878876,1.0,True
3,1,0.36250001192092896,accepted,442,0.48617637157440186,1.0,True
3,1,0.36250001192092896,accepted,443,0.4814094603061676,1.0,True
3,1,0.36250001192092896,accepted,444,0.4848114848136902,1.0,True
3,1,0.36250001192092896,accepted,445,0.48474305868148804,1.0,True
3,1,0.36250001192092896,accepted,446,0.48025205731391907,1.0,True
3,1,0.36250001192092896,accepted,447,0.4817419648170471,1.0,True
3,1,0.36250001192092896,accepted,448,0.4847818613052368,1.0,True
3,1,0.36250001192092896,accepted,449,0.47813162207603455,1.0,True
3,1,0.36250001192092896,accepted,450,0.47880420088768005,1.0,True
3,1,0.36250001192092896,accepted,451,0.4828301668167114,1.0,True
3,1,0.36250001192092896,accepted,452,0.4846394956111908,1.0,True
3,1,0.36250001192092896,accepted,453,0.4861467182636261,1.0,True
3,1,0.36250001192092896,accepted,454,0.48368000984191895,1.0,True
3,1,0.36250001192092896,accepted,455,0.4812680780887604,1.0,True
3,1,0.36250001192092896,accepted,456,0.48510468006134033,1.0,True
3,1,0.36250001192092896,accepted,457,0.4845840334892273,1.0,True
3,1,0.36250001192092896,accepted,458,0.48811832070350647,1.0,True
3,1,0.36250001192092896,accepted,459,0.48207196593284607,1.0,True
3,1,0.36250001192092896,accepted,460,0.48655861616134644,1.0,True
3,1,0.36250001192092896,accepted,461,0.4795600473880768,1.0,True
3,1,0.36250001192092896,accepted,462,0.48541566729545593,1.0,True
3,1,0.36250001192092896,accepted,463,0.4886362552642822,1.0,True
3,1,0.36250001192092896,accepted,464,0.4762857258319855,1.0,True
3,1,0.36250001192092896,accepted,465,0.47966983914375305,1.0,True
3,1,0.36250001192092896,accepted,466,0.49183785915374756,1.0,True
3,1,0.36250001192092896,accepted,467,0.4831811785697937,1.0,True
3,1,0.36250001192092896,accepted,468,0.48752933740615845,1.0,True
3,1,0.36250001192092896,accepted,469,0.47956737875938416,1.0,True
3,1,0.36250001192092896,accepted,470,0.4823046326637268,1.0,True
3,1,0.36250001192092896,accepted,471,0.48894017934799194,1.0,True
3,1,0.36250001192092896,accepted,472,0.4785376191139221,1.0,True
3,1,0.36250001192092896,accepted,473,0.4825199246406555,1.0,True
3,1,0.36250001192092896,accepted,474,0.48531290888786316,1.0,True
3,1,0.36250001192092896,accepted,475,0.48313695192337036,1.0,True
3,1,0.36250001192092896,accepted,476,0.4857074022293091,1.0,True
3,1,0.36250001192092896,accepted,477,0.48955419659614563,1.0,True
3,1,0.36250001192092896,accepted,478,0.481102854013443,1.0,True
3,1,0.36250001192092896,accepted,479,0.48181548714637756,1.0,True
3,1,0.36250001192092896,accepted,480,0.4823009669780731,1.0,True
3,1,0.36250001192092896,accepted,481,0.48299598693847656,1.0,True
3,1,0.36250001192092896,accepted,482,0.4671242833137512,1.0,True
3,1,0.36250001192092896,accepted,483,0.48134884238243103,1.0,True
3,1,0.36250001192092896,accepted,484,0.4829895496368408,1.0,True
3,1,0.36250001192092896,accepted,485,0.48500382900238037,1.0,True
3,1,0.36250001192092896,accepted,486,0.4845249056816101,1.0,True
3,1,0.36250001192092896,accepted,487,0.4846154749393463,1.0,True
3,1,0.36250001192092896,accepted,488,0.48312774300575256,1.0,True
3,1,0.36250001192092896,accepted,489,0.4866114854812622,1.0,True
3,1,0.36250001192092896,accepted,490,0.48543328046798706,1.0,True
3,1,0.36250001192092896,accepted,491,0.491798460483551,1.0,True
3,1,0.36250001192092896,accepted,492,0.48096248507499695,1.0,True
3,1,0.36250001192092896,accepted,493,0.4850056767463684,1.0,True
3,1,0.36250001192092896,accepted,494,0.48439276218414307,1.0,True
3,1,0.36250001192092896,accepted,495,0.4880010485649109,1.0,True
3,1,0.36250001192092896,accepted,496,0.48694756627082825,1.0,True
3,1,0.36250001192092896,accepted,497,0.48293977975845337,1.0,True
3,1,0.36250001192092896,accepted,498,0.48910248279571533,1.0,True
3,1,0.36250001192092896,accepted,499,0.48283109068870544,1.0,True
3,1,0.36250001192092896,accepted,500,0.4867405295372009,1.0,True
4,1,0.5987499952316284,accepted,1,0.4187315106391907,1.0,False
4,1,0.5987499952316284,accepted,2,0.42176297307014465,1.0,True
4,1,0.5987499952316284,accepted,3,0.4299634099006653,1.0,True
4,1,0.5987499952316284,accepted,4,0.43948858976364136,1.0,True
4,1,0.5987499952316284,accepted,5,0.4662635326385498,1.0,True
4,1,0.5987499952316284,accepted,6,0.47192350029945374,1.0,True
4,1,0.5987499952316284,accepted,7,0.4966929256916046,1.0,True
4,1,0.5987499952316284,accepted,8,0.5192802548408508,1.0,True
4,1,0.5987499952316284,accepted,9,0.5308772325515747,1.0,True
4,1,0.5987499952316284,accepted,10,0.5474679470062256,1.0,True
4,1,0.5987499952316284,accepted,11,0.5639207363128662,1.0,True
4,1,0.5987499952316284,accepted,12,0.5802699327468872,1.0,True
4,1,0.5987499952316284,accepted,13,0.6080921292304993,1.0,True
4,1,0.5987499952316284,accepted,14,0.631568431854248,1.0,True
4,1,0.5987499952316284,accepted,15,0.6391716599464417,1.0,True
4,1,0.5987499952316284,accepted,16,0.6228023767471313,1.0,True
4,1,0.5987499952316284,accepted,17,0.6514922976493835,1.0,True
4,1,0.5987499952316284,accepted,18,0.6507968306541443,1.0,True
4,1,0.5987499952316284,accepted,19,0.6765512228012085,1.0,True
4,1,0.5987499952316284,accepted,20,0.6769824028015137,1.0,True
4,1,0.5987499952316284,accepted,21,0.6889036297798157,1.0,True
4,1,0.5987499952316284,accepted,22,0.6939810514450073,1.0,True
4,1,0.5987499952316284,accepted,23,0.7000592947006226,1.0,True
4,1,0.5987499952316284,accepted,24,0.7056171894073486,1.0,True
4,1,0.5987499952316284,accepted,25,0.7151041626930237,1.0,True
4,1,0.5987499952316284,accepted,26,0.7126586437225342,1.0,True
4,1,0.5987499952316284,accepted,27,0.723290741443634,1.0,True
4,1,0.5987499952316284,accepted,28,0.72625732421875,1.0,True
4,1,0.5987499952316284,accepted,29,0.7217774987220764,1.0,True
4,1,0.5987499952316284,accepted,30,0.7344567179679871,1.0,True
4,1,0.5987499952316284,accepted,31,0.735917866230011,1.0,True
4,1,0.5987499952316284,accepted,32,0.7468484044075012,1.0,True
4,1,0.5987499952316284,accepted,33,0.7513377070426941,1.0,True
4,1,0.5987499952316284,accepted,34,0.7583520412445068,1.0,True
4,1,0.5987499952316284,accepted,35,0.755136251449585,1.0,True
4,1,0.5987499952316284,accepted,36,0.7653969526290894,1.0,True
4,1,0.5987499952316284,accepted,37,0.7663084864616394,1.0,True
4,1,0.5987499952316284,accepted,38,0.766410768032074,1.0,True
4,1,0.5987499952316284,accepted,39,0.7692607641220093,1.0,True
4,1,0.5987499952316284,accepted,40,0.7775896191596985,1.0,True
4,1,0.5987499952316284,accepted,41,0.7818816900253296,1.0,True
4,1,0.5987499952316284,accepted,42,0.7771062850952148,1.0,True
4,1,0.5987499952316284,accepted,43,0.7716884613037109,1.0,True
4,1,0.5987499952316284,accepted,44,0.7900277376174927,1.0,True
4,1,0.5987499952316284,accepted,45,0.784747302532196,1.0,True
4,1,0.5987499952316284,accepted,46,0.7821173667907715,1.0,True
4,1,0.5987499952316284,accepted,47,0.7879630327224731,1.0,True
4,1,0.5987499952316284,accepted,48,0.7946855425834656,1.0,True
4,1,0.5987499952316284,accepted,49,0.7964001893997192,1.0,True
4,1,0.5987499952316284,accepted,50,0.7926570773124695,1.0,True
4,1,0.5987499952316284,accepted,51,0.7906185984611511,1.0,True
4,1,0.5987499952316284,accepted,52,0.7974094152450562,1.0,True
4,1,0.5987499952316284,accepted,53,0.7951282262802124,1.0,True
4,1,0.5987499952316284,accepted,54,0.7958990335464478,1.0,True
4,1,0.5987499952316284,accepted,55,0.7984078526496887,1.0,True
4,1,0.5987499952316284,accepted,56,0.8047495484352112,1.0,True
4,1,0.5987499952316284,accepted,57,0.8067290186882019,1.0,True
4,1,0.5987499952316284,accepted,58,0.8048478364944458,1.0,True
4,1,0.5987499952316284,accepted,59,0.806959867477417,1.0,True
4,1,0.5987499952316284,accepted,60,0.804685115814209,1.0,True
4,1,0.5987499952316284,accepted,61,0.8082013726234436,1.0,True
4,1,0.5987499952316284,accepted,62,0.8063413500785828,1.0,True
4,1,0.5987499952316284,accepted,63,0.8114698529243469,1.0,True
4,1,0.5987499952316284,accepted,64,0.8021169304847717,1.0,True
4,1,0.5987499952316284,accepted,65,0.8097752928733826,1.0,True
4,1,0.5987499952316284,accepted,66,0.81196528673172,1.0,True
4,1,0.5987499952316284,accepted,67,0.8132455348968506,1.0,True
4,1,0.5987499952316284,accepted,68,0.8171637654304504,1.0,True
4,1,0.5987499952316284,accepted,69,0.8136116862297058,1.0,True
4,1,0.5987499952316284,accepted,70,0.8106189966201782,1.0,True
4,1,0.5987499952316284,accepted,71,0.8131834864616394,1.0,True
4,1,0.5987499952316284,accepted,72,0.8186988830566406,1.0,True
4,1,0.5987499952316284,accepted,73,0.8177999258041382,1.0,True
4,1,0.5987499952316284,accepted,74,0.8211166262626648,1.0,True
4,1,0.5987499952316284,accepted,75,0.8217464685440063,1.0,True
4,1,0.5987499952316284,accepted,76,0.8165187835693359,1.0,True
4,1,0.5987499952316284,accepted,77,0.8156253099441528,1.0,True
4,1,0.5987499952316284,accepted,78,0.8181650042533875,1.0,True
4,1,0.5987499952316284,accepted,79,0.8167679309844971,1.0,True
4,1,0.5987499952316284,accepted,80,0.8228788375854492,1.0,True
4,1,0.5987499952316284,accepted,81,0.8246511816978455,1.0,True
4,1,0.5987499952316284,accepted,82,0.8233309984207153,1.0,True
4,1,0.5987499952316284,accepted,83,0.822063148021698,1.0,True
4,1,0.5987499952316284,accepted,84,0.8209537267684937,1.0,True
4,1,0.5987499952316284,accepted,85,0.8182836174964905,1.0,True
4,1,0.5987499952316284,accepted,86,0.8241920471191406,1.0,True
4,1,0.5987499952316284,accepted,87,0.8233027458190918,1.0,True
4,1,0.5987499952316284,accepted,88,0.8257687091827393,1.0,True
4,1,0.5987499952316284,accepted,89,0.8247140645980835,1.0,True
4,1,0.5987499952316284,accepted,90,0.825035035610199,1.0,True
4,1,0.5987499952316284,accepted,91,0.8251956105232239,1.0,True
4,1,0.5987499952316284,accepted,92,0.8266637921333313,1.0,True
4,1,0.5987499952316284,accepted,93,0.824616551399231,1.0,True
4,1,0.5987499952316284,accepted,94,0.8264746069908142,1.0,True
4,1,0.5987499952316284,accepted,95,0.8277303576469421,1.0,True
4,1,0.5987499952316284,accepted,96,0.8308495283126831,1.0,True
4,1,0.5987499952316284,accepted,97,0.8315027356147766,1.0,True
4,1,0.5987499952316284,accepted,98,0.8280967473983765,1.0,True
4,1,0.5987499952316284,accepted,99,0.8319818377494812,1.0,True
4,1,0.5987499952316284,accepted,100,0.834671139717102,1.0,True
4,1,0.5987499952316284,accepted,101,0.8309858441352844,1.0,True
4,1,0.5987499952316284,accepted,102,0.8290702700614929,1.0,True
4,1,0.5987499952316284,accepted,103,0.8294498920440674,1.0,True
4,1,0.5987499952316284,accepted,104,0.8385551571846008,1.0,True
4,1,0.5987499952316284,accepted,105,0.8338755369186401,1.0,True
4,1,0.5987499952316284,accepted,106,0.8307924866676331,1.0,True
4,1,0.5987499952316284,accepted,107,0.8322198390960693,1.0,True
4,1,0.5987499952316284,accepted,108,0.8348367214202881,1.0,True
4,1,0.5987499952316284,accepted,109,0.8357703685760498,1.0,True
4,1,0.5987499952316284,accepted,110,0.8352635502815247,1.0,True
4,1,0.5987499952316284,accepted,111,0.8329281210899353,1.0,True
4,1,0.5987499952316284,accepted,112,0.8351393342018127,1.0,True
4,1,0.5987499952316284,accepted,113,0.831201434135437,1.0,True
4,1,0.5987499952316284,accepted,114,0.8378676772117615,1.0,True
4,1,0.5987499952316284,accepted,115,0.8359106779098511,1.0,True
4,1,0.5987499952316284,accepted,116,0.8352189660072327,1.0,True
4,1,0.5987499952316284,accepted,117,0.8345246911048889,1.0,True
4,1,0.5987499952316284,accepted,118,0.8375416994094849,1.0,True
4,1,0.5987499952316284,accepted,119,0.8409737348556519,1.0,True
4,1,0.5987499952316284,accepted,120,0.8342286944389343,1.0,True
4,1,0.5987499952316284,accepted,121,0.8401817083358765,1.0,True
4,1,0.5987499952316284,accepted,122,0.8358436822891235,1.0,True
4,1,0.5987499952316284,accepted,123,0.8414229154586792,1.0,True
4,1,0.5987499952316284,accepted,124,0.8377398252487183,1.0,True
4,1,0.5987499952316284,accepted,125,0.8361243009567261,1.0,True
4,1,0.5987499952316284,accepted,126,0.8399701714515686,1.0,True
4,1,0.5987499952316284,accepted,127,0.8413106799125671,1.0,True
4,1,0.5987499952316284,accepted,128,0.8411726355552673,1.0,True
4,1,0.5987499952316284,accepted,129,0.8384111523628235,1.0,True
4,1,0.5987499952316284,accepted,130,0.8330806493759155,1.0,True
4,1,0.5987499952316284,accepted,131,0.8391727209091187,1.0,True
4,1,0.5987499952316284,accepted,132,0.841975212097168,1.0,True
4,1,0.5987499952316284,accepted,133,0.8419913053512573,1.0,True
4,1,0.5987499952316284,accepted,134,0.8412688970565796,1.0,True
4,1,0.5987499952316284,accepted,135,0.842739999294281,1.0,True
4,1,0.5987499952316284,accepted,136,0.8432062864303589,1.0,True
4,1,0.5987499952316284,accepted,137,0.8442812561988831,1.0,True
4,1,0.5987499952316284,accepted,138,0.8417311310768127,1.0,True
4,1,0.5987499952316284,accepted,139,0.8428235650062561,1.0,True
4,1,0.5987499952316284,accepted,140,0.8466259837150574,1.0,True
4,1,0.5987499952316284,accepted,141,0.8437821865081787,1.0,True
4,1,0.5987499952316284,accepted,142,0.8453673124313354,1.0,True
4,1,0.5987499952316284,accepted,143,0.8422514796257019,1.0,True
4,1,0.5987499952316284,accepted,144,0.8394609093666077,1.0,True
4,1,0.5987499952316284,accepted,145,0.8422643542289734,1.0,True
4,1,0.5987499952316284,accepted,146,0.8420330286026001,1.0,True
4,1,0.5987499952316284,accepted,147,0.843016505241394,1.0,True
4,1,0.5987499952316284,accepted,148,0.8402137756347656,1.0,True
4,1,0.5987499952316284,accepted,149,0.8432384133338928,1.0,True
4,1,0.5987499952316284,accepted,150,0.8416957855224609,1.0,True
4,1,0.5987499952316284,accepted,151,0.8426660895347595,1.0,True
4,1,0.5987499952316284,accepted,152,0.8439850211143494,1.0,True
4,1,0.5987499952316284,accepted,153,0.8384815454483032,1.0,True
4,1,0.5987499952316284,accepted,154,0.8419623374938965,1.0,True
4,1,0.5987499952316284,accepted,155,0.8438820242881775,1.0,True
4,1,0.5987499952316284,accepted,156,0.848300576210022,1.0,True
4,1,0.5987499952316284,accepted,157,0.8483070135116577,1.0,True
4,1,0.5987499952316284,accepted,158,0.8450514078140259,1.0,True
4,1,0.5987499952316284,accepted,159,0.8481970429420471,1.0,True
4,1,0.5987499952316284,accepted,160,0.8466227650642395,1.0,True
4,1,0.5987499952316284,accepted,161,0.8439174294471741,1.0,True
4,1,0.5987499952316284,accepted,162,0.8480967879295349,1.0,True
4,1,0.5987499952316284,accepted,163,0.8468003869056702,1.0,True
4,1,0.5987499952316284,accepted,164,0.8478606343269348,1.0,True
4,1,0.5987499952316284,accepted,165,0.8489221334457397,1.0,True
4,1,0.5987499952316284,accepted,166,0.8443231582641602,1.0,True
4,1,0.5987499952316284,accepted,167,0.8473174571990967,1.0,True
4,1,0.5987499952316284,accepted,168,0.8513543605804443,1.0,True
4,1,0.5987499952316284,accepted,169,0.8505979776382446,1.0,True
4,1,0.5987499952316284,accepted,170,0.8506855964660645,1.0,True
4,1,0.5987499952316284,accepted,171,0.8502184748649597,1.0,True
4,1,0.5987499952316284,accepted,172,0.8486857414245605,1.0,True
4,1,0.5987499952316284,accepted,173,0.84854656457901,1.0,True
4,1,0.5987499952316284,accepted,174,0.8498812317848206,1.0,True
4,1,0.5987499952316284,accepted,175,0.8516921997070312,1.0,True
4,1,0.5987499952316284,accepted,176,0.8498325943946838,1.0,True
4,1,0.5987499952316284,accepted,177,0.8517019748687744,1.0,True
4,1,0.5987499952316284,accepted,178,0.8483523726463318,1.0,True
4,1,0.5987499952316284,accepted,179,0.8513478636741638,1.0,True
4,1,0.5987499952316284,accepted,180,0.8555476665496826,1.0,True
4,1,0.5987499952316284,accepted,181,0.8493691682815552,1.0,True
4,1,0.5987499952316284,accepted,182,0.8519748449325562,1.0,True
4,1,0.5987499952316284,accepted,183,0.8468843698501587,1.0,True
4,1,0.5987499952316284,accepted,184,0.8546342849731445,1.0,True
4,1,0.5987499952316284,accepted,185,0.8529960513114929,1.0,True
4,1,0.5987499952316284,accepted,186,0.8491228818893433,1.0,True
4,1,0.5987499952316284,accepted,187,0.8522186875343323,1.0,True
4,1,0.5987499952316284,accepted,188,0.8529406785964966,1.0,True
4,1,0.5987499952316284,accepted,189,0.8525861501693726,1.0,True
4,1,0.5987499952316284,accepted,190,0.8551854491233826,1.0,True
4,1,0.5987499952316284,accepted,191,0.8516662120819092,1.0,True
4,1,0.5987499952316284,accepted,192,0.8510848879814148,1.0,True
4,1,0.5987499952316284,accepted,193,0.8502151966094971,1.0,True
4,1,0.5987499952316284,accepted,194,0.8476568460464478,1.0,True
4,1,0.5987499952316284,accepted,195,0.8533703088760376,1.0,True
4,1,0.5987499952316284,accepted,196,0.8537903428077698,1.0,True
4,1,0.5987499952316284,accepted,197,0.8519130945205688,1.0,True
4,1,0.5987499952316284,accepted,198,0.8549473285675049,1.0,True
4,1,0.5987499952316284,accepted,199,0.8530969023704529,1.0,True
4,1,0.5987499952316284,accepted,200,0.8510394096374512,1.0,True
4,1,0.5987499952316284,accepted,201,0.8531554937362671,1.0,True
4,1,0.5987499952316284,accepted,202,0.8535428643226624,1.0,True
4,1,0.5987499952316284,accepted,203,0.8538001179695129,1.0,True
4,1,0.5987499952316284,accepted,204,0.8571777939796448,1.0,True
4,1,0.5987499952316284,accepted,205,0.8541551828384399,1.0,True
4,1,0.5987499952316284,accepted,206,0.8546897172927856,1.0,True
4,1,0.5987499952316284,accepted,207,0.8560765385627747,1.0,True
4,1,0.5987499952316284,accepted,208,0.8576160669326782,1.0,True
4,1,0.5987499952316284,accepted,209,0.8550387024879456,1.0,True
4,1,0.5987499952316284,accepted,210,0.8571581840515137,1.0,True
4,1,0.5987499952316284,accepted,211,0.8556389808654785,1.0,True
4,1,0.5987499952316284,accepted,212,0.8580775260925293,1.0,True
4,1,0.5987499952316284,accepted,213,0.8560765385627747,1.0,True
4,1,0.5987499952316284,accepted,214,0.857063353061676,1.0,True
4,1,0.5987499952316284,accepted,215,0.8565241098403931,1.0,True
4,1,0.5987499952316284,accepted,216,0.8590075969696045,1.0,True
4,1,0.5987499952316284,accepted,217,0.8593549728393555,1.0,True
4,1,0.5987499952316284,accepted,218,0.8573347330093384,1.0,True
4,1,0.5987499952316284,accepted,219,0.8554269075393677,1.0,True
4,1,0.5987499952316284,accepted,220,0.8581101894378662,1.0,True
4,1,0.5987499952316284,accepted,221,0.8617876172065735,1.0,True
4,1,0.5987499952316284,accepted,222,0.8579661846160889,1.0,True
4,1,0.5987499952316284,accepted,223,0.8582051396369934,1.0,True
4,1,0.5987499952316284,accepted,224,0.8589813709259033,1.0,True
4,1,0.5987499952316284,accepted,225,0.8620406985282898,1.0,True
4,1,0.5987499952316284,accepted,226,0.8602208495140076,1.0,True
4,1,0.5987499952316284,accepted,227,0.8570862412452698,1.0,True
4,1,0.5987499952316284,accepted,228,0.8545005917549133,1.0,True
4,1,0.5987499952316284,accepted,229,0.8588961958885193,1.0,True
4,1,0.5987499952316284,accepted,230,0.856200635433197,1.0,True
4,1,0.5987499952316284,accepted,231,0.8561124801635742,1.0,True
4,1,0.5987499952316284,accepted,232,0.8596041798591614,1.0,True
4,1,0.5987499952316284,accepted,233,0.8586570620536804,1.0,True
4,1,0.5987499952316284,accepted,234,0.8541160821914673,1.0,True
4,1,0.5987499952316284,accepted,235,0.8610449433326721,1.0,True
4,1,0.5987499952316284,accepted,236,0.8591223359107971,1.0,True
4,1,0.5987499952316284,accepted,237,0.8593255281448364,1.0,True
4,1,0.5987499952316284,accepted,238,0.8594762682914734,1.0,True
4,1,0.5987499952316284,accepted,239,0.8590173721313477,1.0,True
4,1,0.5987499952316284,accepted,240,0.8616002202033997,1.0,True
4,1,0.5987499952316284,accepted,241,0.8575310111045837,1.0,True
4,1,0.5987499952316284,accepted,242,0.8599551320075989,1.0,True
4,1,0.5987499952316284,accepted,243,0.8642303347587585,1.0,True
4,1,0.5987499952316284,accepted,244,0.8594369292259216,1.0,True
4,1,0.5987499952316284,accepted,245,0.8603718280792236,1.0,True
4,1,0.5987499952316284,accepted,246,0.8650846481323242,1.0,True
4,1,0.5987499952316284,accepted,247,0.8584736585617065,1.0,True
4,1,0.5987499952316284,accepted,248,0.8620966076850891,1.0,True
4,1,0.5987499952316284,accepted,249,0.8625966310501099,1.0,True
4,1,0.5987499952316284,accepted,250,0.8594861030578613,1.0,True
4,1,0.5987499952316284,accepted,251,0.8563117384910583,1.0,True
4,1,0.5987499952316284,accepted,252,0.8606967926025391,1.0,True
4,1,0.5987499952316284,accepted,253,0.8587585687637329,1.0,True
4,1,0.5987499952316284,accepted,254,0.8590338230133057,1.0,True
4,1,0.5987499952316284,accepted,255,0.8581953048706055,1.0,True
4,1,0.5987499952316284,accepted,256,0.8604046702384949,1.0,True
4,1,0.5987499952316284,accepted,257,0.8611664772033691,1.0,True
4,1,0.5987499952316284,accepted,258,0.8602536916732788,1.0,True
4,1,0.5987499952316284,accepted,259,0.8593648672103882,1.0,True
4,1,0.5987499952316284,accepted,260,0.8629159331321716,1.0,True
4,1,0.5987499952316284,accepted,261,0.8613964915275574,1.0,True
4,1,0.5987499952316284,accepted,262,0.8594270944595337,1.0,True
4,1,0.5987499952316284,accepted,263,0.8599288463592529,1.0,True
4,1,0.5987499952316284,accepted,264,0.8602011799812317,1.0,True
4,1,0.5987499952316284,accepted,265,0.860811710357666,1.0,True
4,1,0.5987499952316284,accepted,266,0.8610317707061768,1.0,True
4,1,0.5987499952316284,accepted,267,0.86440509557724,1.0,True
4,1,0.5987499952316284,accepted,268,0.8623729348182678,1.0,True
4,1,0.5987499952316284,accepted,269,0.8590272665023804,1.0,True
4,1,0.5987499952316284,accepted,270,0.8538293838500977,1.0,True
4,1,0.5987499952316284,accepted,271,0.8614358901977539,1.0,True
4,1,0.5987499952316284,accepted,272,0.8611072897911072,1.0,True
4,1,0.5987499952316284,accepted,273,0.8596435189247131,1.0,True
4,1,0.5987499952316284,accepted,274,0.8594270944595337,1.0,True
4,1,0.5987499952316284,accepted,275,0.8605425357818604,1.0,True
4,1,0.5987499952316284,accepted,276,0.861090898513794,1.0,True
4,1,0.5987499952316284,accepted,277,0.8623926639556885,1.0,True
4,1,0.5987499952316284,accepted,278,0.8618795871734619,1.0,True
4,1,0.5987499952316284,accepted,279,0.8608840107917786,1.0,True
4,1,0.5987499952316284,accepted,280,0.8600962162017822,1.0,True
4,1,0.5987499952316284,accepted,281,0.8628270030021667,1.0,True
4,1,0.5987499952316284,accepted,282,0.8639798164367676,1.0,True
4,1,0.5987499952316284,accepted,283,0.864682137966156,1.0,True
4,1,0.5987499952316284,accepted,284,0.8647052049636841,1.0,True
4,1,0.5987499952316284,accepted,285,0.865134060382843,1.0,True
4,1,0.5987499952316284,accepted,286,0.8624123930931091,1.0,True
4,1,0.5987499952316284,accepted,287,0.8639237284660339,1.0,True
4,1,0.5987499952316284,accepted,288,0.8613734841346741,1.0,True
4,1,0.5987499952316284,accepted,289,0.8634559512138367,1.0,True
4,1,0.5987499952316284,accepted,290,0.8618763089179993,1.0,True
4,1,0.5987499952316284,accepted,291,0.8620900511741638,1.0,True
4,1,0.5987499952316284,accepted,292,0.8656557202339172,1.0,True
4,1,0.5987499952316284,accepted,293,0.8640720844268799,1.0,True
4,1,0.5987499952316284,accepted,294,0.8668618202209473,1.0,True
4,1,0.5987499952316284,accepted,295,0.8705169558525085,1.0,True
4,1,0.5987499952316284,accepted,296,0.8698862195014954,1.0,True
4,1,0.5987499952316284,accepted,297,0.8681193590164185,1.0,True
4,1,0.5987499952316284,accepted,298,0.865441083908081,1.0,True
4,1,0.5987499952316284,accepted,299,0.8618236780166626,1.0,True
4,1,0.5987499952316284,accepted,300,0.8662701845169067,1.0,True
4,1,0.5987499952316284,accepted,301,0.8658340573310852,1.0,True
4,1,0.5987499952316284,accepted,302,0.8657581210136414,1.0,True
4,1,0.5987499952316284,accepted,303,0.8681325912475586,1.0,True
4,1,0.5987499952316284,accepted,304,0.8633307218551636,1.0,True
4,1,0.5987499952316284,accepted,305,0.8620176911354065,1.0,True
4,1,0.5987499952316284,accepted,306,0.8669742941856384,1.0,True
4,1,0.5987499952316284,accepted,307,0.8680431842803955,1.0,True
4,1,0.5987499952316284,accepted,308,0.8632846474647522,1.0,True
4,1,0.5987499952316284,accepted,309,0.8656259775161743,1.0,True
4,1,0.5987499952316284,accepted,310,0.8686161637306213,1.0,True
4,1,0.5987499952316284,accepted,311,0.8676062226295471,1.0,True
4,1,0.5987499952316284,accepted,312,0.8650054335594177,1.0,True
4,1,0.5987499952316284,accepted,313,0.866683304309845,1.0,True
4,1,0.5987499952316284,accepted,314,0.8670403957366943,1.0,True
4,1,0.5987499952316284,accepted,315,0.8642897009849548,1.0,True
4,1,0.5987499952316284,accepted,316,0.8679968118667603,1.0,True
4,1,0.5987499952316284,accepted,317,0.8680961728096008,1.0,True
4,1,0.5987499952316284,accepted,318,0.8643062114715576,1.0,True
4,1,0.5987499952316284,accepted,319,0.8693156838417053,1.0,True
4,1,0.5987499952316284,accepted,320,0.8664650917053223,1.0,True
4,1,0.5987499952316284,accepted,321,0.8667858242988586,1.0,True
4,1,0.5987499952316284,accepted,322,0.8653553128242493,1.0,True
4,1,0.5987499952316284,accepted,323,0.8670536875724792,1.0,True
4,1,0.5987499952316284,accepted,324,0.8655995726585388,1.0,True
4,1,0.5987499952316284,accepted,325,0.8668419718742371,1.0,True
4,1,0.5987499952316284,accepted,326,0.8669842481613159,1.0,True
4,1,0.5987499952316284,accepted,327,0.8683843016624451,1.0,True
4,1,0.5987499952316284,accepted,328,0.8647183775901794,1.0,True
4,1,0.5987499952316284,accepted,329,0.8680067658424377,1.0,True
4,1,0.5987499952316284,accepted,330,0.8663759231567383,1.0,True
4,1,0.5987499952316284,accepted,331,0.8689542412757874,1.0,True
4,1,0.5987499952316284,accepted,332,0.8667924404144287,1.0,True
4,1,0.5987499952316284,accepted,333,0.8653882741928101,1.0,True
4,1,0.5987499952316284,accepted,334,0.8652892112731934,1.0,True
4,1,0.5987499952316284,accepted,335,0.8669710159301758,1.0,True
4,1,0.5987499952316284,accepted,336,0.8656788468360901,1.0,True
4,1,0.5987499952316284,accepted,337,0.8694848418235779,1.0,True
4,1,0.5987499952316284,accepted,338,0.8704771399497986,1.0,True
4,1,0.5987499952316284,accepted,339,0.8692029118537903,1.0,True
4,1,0.5987499952316284,accepted,340,0.8671594858169556,1.0,True
4,1,0.5987499952316284,accepted,341,0.8716434240341187,1.0,True
4,1,0.5987499952316284,accepted,342,0.8712378740310669,1.0,True
4,1,0.5987499952316284,accepted,343,0.8722355365753174,1.0,True
4,1,0.5987499952316284,accepted,344,0.8664122819900513,1.0,True
4,1,0.5987499952316284,accepted,345,0.8683081269264221,1.0,True
4,1,0.5987499952316284,accepted,346,0.8649625182151794,1.0,True
4,1,0.5987499952316284,accepted,347,0.8675267696380615,1.0,True
4,1,0.5987499952316284,accepted,348,0.8664354085922241,1.0,True
4,1,0.5987499952316284,accepted,349,0.8656359314918518,1.0,True
4,1,0.5987499952316284,accepted,350,0.8662007451057434,1.0,True
4,1,0.5987499952316284,accepted,351,0.8669015169143677,1.0,True
4,1,0.5987499952316284,accepted,352,0.8685764074325562,1.0,True
4,1,0.5987499952316284,accepted,353,0.8676624894142151,1.0,True
4,1,0.5987499952316284,accepted,354,0.8698564171791077,1.0,True
4,1,0.5987499952316284,accepted,355,0.8713409304618835,1.0,True
4,1,0.5987499952316284,accepted,356,0.8702015280723572,1.0,True
4,1,0.5987499952316284,accepted,357,0.8707394599914551,1.0,True
4,1,0.5987499952316284,accepted,358,0.8717830777168274,1.0,True
4,1,0.5987499952316284,accepted,359,0.870404064655304,1.0,True
4,1,0.5987499952316284,accepted,360,0.8671826720237732,1.0,True
4,1,0.5987499952316284,accepted,361,0.8743842840194702,1.0,True
4,1,0.5987499952316284,accepted,362,0.8697866797447205,1.0,True
4,1,0.5987499952316284,accepted,363,0.8693123459815979,1.0,True
4,1,0.5987499952316284,accepted,364,0.8702645897865295,1.0,True
4,1,0.5987499952316284,accepted,365,0.870616614818573,1.0,True
4,1,0.5987499952316284,accepted,366,0.8682783842086792,1.0,True
4,1,0.5987499952316284,accepted,367,0.8704007267951965,1.0,True
4,1,0.5987499952316284,accepted,368,0.8707594275474548,1.0,True
4,1,0.5987499952316284,accepted,369,0.8736374378204346,1.0,True
4,1,0.5987499952316284,accepted,370,0.8733775019645691,1.0,True
4,1,0.5987499952316284,accepted,371,0.8701251745223999,1.0,True
4,1,0.5987499952316284,accepted,372,0.8700123429298401,1.0,True
4,1,0.5987499952316284,accepted,373,0.8697468638420105,1.0,True
4,1,0.5987499952316284,accepted,374,0.8721590042114258,1.0,True
4,1,0.5987499952316284,accepted,375,0.8706232309341431,1.0,True
4,1,0.5987499952316284,accepted,376,0.8722687363624573,1.0,True
4,1,0.5987499952316284,accepted,377,0.8692825436592102,1.0,True
4,1,0.5987499952316284,accepted,378,0.8711447715759277,1.0,True
4,1,0.5987499952316284,accepted,379,0.8689310550689697,1.0,True
4,1,0.5987499952316284,accepted,380,0.8688449263572693,1.0,True
4,1,0.5987499952316284,accepted,381,0.8728112578392029,1.0,True
4,1,0.5987499952316284,accepted,382,0.8714040517807007,1.0,True
4,1,0.5987499952316284,accepted,383,0.8698564171791077,1.0,True
4,1,0.5987499952316284,accepted,384,0.8706862926483154,1.0,True
4,1,0.5987499952316284,accepted,385,0.872571587562561,1.0,True
4,1,0.5987499952316284,accepted,386,0.8717764616012573,1.0,True
4,1,0.5987499952316284,accepted,387,0.869584321975708,1.0,True
4,1,0.5987499952316284,accepted,388,0.869670569896698,1.0,True
4,1,0.5987499952316284,accepted,389,0.8715171217918396,1.0,True
4,1,0.5987499952316284,accepted,390,0.8711680769920349,1.0,True
4,1,0.5987499952316284,accepted,391,0.8705301880836487,1.0,True
4,1,0.5987499952316284,accepted,392,0.8695213198661804,1.0,True
4,1,0.5987499952316284,accepted,393,0.8685764074325562,1.0,True
4,1,0.5987499952316284,accepted,394,0.8704771399497986,1.0,True
4,1,0.5987499952316284,accepted,395,0.8699061274528503,1.0,True
4,1,0.5987499952316284,accepted,396,0.8708391189575195,1.0,True
4,1,0.5987499952316284,accepted,397,0.8723819255828857,1.0,True
4,1,0.5987499952316284,accepted,398,0.8703941106796265,1.0,True
4,1,0.5987499952316284,accepted,399,0.8652760982513428,1.0,True
4,1,0.5987499952316284,accepted,400,0.8693754076957703,1.0,True
4,1,0.5987499952316284,accepted,401,0.8693985939025879,1.0,True
4,1,0.5987499952316284,accepted,402,0.8713508248329163,1.0,True
4,1,0.5987499952316284,accepted,403,0.8709920048713684,1.0,True
4,1,0.5987499952316284,accepted,404,0.8689808249473572,1.0,True
4,1,0.5987499952316284,accepted,405,0.8679107427597046,1.0,True
4,1,0.5987499952316284,accepted,406,0.868583083152771,1.0,True
4,1,0.5987499952316284,accepted,407,0.86763596534729,1.0,True
4,1,0.5987499952316284,accepted,408,0.8705568313598633,1.0,True
4,1,0.5987499952316284,accepted,409,0.86995929479599,1.0,True
4,1,0.5987499952316284,accepted,410,0.8734941482543945,1.0,True
4,1,0.5987499952316284,accepted,411,0.8736907243728638,1.0,True
4,1,0.5987499952316284,accepted,412,0.8727747201919556,1.0,True
4,1,0.5987499952316284,accepted,413,0.8704903721809387,1.0,True
4,1,0.5987499952316284,accepted,414,0.8706132769584656,1.0,True
4,1,0.5987499952316284,accepted,415,0.8731709122657776,1.0,True
4,1,0.5987499952316284,accepted,416,0.8746911883354187,1.0,True
4,1,0.5987499952316284,accepted,417,0.8738840818405151,1.0,True
4,1,0.5987499952316284,accepted,418,0.8737540245056152,1.0,True
4,1,0.5987499952316284,accepted,419,0.8714705109596252,1.0,True
4,1,0.5987499952316284,accepted,420,0.8733608722686768,1.0,True
4,1,0.5987499952316284,accepted,421,0.8697468638420105,1.0,True
4,1,0.5987499952316284,accepted,422,0.8716567754745483,1.0,True
4,1,0.5987499952316284,accepted,423,0.871364176273346,1.0,True
4,1,0.5987499952316284,accepted,424,0.8735541701316833,1.0,True
4,1,0.5987499952316284,accepted,425,0.8737907409667969,1.0,True
4,1,0.5987499952316284,accepted,426,0.8741975426673889,1.0,True
4,1,0.5987499952316284,accepted,427,0.8747478723526001,1.0,True
4,1,0.5987499952316284,accepted,428,0.8747478723526001,1.0,True
4,1,0.5987499952316284,accepted,429,0.8710950016975403,1.0,True
4,1,0.5987499952316284,accepted,430,0.8707029223442078,1.0,True
4,1,0.5987499952316284,accepted,431,0.8723652362823486,1.0,True
4,1,0.5987499952316284,accepted,432,0.873724102973938,1.0,True
4,1,0.5987499952316284,accepted,433,0.875950038433075,1.0,True
4,1,0.5987499952316284,accepted,434,0.8707660436630249,1.0,True
4,1,0.5987499952316284,accepted,435,0.8689808249473572,1.0,True
4,1,0.5987499952316284,accepted,436,0.8707660436630249,1.0,True
4,1,0.5987499952316284,accepted,437,0.8729745149612427,1.0,True
4,1,0.5987499952316284,accepted,438,0.8730410933494568,1.0,True
4,1,0.5987499952316284,accepted,439,0.8696473240852356,1.0,True
4,1,0.5987499952316284,accepted,440,0.8717365264892578,1.0,True
4,1,0.5987499952316284,accepted,441,0.871829628944397,1.0,True
4,1,0.5987499952316284,accepted,442,0.8772140145301819,1.0,True
4,1,0.5987499952316284,accepted,443,0.8773713111877441,1.0,True
4,1,0.5987499952316284,accepted,444,0.8717198967933655,1.0,True
4,1,0.5987499952316284,accepted,445,0.8700355887413025,1.0,True
4,1,0.5987499952316284,accepted,446,0.8702214956283569,1.0,True
4,1,0.5987499952316284,accepted,447,0.8719560503959656,1.0,True
4,1,0.5987499952316284,accepted,448,0.8755624890327454,1.0,True
4,1,0.5987499952316284,accepted,449,0.870384156703949,1.0,True
4,1,0.5987499952316284,accepted,450,0.8733075261116028,1.0,True
4,1,0.5987499952316284,accepted,451,0.8751050233840942,1.0,True
4,1,0.5987499952316284,accepted,452,0.8748981356620789,1.0,True
4,1,0.5987499952316284,accepted,453,0.87497478723526,1.0,True
4,1,0.5987499952316284,accepted,454,0.8750449419021606,1.0,True
4,1,0.5987499952316284,accepted,455,0.8736141324043274,1.0,True
4,1,0.5987499952316284,accepted,456,0.8761571645736694,1.0,True
4,1,0.5987499952316284,accepted,457,0.8747178912162781,1.0,True
4,1,0.5987499952316284,accepted,458,0.8732009530067444,1.0,True
4,1,0.5987499952316284,accepted,459,0.8784496188163757,1.0,True
4,1,0.5987499952316284,accepted,460,0.8766520023345947,1.0,True
4,1,0.5987499952316284,accepted,461,0.8740374445915222,1.0,True
4,1,0.5987499952316284,accepted,462,0.8737740516662598,1.0,True
4,1,0.5987499952316284,accepted,463,0.8743042349815369,1.0,True
4,1,0.5987499952316284,accepted,464,0.8728746175765991,1.0,True
4,1,0.5987499952316284,accepted,465,0.8750416040420532,1.0,True
4,1,0.5987499952316284,accepted,466,0.879063069820404,1.0,True
4,1,0.5987499952316284,accepted,467,0.8742941617965698,1.0,True
4,1,0.5987499952316284,accepted,468,0.8748279809951782,1.0,True
4,1,0.5987499952316284,accepted,469,0.8798245787620544,1.0,True
4,1,0.5987499952316284,accepted,470,0.8764246106147766,1.0,True
4,1,0.5987499952316284,accepted,471,0.8734874725341797,1.0,True
4,1,0.5987499952316284,accepted,472,0.8738340139389038,1.0,True
4,1,0.5987499952316284,accepted,473,0.8755224347114563,1.0,True
4,1,0.5987499952316284,accepted,474,0.874984860420227,1.0,True
4,1,0.5987499952316284,accepted,475,0.8742741346359253,1.0,True
4,1,0.5987499952316284,accepted,476,0.8738874197006226,1.0,True
4,1,0.5987499952316284,accepted,477,0.8734741806983948,1.0,True
4,1,0.5987499952316284,accepted,478,0.8750015497207642,1.0,True
4,1,0.5987499952316284,accepted,479,0.8755224347114563,1.0,True
4,1,0.5987499952316284,accepted,480,0.8751383423805237,1.0,True
4,1,0.5987499952316284,accepted,481,0.8771370053291321,1.0,True
4,1,0.5987499952316284,accepted,482,0.874444305896759,1.0,True
4,1,0.5987499952316284,accepted,483,0.8724750876426697,1.0,True
4,1,0.5987499952316284,accepted,484,0.8726981282234192,1.0,True
4,1,0.5987499952316284,accepted,485,0.8742941617965698,1.0,True
4,1,0.5987499952316284,accepted,486,0.8730909824371338,1.0,True
4,1,0.5987499952316284,accepted,487,0.8764914870262146,1.0,True
4,1,0.5987499952316284,accepted,488,0.8781514763832092,1.0,True
4,1,0.5987499952316284,accepted,489,0.8760502934455872,1.0,True
4,1,0.5987499952316284,accepted,490,0.8737106919288635,1.0,True
4,1,0.5987499952316284,accepted,491,0.8768459558486938,1.0,True
4,1,0.5987499952316284,accepted,492,0.8759233355522156,1.0,True
4,1,0.5987499952316284,accepted,493,0.8744242787361145,1.0,True
4,1,0.5987499952316284,accepted,494,0.8762173652648926,1.0,True
4,1,0.5987499952316284,accepted,495,0.875729501247406,1.0,True
4,1,0.5987499952316284,accepted,496,0.872961163520813,1.0,True
4,1,0.5987499952316284,accepted,497,0.8764580488204956,1.0,True
4,1,0.5987499952316284,accepted,498,0.8743175864219666,1.0,True
4,1,0.5987499952316284,accepted,499,0.8725183606147766,1.0,True
4,1,0.5987499952316284,accepted,500,0.8734041452407837,1.0,True
5,1,0.953125,accepted,1,0.4858797490596771,1.0,True
5,1,0.953125,accepted,2,0.48858964443206787,1.0,True
5,1,0.953125,accepted,3,0.5002601742744446,1.0,True
5,1,0.953125,accepted,4,0.5075104236602783,1.0,True
5,1,0.953125,accepted,5,0.524024248123169,1.0,True
5,1,0.953125,accepted,6,0.540563702583313,1.0,True
5,1,0.953125,accepted,7,0.5611289143562317,1.0,True
5,1,0.953125,accepted,8,0.5873585939407349,1.0,True
5,1,0.953125,accepted,9,0.6114043593406677,1.0,True
5,1,0.953125,accepted,10,0.6357405185699463,1.0,True
5,1,0.953125,accepted,11,0.6564317345619202,1.0,True
5,1,0.953125,accepted,12,0.6640124917030334,1.0,True
5,1,0.953125,accepted,13,0.6862989664077759,1.0,True
5,1,0.953125,accepted,14,0.7083600163459778,1.0,True
5,1,0.953125,accepted,15,0.7215820550918579,1.0,True
5,1,0.953125,accepted,16,0.7309015393257141,1.0,True
5,1,0.953125,accepted,17,0.717952311038971,1.0,True
5,1,0.953125,accepted,18,0.755358099937439,1.0,True
5,1,0.953125,accepted,19,0.732990026473999,1.0,True
5,1,0.953125,accepted,20,0.7613347768783569,1.0,True
5,1,0.953125,accepted,21,0.7607366442680359,1.0,True
5,1,0.953125,accepted,22,0.7689409852027893,1.0,True
5,1,0.953125,accepted,23,0.7795795798301697,1.0,True
5,1,0.953125,accepted,24,0.78736811876297,1.0,True
5,1,0.953125,accepted,25,0.7892204523086548,1.0,True
5,1,0.953125,accepted,26,0.7978293299674988,1.0,True
5,1,0.953125,accepted,27,0.8034980893135071,1.0,True
5,1,0.953125,accepted,28,0.8120086789131165,1.0,True
5,1,0.953125,accepted,29,0.8242108821868896,1.0,True
5,1,0.953125,accepted,30,0.8240348100662231,1.0,True
5,1,0.953125,accepted,31,0.8335384130477905,1.0,True
5,1,0.953125,accepted,32,0.8372286558151245,1.0,True
5,1,0.953125,accepted,33,0.8421743512153625,1.0,True
5,1,0.953125,accepted,34,0.8409159779548645,1.0,True
5,1,0.953125,accepted,35,0.8472592830657959,1.0,True
5,1,0.953125,accepted,36,0.8480352163314819,1.0,True
5,1,0.953125,accepted,37,0.8455608487129211,1.0,True
5,1,0.953125,accepted,38,0.8521406650543213,1.0,True
5,1,0.953125,accepted,39,0.8588044047355652,1.0,True
5,1,0.953125,accepted,40,0.8590272665023804,1.0,True
5,1,0.953125,accepted,41,0.8637722134590149,1.0,True
5,1,0.953125,accepted,42,0.8670735359191895,1.0,True
5,1,0.953125,accepted,43,0.868536651134491,1.0,True
5,1,0.953125,accepted,44,0.8636601567268372,1.0,True
5,1,0.953125,accepted,45,0.8668751120567322,1.0,True
5,1,0.953125,accepted,46,0.8720957636833191,1.0,True
5,1,0.953125,accepted,47,0.8763778209686279,1.0,True
5,1,0.953125,accepted,48,0.875656008720398,1.0,True
5,1,0.953125,accepted,49,0.8775151968002319,1.0,True
5,1,0.953125,accepted,50,0.8802307844161987,1.0,True
5,1,0.953125,accepted,51,0.8820122480392456,1.0,True
5,1,0.953125,accepted,52,0.8833051919937134,1.0,True
5,1,0.953125,accepted,53,0.8867015242576599,1.0,True
5,1,0.953125,accepted,54,0.8811513185501099,1.0,True
5,1,0.953125,accepted,55,0.8831838965415955,1.0,True
5,1,0.953125,accepted,56,0.8852211833000183,1.0,True
5,1,0.953125,accepted,57,0.8905048370361328,1.0,True
5,1,0.953125,accepted,58,0.8868029117584229,1.0,True
5,1,0.953125,accepted,59,0.888367235660553,1.0,True
5,1,0.953125,accepted,60,0.8891063928604126,1.0,True
5,1,0.953125,accepted,61,0.8894726634025574,1.0,True
5,1,0.953125,accepted,62,0.8951709270477295,1.0,True
5,1,0.953125,accepted,63,0.8918034434318542,1.0,True
5,1,0.953125,accepted,64,0.8901312351226807,1.0,True
5,1,0.953125,accepted,65,0.8904029130935669,1.0,True
5,1,0.953125,accepted,66,0.8924908638000488,1.0,True
5,1,0.953125,accepted,67,0.8976603150367737,1.0,True
5,1,0.953125,accepted,68,0.8963326215744019,1.0,True
5,1,0.953125,accepted,69,0.8929540514945984,1.0,True
5,1,0.953125,accepted,70,0.8950138092041016,1.0,True
5,1,0.953125,accepted,71,0.8998614549636841,1.0,True
5,1,0.953125,accepted,72,0.8994426727294922,1.0,True
5,1,0.953125,accepted,73,0.8978383541107178,1.0,True
5,1,0.953125,accepted,74,0.8956080675125122,1.0,True
5,1,0.953125,accepted,75,0.9008162021636963,1.0,True
5,1,0.953125,accepted,76,0.9009674191474915,1.0,True
5,1,0.953125,accepted,77,0.9035832285881042,1.0,True
5,1,0.953125,accepted,78,0.894576907157898,1.0,True
5,1,0.953125,accepted,79,0.9019715785980225,1.0,True
5,1,0.953125,accepted,80,0.900534451007843,1.0,True
5,1,0.953125,accepted,81,0.9029629826545715,1.0,True
5,1,0.953125,accepted,82,0.8999506831169128,1.0,True
5,1,0.953125,accepted,83,0.9023088216781616,1.0,True
5,1,0.953125,accepted,84,0.9070436358451843,1.0,True
5,1,0.953125,accepted,85,0.9095314145088196,1.0,True
5,1,0.953125,accepted,86,0.9068983197212219,1.0,True
5,1,0.953125,accepted,87,0.9041211009025574,1.0,True
5,1,0.953125,accepted,88,0.9071613550186157,1.0,True
5,1,0.953125,accepted,89,0.9054948687553406,1.0,True
5,1,0.953125,accepted,90,0.902632474899292,1.0,True
5,1,0.953125,accepted,91,0.9080268740653992,1.0,True
5,1,0.953125,accepted,92,0.9108021855354309,1.0,True
5,1,0.953125,accepted,93,0.905619204044342,1.0,True
5,1,0.953125,accepted,94,0.9052392840385437,1.0,True
5,1,0.953125,accepted,95,0.9063034653663635,1.0,True
5,1,0.953125,accepted,96,0.911094069480896,1.0,True
5,1,0.953125,accepted,97,0.9104825854301453,1.0,True
5,1,0.953125,accepted,98,0.9090666174888611,1.0,True
5,1,0.953125,accepted,99,0.909073531627655,1.0,True
5,1,0.953125,accepted,100,0.9079576134681702,1.0,True
5,1,0.953125,accepted,101,0.9107604622840881,1.0,True
5,1,0.953125,accepted,102,0.9102186560630798,1.0,True
5,1,0.953125,accepted,103,0.9068983197212219,1.0,True
5,1,0.953125,accepted,104,0.9109064340591431,1.0,True
5,1,0.953125,accepted,105,0.913990318775177,1.0,True
5,1,0.953125,accepted,106,0.9103506207466125,1.0,True
5,1,0.953125,accepted,107,0.9109480977058411,1.0,True
5,1,0.953125,accepted,108,0.9137393236160278,1.0,True
5,1,0.953125,accepted,109,0.9134396314620972,1.0,True
5,1,0.953125,accepted,110,0.9090527296066284,1.0,True
5,1,0.953125,accepted,111,0.9155117273330688,1.0,True
5,1,0.953125,accepted,112,0.9169516563415527,1.0,True
5,1,0.953125,accepted,113,0.9098228812217712,1.0,True
5,1,0.953125,accepted,114,0.911511242389679,1.0,True
5,1,0.953125,accepted,115,0.9118102788925171,1.0,True
5,1,0.953125,accepted,116,0.9143320918083191,1.0,True
5,1,0.953125,accepted,117,0.9141576886177063,1.0,True
5,1,0.953125,accepted,118,0.9138718247413635,1.0,True
5,1,0.953125,accepted,119,0.9163362979888916,1.0,True
5,1,0.953125,accepted,120,0.9154908061027527,1.0,True
5,1,0.953125,accepted,121,0.9148204922676086,1.0,True
5,1,0.953125,accepted,122,0.9118590354919434,1.0,True
5,1,0.953125,accepted,123,0.9123809933662415,1.0,True
5,1,0.953125,accepted,124,0.9146180748939514,1.0,True
5,1,0.953125,accepted,125,0.9177005887031555,1.0,True
5,1,0.953125,accepted,126,0.9165040850639343,1.0,True
5,1,0.953125,accepted,127,0.9159938097000122,1.0,True
5,1,0.953125,accepted,128,0.9154698252677917,1.0,True
5,1,0.953125,accepted,129,0.9147228002548218,1.0,True
5,1,0.953125,accepted,130,0.9147646427154541,1.0,True
5,1,0.953125,accepted,131,0.9178896546363831,1.0,True
5,1,0.953125,accepted,132,0.9148483872413635,1.0,True
5,1,0.953125,accepted,133,0.916532039642334,1.0,True
5,1,0.953125,accepted,134,0.9149321913719177,1.0,True
5,1,0.953125,accepted,135,0.9158680438995361,1.0,True
5,1,0.953125,accepted,136,0.9158820509910583,1.0,True
5,1,0.953125,accepted,137,0.9156095385551453,1.0,True
5,1,0.953125,accepted,138,0.9189266562461853,1.0,True
5,1,0.953125,accepted,139,0.9187093377113342,1.0,True
5,1,0.953125,accepted,140,0.9171196222305298,1.0,True
5,1,0.953125,accepted,141,0.9155187010765076,1.0,True
5,1,0.953125,accepted,142,0.9187724590301514,1.0,True
5,1,0.953125,accepted,143,0.9211166501045227,1.0,True
5,1,0.953125,accepted,144,0.9184290766716003,1.0,True
5,1,0.953125,accepted,145,0.9218970537185669,1.0,True
5,1,0.953125,accepted,146,0.9202246069908142,1.0,True
5,1,0.953125,accepted,147,0.9200631380081177,1.0,True
5,1,0.953125,accepted,148,0.9185131788253784,1.0,True
5,1,0.953125,accepted,149,0.9192491769790649,1.0,True
5,1,0.953125,accepted,150,0.9223965406417847,1.0,True
5,1,0.953125,accepted,151,0.9190317988395691,1.0,True
5,1,0.953125,accepted,152,0.9184780716896057,1.0,True
5,1,0.953125,accepted,153,0.919487714767456,1.0,True
5,1,0.953125,accepted,154,0.9214610457420349,1.0,True
5,1,0.953125,accepted,155,0.9139555096626282,1.0,True
5,1,0.953125,accepted,156,0.9212642312049866,1.0,True
5,1,0.953125,accepted,157,0.9236571192741394,1.0,True
5,1,0.953125,accepted,158,0.9199016690254211,1.0,True
5,1,0.953125,accepted,159,0.9203158617019653,1.0,True
5,1,0.953125,accepted,160,0.9211025834083557,1.0,True
5,1,0.953125,accepted,161,0.9207723736763,1.0,True
5,1,0.953125,accepted,162,0.9225443005561829,1.0,True
5,1,0.953125,accepted,163,0.9241293668746948,1.0,True
5,1,0.953125,accepted,164,0.917245626449585,1.0,True
5,1,0.953125,accepted,165,0.9210885763168335,1.0,True
5,1,0.953125,accepted,166,0.9203860759735107,1.0,True
5,1,0.953125,accepted,167,0.918211817741394,1.0,True
5,1,0.953125,accepted,168,0.9207934737205505,1.0,True
5,1,0.953125,accepted,169,0.9236923456192017,1.0,True
5,1,0.953125,accepted,170,0.9209550023078918,1.0,True
5,1,0.953125,accepted,171,0.91997891664505,1.0,True
5,1,0.953125,accepted,172,0.9252157807350159,1.0,True
5,1,0.953125,accepted,173,0.9211658239364624,1.0,True
5,1,0.953125,accepted,174,0.9187234044075012,1.0,True
5,1,0.953125,accepted,175,0.9258512854576111,1.0,True
5,1,0.953125,accepted,176,0.9225725531578064,1.0,True
5,1,0.953125,accepted,177,0.9242703914642334,1.0,True
5,1,0.953125,accepted,178,0.9235936999320984,1.0,True
5,1,0.953125,accepted,179,0.9218548536300659,1.0,True
5,1,0.953125,accepted,180,0.92392498254776,1.0,True
5,1,0.953125,accepted,181,0.9276755452156067,1.0,True
5,1,0.953125,accepted,182,0.9257312417030334,1.0,True
5,1,0.953125,accepted,183,0.9255123138427734,1.0,True
5,1,0.953125,accepted,184,0.9239320158958435,1.0,True
5,1,0.953125,accepted,185,0.9237064123153687,1.0,True
5,1,0.953125,accepted,186,0.9221081137657166,1.0,True
5,1,0.953125,accepted,187,0.9242210984230042,1.0,True
5,1,0.953125,accepted,188,0.9243197441101074,1.0,True
5,1,0.953125,accepted,189,0.9260915517807007,1.0,True
5,1,0.953125,accepted,190,0.9248064756393433,1.0,True
5,1,0.953125,accepted,191,0.9219392538070679,1.0,True
5,1,0.953125,accepted,192,0.9235161542892456,1.0,True
5,1,0.953125,accepted,193,0.9262187480926514,1.0,True
5,1,0.953125,accepted,194,0.9253923296928406,1.0,True
5,1,0.953125,accepted,195,0.9228329658508301,1.0,True
5,1,0.953125,accepted,196,0.9256677031517029,1.0,True
5,1,0.953125,accepted,197,0.924869954586029,1.0,True
5,1,0.953125,accepted,198,0.9266993403434753,1.0,True
5,1,0.953125,accepted,199,0.9287094473838806,1.0,True
5,1,0.953125,accepted,200,0.925561785697937,1.0,True
5,1,0.953125,accepted,201,0.9198104739189148,1.0,True
5,1,0.953125,accepted,202,0.9245525002479553,1.0,True
5,1,0.953125,accepted,203,0.9245384335517883,1.0,True
5,1,0.953125,accepted,204,0.9281852841377258,1.0,True
5,1,0.953125,accepted,205,0.9278241991996765,1.0,True
5,1,0.953125,accepted,206,0.9242633581161499,1.0,True
5,1,0.953125,accepted,207,0.9253004789352417,1.0,True
5,1,0.953125,accepted,208,0.9304966926574707,1.0,True
5,1,0.953125,accepted,209,0.927201509475708,1.0,True
5,1,0.953125,accepted,210,0.9249334931373596,1.0,True
5,1,0.953125,accepted,211,0.9261056184768677,1.0,True
5,1,0.953125,accepted,212,0.9262187480926514,1.0,True
5,1,0.953125,accepted,213,0.9280790686607361,1.0,True
5,1,0.953125,accepted,214,0.9250181913375854,1.0,True
5,1,0.953125,accepted,215,0.9254347085952759,1.0,True
5,1,0.953125,accepted,216,0.9273146390914917,1.0,True
5,1,0.953125,accepted,217,0.9210814833641052,1.0,True
5,1,0.953125,accepted,218,0.9246301054954529,1.0,True
5,1,0.953125,accepted,219,0.9293261170387268,1.0,True
5,1,0.953125,accepted,220,0.9244890213012695,1.0,True
5,1,0.953125,accepted,221,0.9255123138427734,1.0,True
5,1,0.953125,accepted,222,0.9273924827575684,1.0,True
5,1,0.953125,accepted,223,0.9272863864898682,1.0,True
5,1,0.953125,accepted,224,0.9282135367393494,1.0,True
5,1,0.953125,accepted,225,0.9290283918380737,1.0,True
5,1,0.953125,accepted,226,0.9273570775985718,1.0,True
5,1,0.953125,accepted,227,0.9287448525428772,1.0,True
5,1,0.953125,accepted,228,0.9288724064826965,1.0,True
5,1,0.953125,accepted,229,0.9291630387306213,1.0,True
5,1,0.953125,accepted,230,0.9259784817695618,1.0,True
5,1,0.953125,accepted,231,0.9254205226898193,1.0,True
5,1,0.953125,accepted,232,0.9273358583450317,1.0,True
5,1,0.953125,accepted,233,0.9266569018363953,1.0,True
5,1,0.953125,accepted,234,0.9264660477638245,1.0,True
5,1,0.953125,accepted,235,0.9283906817436218,1.0,True
5,1,0.953125,accepted,236,0.9292126297950745,1.0,True
5,1,0.953125,accepted,237,0.9272722005844116,1.0,True
5,1,0.953125,accepted,238,0.9289149045944214,1.0,True
5,1,0.953125,accepted,239,0.929134726524353,1.0,True
5,1,0.953125,accepted,240,0.9258584380149841,1.0,True
5,1,0.953125,accepted,241,0.9288582801818848,1.0,True
5,1,0.953125,accepted,242,0.9318038821220398,1.0,True
5,1,0.953125,accepted,243,0.9322091937065125,1.0,True
5,1,0.953125,accepted,244,0.9313632249832153,1.0,True
5,1,0.953125,accepted,245,0.9291204810142517,1.0,True
5,1,0.953125,accepted,246,0.9285252094268799,1.0,True
5,1,0.953125,accepted,247,0.9289290904998779,1.0,True
5,1,0.953125,accepted,248,0.9289503693580627,1.0,True
5,1,0.953125,accepted,249,0.9291913509368896,1.0,True
5,1,0.953125,accepted,250,0.9273430109024048,1.0,True
5,1,0.953125,accepted,251,0.9290779829025269,1.0,True
5,1,0.953125,accepted,252,0.9287590384483337,1.0,True
5,1,0.953125,accepted,253,0.9266781210899353,1.0,True
5,1,0.953125,accepted,254,0.9277746677398682,1.0,True
5,1,0.953125,accepted,255,0.9286810755729675,1.0,True
5,1,0.953125,accepted,256,0.9291913509368896,1.0,True
5,1,0.953125,accepted,257,0.9289999604225159,1.0,True
5,1,0.953125,accepted,258,0.9298154711723328,1.0,True
5,1,0.953125,accepted,259,0.9317967295646667,1.0,True
5,1,0.953125,accepted,260,0.9295529723167419,1.0,True
5,1,0.953125,accepted,261,0.9298651218414307,1.0,True
5,1,0.953125,accepted,262,0.9306244850158691,1.0,True
5,1,0.953125,accepted,263,0.9302553534507751,1.0,True
5,1,0.953125,accepted,264,0.9281994700431824,1.0,True
5,1,0.953125,accepted,265,0.9266710877418518,1.0,True
5,1,0.953125,accepted,266,0.9281994700431824,1.0,True
5,1,0.953125,accepted,267,0.9292622804641724,1.0,True
5,1,0.953125,accepted,268,0.9275127649307251,1.0,True
5,1,0.953125,accepted,269,0.9309582710266113,1.0,True
5,1,0.953125,accepted,270,0.9294678568840027,1.0,True
5,1,0.953125,accepted,271,0.9318891763687134,1.0,True
5,1,0.953125,accepted,272,0.9308446645736694,1.0,True
5,1,0.953125,accepted,273,0.930596113204956,1.0,True
5,1,0.953125,accepted,274,0.9333620071411133,1.0,True
5,1,0.953125,accepted,275,0.9303547143936157,1.0,True
5,1,0.953125,accepted,276,0.9293544292449951,1.0,True
5,1,0.953125,accepted,277,0.9294182658195496,1.0,True
5,1,0.953125,accepted,278,0.9299502372741699,1.0,True
5,1,0.953125,accepted,279,0.9331626892089844,1.0,True
5,1,0.953125,accepted,280,0.9323727488517761,1.0,True
5,1,0.953125,accepted,281,0.9315195083618164,1.0,True
5,1,0.953125,accepted,282,0.9294750094413757,1.0,True
5,1,0.953125,accepted,283,0.9286527633666992,1.0,True
5,1,0.953125,accepted,284,0.9315906167030334,1.0,True
5,1,0.953125,accepted,285,0.9300070405006409,1.0,True
5,1,0.953125,accepted,286,0.9297232031822205,1.0,True
5,1,0.953125,accepted,287,0.9336113333702087,1.0,True
5,1,0.953125,accepted,288,0.9301488995552063,1.0,True
5,1,0.953125,accepted,289,0.9320953488349915,1.0,True
5,1,0.953125,accepted,290,0.9323869943618774,1.0,True
5,1,0.953125,accepted,291,0.9352724552154541,1.0,True
5,1,0.953125,accepted,292,0.93198162317276,1.0,True
5,1,0.953125,accepted,293,0.9323869943618774,1.0,True
5,1,0.953125,accepted,294,0.929304838180542,1.0,True
5,1,0.953125,accepted,295,0.9334688186645508,1.0,True
5,1,0.953125,accepted,296,0.9310221672058105,1.0,True
5,1,0.953125,accepted,297,0.9300283193588257,1.0,True
5,1,0.953125,accepted,298,0.933027446269989,1.0,True
5,1,0.953125,accepted,299,0.9310577511787415,1.0,True
5,1,0.953125,accepted,300,0.9318891763687134,1.0,True
5,1,0.953125,accepted,301,0.9334902167320251,1.0,True
5,1,0.953125,accepted,302,0.9333478212356567,1.0,True
5,1,0.953125,accepted,303,0.9319318532943726,1.0,True
5,1,0.953125,accepted,304,0.9337751865386963,1.0,True
5,1,0.953125,accepted,305,0.932636022567749,1.0,True
5,1,0.953125,accepted,306,0.9327925443649292,1.0,True
5,1,0.953125,accepted,307,0.9321665167808533,1.0,True
5,1,0.953125,accepted,308,0.9312565922737122,1.0,True
5,1,0.953125,accepted,309,0.9302482604980469,1.0,True
5,1,0.953125,accepted,310,0.9296026825904846,1.0,True
5,1,0.953125,accepted,311,0.9325861930847168,1.0,True
5,1,0.953125,accepted,312,0.9333264827728271,1.0,True
5,1,0.953125,accepted,313,0.9332125186920166,1.0,True
5,1,0.953125,accepted,314,0.9343381524085999,1.0,True
5,1,0.953125,accepted,315,0.935336709022522,1.0,True
5,1,0.953125,accepted,316,0.9316972494125366,1.0,True
5,1,0.953125,accepted,317,0.9296309947967529,1.0,True
5,1,0.953125,accepted,318,0.9353080987930298,1.0,True
5,1,0.953125,accepted,319,0.935871958732605,1.0,True
5,1,0.953125,accepted,320,0.9358363151550293,1.0,True
5,1,0.953125,accepted,321,0.9326644539833069,1.0,True
5,1,0.953125,accepted,322,0.9329491257667542,1.0,True
5,1,0.953125,accepted,323,0.9333264827728271,1.0,True
5,1,0.953125,accepted,324,0.9348016381263733,1.0,True
5,1,0.953125,accepted,325,0.9351939558982849,1.0,True
5,1,0.953125,accepted,326,0.9331769347190857,1.0,True
5,1,0.953125,accepted,327,0.9366219639778137,1.0,True
5,1,0.953125,accepted,328,0.935600757598877,1.0,True
5,1,0.953125,accepted,329,0.9351511597633362,1.0,True
5,1,0.953125,accepted,330,0.9334189891815186,1.0,True
5,1,0.953125,accepted,331,0.9343310594558716,1.0,True
5,1,0.953125,accepted,332,0.9327782988548279,1.0,True
5,1,0.953125,accepted,333,0.9345591068267822,1.0,True
5,1,0.953125,accepted,334,0.9344878196716309,1.0,True
5,1,0.953125,accepted,335,0.9315266609191895,1.0,True
5,1,0.953125,accepted,336,0.9337537884712219,1.0,True
5,1,0.953125,accepted,337,0.934616208076477,1.0,True
5,1,0.953125,accepted,338,0.9348230361938477,1.0,True
5,1,0.953125,accepted,339,0.93233722448349,1.0,True
5,1,0.953125,accepted,340,0.9337822794914246,1.0,True
5,1,0.953125,accepted,341,0.9355792999267578,1.0,True
5,1,0.953125,accepted,342,0.9364362359046936,1.0,True
5,1,0.953125,accepted,343,0.9349228143692017,1.0,True
5,1,0.953125,accepted,344,0.9360076785087585,1.0,True
5,1,0.953125,accepted,345,0.9326502084732056,1.0,True
5,1,0.953125,accepted,346,0.9342882633209229,1.0,True
5,1,0.953125,accepted,347,0.9355294108390808,1.0,True
5,1,0.953125,accepted,348,0.9315337538719177,1.0,True
5,1,0.953125,accepted,349,0.935393750667572,1.0,True
5,1,0.953125,accepted,350,0.9348016381263733,1.0,True
5,1,0.953125,accepted,351,0.9350441098213196,1.0,True
5,1,0.953125,accepted,352,0.937251091003418,1.0,True
5,1,0.953125,accepted,353,0.9352010488510132,1.0,True
5,1,0.953125,accepted,354,0.9330132007598877,1.0,True
5,1,0.953125,accepted,355,0.9358077049255371,1.0,True
5,1,0.953125,accepted,356,0.9330416321754456,1.0,True
5,1,0.953125,accepted,357,0.9341385960578918,1.0,True
5,1,0.953125,accepted,358,0.9321309328079224,1.0,True
5,1,0.953125,accepted,359,0.9352438449859619,1.0,True
5,1,0.953125,accepted,360,0.9348586201667786,1.0,True
5,1,0.953125,accepted,361,0.9348800182342529,1.0,True
5,1,0.953125,accepted,362,0.9365505576133728,1.0,True
5,1,0.953125,accepted,363,0.933661162853241,1.0,True
5,1,0.953125,accepted,364,0.9348230361938477,1.0,True
5,1,0.953125,accepted,365,0.9345449209213257,1.0,True
5,1,0.953125,accepted,366,0.9363647699356079,1.0,True
5,1,0.953125,accepted,367,0.9355864524841309,1.0,True
5,1,0.953125,accepted,368,0.9363433122634888,1.0,True
5,1,0.953125,accepted,369,0.9353010058403015,1.0,True
5,1,0.953125,accepted,370,0.9362790584564209,1.0,True
5,1,0.953125,accepted,371,0.9332695007324219,1.0,True
5,1,0.953125,accepted,372,0.9347374439239502,1.0,True
5,1,0.953125,accepted,373,0.9367649555206299,1.0,True
5,1,0.953125,accepted,374,0.9350084066390991,1.0,True
5,1,0.953125,accepted,375,0.9342953562736511,1.0,True
5,1,0.953125,accepted,376,0.938152551651001,1.0,True
5,1,0.953125,accepted,377,0.9345163702964783,1.0,True
5,1,0.953125,accepted,378,0.9349300265312195,1.0,True
5,1,0.953125,accepted,379,0.9355294108390808,1.0,True
5,1,0.953125,accepted,380,0.9375156760215759,1.0,True
5,1,0.953125,accepted,381,0.9353652000427246,1.0,True
5,1,0.953125,accepted,382,0.9366219639778137,1.0,True
5,1,0.953125,accepted,383,0.9375442862510681,1.0,True
5,1,0.953125,accepted,384,0.9370651245117188,1.0,True
5,1,0.953125,accepted,385,0.9371509552001953,1.0,True
5,1,0.953125,accepted,386,0.9367220401763916,1.0,True
5,1,0.953125,accepted,387,0.9382384419441223,1.0,True
5,1,0.953125,accepted,388,0.9377017021179199,1.0,True
5,1,0.953125,accepted,389,0.9372940063476562,1.0,True
5,1,0.953125,accepted,390,0.9351654648780823,1.0,True
5,1,0.953125,accepted,391,0.9367863535881042,1.0,True
5,1,0.953125,accepted,392,0.9335756897926331,1.0,True
5,1,0.953125,accepted,393,0.9364148378372192,1.0,True
5,1,0.953125,accepted,394,0.93620765209198,1.0,True
5,1,0.953125,accepted,395,0.9368935823440552,1.0,True
5,1,0.953125,accepted,396,0.9365648627281189,1.0,True
5,1,0.953125,accepted,397,0.9353581070899963,1.0,True
5,1,0.953125,accepted,398,0.9385247826576233,1.0,True
5,1,0.953125,accepted,399,0.9380093812942505,1.0,True
5,1,0.953125,accepted,400,0.9378519654273987,1.0,True
5,1,0.953125,accepted,401,0.9357078075408936,1.0,True
5,1,0.953125,accepted,402,0.9346804022789001,1.0,True
5,1,0.953125,accepted,403,0.938123881816864,1.0,True
5,1,0.953125,accepted,404,0.9380022287368774,1.0,True
5,1,0.953125,accepted,405,0.9389258027076721,1.0,True
5,1,0.953125,accepted,406,0.9368435740470886,1.0,True
5,1,0.953125,accepted,407,0.9378805756568909,1.0,True
5,1,0.953125,accepted,408,0.9321238398551941,1.0,True
5,1,0.953125,accepted,409,0.937708854675293,1.0,True
5,1,0.953125,accepted,410,0.9349514245986938,1.0,True
5,1,0.953125,accepted,411,0.9361791014671326,1.0,True
5,1,0.953125,accepted,412,0.9368864893913269,1.0,True
5,1,0.953125,accepted,413,0.937401294708252,1.0,True
5,1,0.953125,accepted,414,0.9355151057243347,1.0,True
5,1,0.953125,accepted,415,0.9367649555206299,1.0,True
5,1,0.953125,accepted,416,0.9388900399208069,1.0,True
5,1,0.953125,accepted,417,0.9364290833473206,1.0,True
5,1,0.953125,accepted,418,0.9348586201667786,1.0,True
5,1,0.953125,accepted,419,0.9359434247016907,1.0,True
5,1,0.953125,accepted,420,0.9378805756568909,1.0,True
5,1,0.953125,accepted,421,0.9379091858863831,1.0,True
5,1,0.953125,accepted,422,0.9362219572067261,1.0,True
5,1,0.953125,accepted,423,0.9368149638175964,1.0,True
5,1,0.953125,accepted,424,0.9365720152854919,1.0,True
5,1,0.953125,accepted,425,0.9360647797584534,1.0,True
5,1,0.953125,accepted,426,0.9346946477890015,1.0,True
5,1,0.953125,accepted,427,0.9373511672019958,1.0,True
5,1,0.953125,accepted,428,0.9368507266044617,1.0,True
5,1,0.953125,accepted,429,0.9341670870780945,1.0,True
5,1,0.953125,accepted,430,0.9339176416397095,1.0,True
5,1,0.953125,accepted,431,0.9361576437950134,1.0,True
5,1,0.953125,accepted,432,0.9364290833473206,1.0,True
5,1,0.953125,accepted,433,0.9363362193107605,1.0,True
5,1,0.953125,accepted,434,0.9344093799591064,1.0,True
5,1,0.953125,accepted,435,0.9370580315589905,1.0,True
5,1,0.953125,accepted,436,0.9377517700195312,1.0,True
5,1,0.953125,accepted,437,0.9356935024261475,1.0,True
5,1,0.953125,accepted,438,0.9358434081077576,1.0,True
5,1,0.953125,accepted,439,0.9353795051574707,1.0,True
5,1,0.953125,accepted,440,0.9384889602661133,1.0,True
5,1,0.953125,accepted,441,0.9352867007255554,1.0,True
5,1,0.953125,accepted,442,0.9365220069885254,1.0,True
5,1,0.953125,accepted,443,0.9351796507835388,1.0,True
5,1,0.953125,accepted,444,0.9360291361808777,1.0,True
5,1,0.953125,accepted,445,0.9347802400588989,1.0,True
5,1,0.953125,accepted,446,0.9348800182342529,1.0,True
5,1,0.953125,accepted,447,0.9368507266044617,1.0,True
5,1,0.953125,accepted,448,0.9398002028465271,1.0,True
5,1,0.953125,accepted,449,0.9370151162147522,1.0,True
5,1,0.953125,accepted,450,0.938116729259491,1.0,True
5,1,0.953125,accepted,451,0.9379735589027405,1.0,True
5,1,0.953125,accepted,452,0.9391980767250061,1.0,True
5,1,0.953125,accepted,453,0.9353438019752502,1.0,True
5,1,0.953125,accepted,454,0.9385247826576233,1.0,True
5,1,0.953125,accepted,455,0.9362219572067261,1.0,True
5,1,0.953125,accepted,456,0.938940167427063,1.0,True
5,1,0.953125,accepted,457,0.9380093812942505,1.0,True
5,1,0.953125,accepted,458,0.9367720484733582,1.0,True
5,1,0.953125,accepted,459,0.9377517700195312,1.0,True
5,1,0.953125,accepted,460,0.9384961724281311,1.0,True
5,1,0.953125,accepted,461,0.938417375087738,1.0,True
5,1,0.953125,accepted,462,0.9403524994850159,1.0,True
5,1,0.953125,accepted,463,0.9396997690200806,1.0,True
5,1,0.953125,accepted,464,0.9389258027076721,1.0,True
5,1,0.953125,accepted,465,0.9374656677246094,1.0,True
5,1,0.953125,accepted,466,0.9374227523803711,1.0,True
5,1,0.953125,accepted,467,0.9386035203933716,1.0,True
5,1,0.953125,accepted,468,0.9393700957298279,1.0,True
5,1,0.953125,accepted,469,0.9382885098457336,1.0,True
5,1,0.953125,accepted,470,0.9397428035736084,1.0,True
5,1,0.953125,accepted,471,0.9379664063453674,1.0,True
5,1,0.953125,accepted,472,0.939155101776123,1.0,True
5,1,0.953125,accepted,473,0.9385033249855042,1.0,True
5,1,0.953125,accepted,474,0.938338577747345,1.0,True
5,1,0.953125,accepted,475,0.936379075050354,1.0,True
5,1,0.953125,accepted,476,0.9377017021179199,1.0,True
5,1,0.953125,accepted,477,0.9401300549507141,1.0,True
5,1,0.953125,accepted,478,0.9362648129463196,1.0,True
5,1,0.953125,accepted,479,0.9400439858436584,1.0,True
5,1,0.953125,accepted,480,0.9376515746116638,1.0,True
5,1,0.953125,accepted,481,0.938474714756012,1.0,True
5,1,0.953125,accepted,482,0.93620765209198,1.0,True
5,1,0.953125,accepted,483,0.939276933670044,1.0,True
5,1,0.953125,accepted,484,0.9406538605690002,1.0,True
5,1,0.953125,accepted,485,0.9391765594482422,1.0,True
5,1,0.953125,accepted,486,0.9386823177337646,1.0,True
5,1,0.953125,accepted,487,0.940144419670105,1.0,True
5,1,0.953125,accepted,488,0.9398646950721741,1.0,True
5,1,0.953125,accepted,489,0.9363147616386414,1.0,True
5,1,0.953125,accepted,490,0.939276933670044,1.0,True
5,1,0.953125,accepted,491,0.9390977621078491,1.0,True
5,1,0.953125,accepted,492,0.940876305103302,1.0,True
5,1,0.953125,accepted,493,0.9400655031204224,1.0,True
5,1,0.953125,accepted,494,0.9370508193969727,1.0,True
5,1,0.953125,accepted,495,0.9382598996162415,1.0,True
5,1,0.953125,accepted,496,0.9423921704292297,1.0,True
5,1,0.953125,accepted,497,0.9410917162895203,1.0,True
5,1,0.953125,accepted,498,0.939083456993103,1.0,True
5,1,0.953125,accepted,499,0.9364290833473206,1.0,True
5,1,0.953125,accepted,500,0.9413215517997742,1.0,True
6,1,1.0,accepted,1,0.9893172383308411,1.0,True
6,1,1.0,accepted,2,0.9889813661575317,1.0,True
6,1,1.0,accepted,3,0.9868624806404114,1.0,True
6,1,1.0,accepted,4,0.9887955784797668,1.0,True
6,1,1.0,accepted,5,0.9879981279373169,1.0,True
6,1,1.0,accepted,6,0.989189863204956,1.0,True
6,1,1.0,accepted,7,0.9901071786880493,1.0,True
6,1,1.0,accepted,8,0.9898664951324463,1.0,True
6,1,1.0,accepted,9,0.9912276864051819,1.0,True
6,1,1.0,accepted,10,0.9889219403266907,1.0,True
6,1,1.0,accepted,11,0.9910339117050171,1.0,True
6,1,1.0,accepted,12,0.9898446798324585,1.0,True
6,1,1.0,accepted,13,0.9871325492858887,1.0,True
6,1,1.0,accepted,14,0.9861568808555603,1.0,True
6,1,1.0,accepted,15,0.9885108470916748,1.0,True
6,1,1.0,accepted,16,0.9891841411590576,1.0,True
6,1,1.0,accepted,17,0.9864070415496826,1.0,True
6,1,1.0,accepted,18,0.9899089336395264,1.0,True
6,1,1.0,accepted,19,0.9852374792098999,1.0,True
6,1,1.0,accepted,20,0.9886221289634705,1.0,True
6,1,1.0,accepted,21,0.9888775944709778,1.0,True
6,1,1.0,accepted,22,0.9873199462890625,1.0,True
6,1,1.0,accepted,23,0.9877390265464783,1.0,True
6,1,1.0,accepted,24,0.9897257685661316,1.0,True
6,1,1.0,accepted,25,0.9874762892723083,1.0,True
6,1,1.0,accepted,26,0.9854112863540649,1.0,True
6,1,1.0,accepted,27,0.9859349131584167,1.0,True
6,1,1.0,accepted,28,0.98778235912323,1.0,True
6,1,1.0,accepted,29,0.9858371615409851,1.0,True
6,1,1.0,accepted,30,0.9847368001937866,1.0,True
6,1,1.0,accepted,31,0.9859086275100708,1.0,True
6,1,1.0,accepted,32,0.9888690710067749,1.0,True
6,1,1.0,accepted,33,0.9890681505203247,1.0,True
6,1,1.0,accepted,34,0.9881526827812195,1.0,True
6,1,1.0,accepted,35,0.9892492890357971,1.0,True
6,1,1.0,accepted,36,0.9885485172271729,1.0,True
6,1,1.0,accepted,37,0.9865980744361877,1.0,True
6,1,1.0,accepted,38,0.9868370294570923,1.0,True
6,1,1.0,accepted,39,0.9910707473754883,1.0,True
6,1,1.0,accepted,40,0.990455687046051,1.0,True
6,1,1.0,accepted,41,0.9891718626022339,1.0,True
6,1,1.0,accepted,42,0.9896956086158752,1.0,True
6,1,1.0,accepted,43,0.9901657700538635,1.0,True
6,1,1.0,accepted,44,0.9911521077156067,1.0,True
6,1,1.0,accepted,45,0.9911860823631287,1.0,True
6,1,1.0,accepted,46,0.9916399121284485,1.0,True
6,1,1.0,accepted,47,0.990796685218811,1.0,True
6,1,1.0,accepted,48,0.990945041179657,1.0,True
6,1,1.0,accepted,49,0.9924876689910889,1.0,True
6,1,1.0,accepted,50,0.9924696087837219,1.0,True
6,1,1.0,accepted,51,0.9910519123077393,1.0,True
6,1,1.0,accepted,52,0.9911889433860779,1.0,True
6,1,1.0,accepted,53,0.991098165512085,1.0,True
6,1,1.0,accepted,54,0.991062343120575,1.0,True
6,1,1.0,accepted,55,0.9924062490463257,1.0,True
6,1,1.0,accepted,56,0.993365466594696,1.0,True
6,1,1.0,accepted,57,0.9921649694442749,1.0,True
6,1,1.0,accepted,58,0.9921923875808716,1.0,True
6,1,1.0,accepted,59,0.9924260973930359,1.0,True
6,1,1.0,accepted,60,0.993046224117279,1.0,True
6,1,1.0,accepted,61,0.9927205443382263,1.0,True
6,1,1.0,accepted,62,0.988216757774353,1.0,True
6,1,1.0,accepted,63,0.9899353384971619,1.0,True
6,1,1.0,accepted,64,0.993594765663147,1.0,True
6,1,1.0,accepted,65,0.9930708408355713,1.0,True
6,1,1.0,accepted,66,0.9905464053153992,1.0,True
6,1,1.0,accepted,67,0.9913458824157715,1.0,True
6,1,1.0,accepted,68,0.9930964708328247,1.0,True
6,1,1.0,accepted,69,0.9940231442451477,1.0,True
6,1,1.0,accepted,70,0.9931854605674744,1.0,True
6,1,1.0,accepted,71,0.9915519952774048,1.0,True
6,1,1.0,accepted,72,0.9922879338264465,1.0,True
6,1,1.0,accepted,73,0.9934535622596741,1.0,True
6,1,1.0,accepted,74,0.9931627511978149,1.0,True
6,1,1.0,accepted,75,0.9932698011398315,1.0,True
6,1,1.0,accepted,76,0.9936288595199585,1.0,True
6,1,1.0,accepted,77,0.9938013553619385,1.0,True
6,1,1.0,accepted,78,0.9938259720802307,1.0,True
6,1,1.0,accepted,79,0.9929288029670715,1.0,True
6,1,1.0,accepted,80,0.9933058023452759,1.0,True
6,1,1.0,accepted,81,0.9940041899681091,1.0,True
6,1,1.0,accepted,82,0.9933275580406189,1.0,True
6,1,1.0,accepted,83,0.9919946193695068,1.0,True
6,1,1.0,accepted,84,0.9937435388565063,1.0,True
6,1,1.0,accepted,85,0.993972897529602,1.0,True
6,1,1.0,accepted,86,0.9932280778884888,1.0,True
6,1,1.0,accepted,87,0.9928369522094727,1.0,True
6,1,1.0,accepted,88,0.9941814541816711,1.0,True
6,1,1.0,accepted,89,0.9942459464073181,1.0,True
6,1,1.0,accepted,90,0.9934573173522949,1.0,True
6,1,1.0,accepted,91,0.9933474063873291,1.0,True
6,1,1.0,accepted,92,0.9939311742782593,1.0,True
6,1,1.0,accepted,93,0.9936127662658691,1.0,True
6,1,1.0,accepted,94,0.9935937523841858,1.0,True
6,1,1.0,accepted,95,0.9938449263572693,1.0,True
6,1,1.0,accepted,96,0.9939709901809692,1.0,True
6,1,1.0,accepted,97,0.9935359954833984,1.0,True
6,1,1.0,accepted,98,0.9936809539794922,1.0,True
6,1,1.0,accepted,99,0.9938581585884094,1.0,True
6,1,1.0,accepted,100,0.9945579171180725,1.0,True
6,1,1.0,accepted,101,0.9943303465843201,1.0,True
6,1,1.0,accepted,102,0.9936913847923279,1.0,True
6,1,1.0,accepted,103,0.9932537078857422,1.0,True
6,1,1.0,accepted,104,0.9942535161972046,1.0,True
6,1,1.0,accepted,105,0.9946489930152893,1.0,True
6,1,1.0,accepted,106,0.9949952960014343,1.0,True
6,1,1.0,accepted,107,0.9946300387382507,1.0,True
6,1,1.0,accepted,108,0.9940904378890991,1.0,True
6,1,1.0,accepted,109,0.9944393634796143,1.0,True
6,1,1.0,accepted,110,0.9943473935127258,1.0,True
6,1,1.0,accepted,111,0.9943113327026367,1.0,True
6,1,1.0,accepted,112,0.9938401579856873,1.0,True
6,1,1.0,accepted,113,0.9939396977424622,1.0,True
6,1,1.0,accepted,114,0.9938837885856628,1.0,True
6,1,1.0,accepted,115,0.9939084053039551,1.0,True
6,1,1.0,accepted,116,0.9946348071098328,1.0,True
6,1,1.0,accepted,117,0.9945152997970581,1.0,True
6,1,1.0,accepted,118,0.9938222169876099,1.0,True
6,1,1.0,accepted,119,0.9939624667167664,1.0,True
6,1,1.0,accepted,120,0.9940354824066162,1.0,True
6,1,1.0,accepted,121,0.994570255279541,1.0,True
6,1,1.0,accepted,122,0.9943891763687134,1.0,True
6,1,1.0,accepted,123,0.9942402839660645,1.0,True
6,1,1.0,accepted,124,0.9948121309280396,1.0,True
6,1,1.0,accepted,125,0.9946452379226685,1.0,True
6,1,1.0,accepted,126,0.994505763053894,1.0,True
6,1,1.0,accepted,127,0.9947789311408997,1.0,True
6,1,1.0,accepted,128,0.9949488043785095,1.0,True
6,1,1.0,accepted,129,0.9953027963638306,1.0,True
6,1,1.0,accepted,130,0.9946736693382263,1.0,True
6,1,1.0,accepted,131,0.9940629005432129,1.0,True
6,1,1.0,accepted,132,0.9942800402641296,1.0,True
6,1,1.0,accepted,133,0.994570255279541,1.0,True
6,1,1.0,accepted,134,0.9950892329216003,1.0,True
6,1,1.0,accepted,135,0.9955002665519714,1.0,True
6,1,1.0,accepted,136,0.9950342178344727,1.0,True
6,1,1.0,accepted,137,0.9947068691253662,1.0,True
6,1,1.0,accepted,138,0.9929817914962769,1.0,True
6,1,1.0,accepted,139,0.9944403171539307,1.0,True
6,1,1.0,accepted,140,0.9952012300491333,1.0,True
6,1,1.0,accepted,141,0.9954879283905029,1.0,True
6,1,1.0,accepted,142,0.9953749179840088,1.0,True
6,1,1.0,accepted,143,0.9946717619895935,1.0,True
6,1,1.0,accepted,144,0.9944071173667908,1.0,True
6,1,1.0,accepted,145,0.9948909282684326,1.0,True
6,1,1.0,accepted,146,0.9956597685813904,1.0,True
6,1,1.0,accepted,147,0.9950910806655884,1.0,True
6,1,1.0,accepted,148,0.9943559765815735,1.0,True
6,1,1.0,accepted,149,0.9942810535430908,1.0,True
6,1,1.0,accepted,150,0.9951518774032593,1.0,True
6,1,1.0,accepted,151,0.995328426361084,1.0,True
6,1,1.0,accepted,152,0.9949278831481934,1.0,True
6,1,1.0,accepted,153,0.9951176643371582,1.0,True
6,1,1.0,accepted,154,0.9944697618484497,1.0,True
6,1,1.0,accepted,155,0.9949269890785217,1.0,True
6,1,1.0,accepted,156,0.9950028657913208,1.0,True
6,1,1.0,accepted,157,0.9945721626281738,1.0,True
6,1,1.0,accepted,158,0.9938951134681702,1.0,True
6,1,1.0,accepted,159,0.995206892490387,1.0,True
6,1,1.0,accepted,160,0.9954461455345154,1.0,True
6,1,1.0,accepted,161,0.9953207969665527,1.0,True
6,1,1.0,accepted,162,0.9944080710411072,1.0,True
6,1,1.0,accepted,163,0.9950977563858032,1.0,True
6,1,1.0,accepted,164,0.9954593777656555,1.0,True
6,1,1.0,accepted,165,0.9953474402427673,1.0,True
6,1,1.0,accepted,166,0.9949686527252197,1.0,True
6,1,1.0,accepted,167,0.994793176651001,1.0,True
6,1,1.0,accepted,168,0.9952600598335266,1.0,True
6,1,1.0,accepted,169,0.995074987411499,1.0,True
6,1,1.0,accepted,170,0.995402455329895,1.0,True
6,1,1.0,accepted,171,0.994713544845581,1.0,True
6,1,1.0,accepted,172,0.9955657124519348,1.0,True
6,1,1.0,accepted,173,0.9952923059463501,1.0,True
6,1,1.0,accepted,174,0.9951983094215393,1.0,True
6,1,1.0,accepted,175,0.9952439069747925,1.0,True
6,1,1.0,accepted,176,0.9950655102729797,1.0,True
6,1,1.0,accepted,177,0.9951081871986389,1.0,True
6,1,1.0,accepted,178,0.9952989816665649,1.0,True
6,1,1.0,accepted,179,0.9955628514289856,1.0,True
6,1,1.0,accepted,180,0.9949592351913452,1.0,True
6,1,1.0,accepted,181,0.9954935908317566,1.0,True
6,1,1.0,accepted,182,0.9954916834831238,1.0,True
6,1,1.0,accepted,183,0.995055079460144,1.0,True
6,1,1.0,accepted,184,0.9956493377685547,1.0,True
6,1,1.0,accepted,185,0.9956274032592773,1.0,True
6,1,1.0,accepted,186,0.99514240026474,1.0,True
6,1,1.0,accepted,187,0.9959294199943542,1.0,True
6,1,1.0,accepted,188,0.9957385659217834,1.0,True
6,1,1.0,accepted,189,0.9955467581748962,1.0,True
6,1,1.0,accepted,190,0.9955353736877441,1.0,True
6,1,1.0,accepted,191,0.9952049851417542,1.0,True
6,1,1.0,accepted,192,0.995581865310669,1.0,True
6,1,1.0,accepted,193,0.9956920146942139,1.0,True
6,1,1.0,accepted,194,0.9959807395935059,1.0,True
6,1,1.0,accepted,195,0.9956863522529602,1.0,True
6,1,1.0,accepted,196,0.9947476387023926,1.0,True
6,1,1.0,accepted,197,0.9950484037399292,1.0,True
6,1,1.0,accepted,198,0.9954185485839844,1.0,True
6,1,1.0,accepted,199,0.9955115914344788,1.0,True
6,1,1.0,accepted,200,0.995514452457428,1.0,True
6,1,1.0,accepted,201,0.9951063394546509,1.0,True
6,1,1.0,accepted,202,0.9954964518547058,1.0,True
6,1,1.0,accepted,203,0.9957850575447083,1.0,True
6,1,1.0,accepted,204,0.996313214302063,1.0,True
6,1,1.0,accepted,205,0.9959532022476196,1.0,True
6,1,1.0,accepted,206,0.9953407645225525,1.0,True
6,1,1.0,accepted,207,0.995542049407959,1.0,True
6,1,1.0,accepted,208,0.9957850575447083,1.0,True
6,1,1.0,accepted,209,0.9960918426513672,1.0,True
6,1,1.0,accepted,210,0.9962495565414429,1.0,True
6,1,1.0,accepted,211,0.9951034188270569,1.0,True
6,1,1.0,accepted,212,0.9947248697280884,1.0,True
6,1,1.0,accepted,213,0.995211660861969,1.0,True
6,1,1.0,accepted,214,0.9959684014320374,1.0,True
6,1,1.0,accepted,215,0.9957367181777954,1.0,True
6,1,1.0,accepted,216,0.9952714443206787,1.0,True
6,1,1.0,accepted,217,0.9953559041023254,1.0,True
6,1,1.0,accepted,218,0.995124340057373,1.0,True
6,1,1.0,accepted,219,0.9953474402427673,1.0,True
6,1,1.0,accepted,220,0.9950019121170044,1.0,True
6,1,1.0,accepted,221,0.9950218796730042,1.0,True
6,1,1.0,accepted,222,0.9961156249046326,1.0,True
6,1,1.0,accepted,223,0.9949753284454346,1.0,True
6,1,1.0,accepted,224,0.9948301315307617,1.0,True
6,1,1.0,accepted,225,0.9952239990234375,1.0,True
6,1,1.0,accepted,226,0.9959437251091003,1.0,True
6,1,1.0,accepted,227,0.9959883093833923,1.0,True
6,1,1.0,accepted,228,0.9957993030548096,1.0,True
6,1,1.0,accepted,229,0.9954964518547058,1.0,True
6,1,1.0,accepted,230,0.9960025548934937,1.0,True
6,1,1.0,accepted,231,0.9961868524551392,1.0,True
6,1,1.0,accepted,232,0.9955875873565674,1.0,True
6,1,1.0,accepted,233,0.9950095415115356,1.0,True
6,1,1.0,accepted,234,0.9956388473510742,1.0,True
6,1,1.0,accepted,235,0.996141254901886,1.0,True
6,1,1.0,accepted,236,0.996245801448822,1.0,True
6,1,1.0,accepted,237,0.995690107345581,1.0,True
6,1,1.0,accepted,238,0.9953550100326538,1.0,True
6,1,1.0,accepted,239,0.9955458045005798,1.0,True
6,1,1.0,accepted,240,0.9958449006080627,1.0,True
6,1,1.0,accepted,241,0.9961023330688477,1.0,True
6,1,1.0,accepted,242,0.9965527057647705,1.0,True
6,1,1.0,accepted,243,0.996044397354126,1.0,True
6,1,1.0,accepted,244,0.9962818622589111,1.0,True
6,1,1.0,accepted,245,0.9961754679679871,1.0,True
6,1,1.0,accepted,246,0.9957556128501892,1.0,True
6,1,1.0,accepted,247,0.9956455230712891,1.0,True
6,1,1.0,accepted,248,0.9954745769500732,1.0,True
6,1,1.0,accepted,249,0.996440589427948,1.0,True
6,1,1.0,accepted,250,0.9958211779594421,1.0,True
6,1,1.0,accepted,251,0.9954708218574524,1.0,True
6,1,1.0,accepted,252,0.9958202242851257,1.0,True
6,1,1.0,accepted,253,0.9966239333152771,1.0,True
6,1,1.0,accepted,254,0.9966220855712891,1.0,True
6,1,1.0,accepted,255,0.9956426620483398,1.0,True
6,1,1.0,accepted,256,0.9957461357116699,1.0,True
6,1,1.0,accepted,257,0.9957300424575806,1.0,True
6,1,1.0,accepted,258,0.996236264705658,1.0,True
6,1,1.0,accepted,259,0.9961345791816711,1.0,True
6,1,1.0,accepted,260,0.99599689245224,1.0,True
6,1,1.0,accepted,261,0.995561957359314,1.0,True
6,1,1.0,accepted,262,0.996098518371582,1.0,True
6,1,1.0,accepted,263,0.9961849451065063,1.0,True
6,1,1.0,accepted,264,0.9961546063423157,1.0,True
6,1,1.0,accepted,265,0.996385395526886,1.0,True
6,1,1.0,accepted,266,0.9961099028587341,1.0,True
6,1,1.0,accepted,267,0.9958410859107971,1.0,True
6,1,1.0,accepted,268,0.9962087273597717,1.0,True
6,1,1.0,accepted,269,0.9964472651481628,1.0,True
6,1,1.0,accepted,270,0.9958810210227966,1.0,True
6,1,1.0,accepted,271,0.995377779006958,1.0,True
6,1,1.0,accepted,272,0.9966220855712891,1.0,True
6,1,1.0,accepted,273,0.996463418006897,1.0,True
6,1,1.0,accepted,274,0.9962866306304932,1.0,True
6,1,1.0,accepted,275,0.996039628982544,1.0,True
6,1,1.0,accepted,276,0.9960728287696838,1.0,True
6,1,1.0,accepted,277,0.9964101910591125,1.0,True
6,1,1.0,accepted,278,0.996250569820404,1.0,True
6,1,1.0,accepted,279,0.9961612820625305,1.0,True
6,1,1.0,accepted,280,0.9958392381668091,1.0,True
6,1,1.0,accepted,281,0.9959977865219116,1.0,True
6,1,1.0,accepted,282,0.9958440065383911,1.0,True
6,1,1.0,accepted,283,0.9964054226875305,1.0,True
6,1,1.0,accepted,284,0.9963265657424927,1.0,True
6,1,1.0,accepted,285,0.9956074953079224,1.0,True
6,1,1.0,accepted,286,0.9963037371635437,1.0,True
6,1,1.0,accepted,287,0.9960634112358093,1.0,True
6,1,1.0,accepted,288,0.9961403608322144,1.0,True
6,1,1.0,accepted,289,0.9967142939567566,1.0,True
6,1,1.0,accepted,290,0.9960766434669495,1.0,True
6,1,1.0,accepted,291,0.995328426361084,1.0,True
6,1,1.0,accepted,292,0.996440589427948,1.0,True
6,1,1.0,accepted,293,0.9964092373847961,1.0,True
6,1,1.0,accepted,294,0.996408224105835,1.0,True
6,1,1.0,accepted,295,0.9963845014572144,1.0,True
6,1,1.0,accepted,296,0.9962173104286194,1.0,True
6,1,1.0,accepted,297,0.9960918426513672,1.0,True
6,1,1.0,accepted,298,0.996078610420227,1.0,True
6,1,1.0,accepted,299,0.9959588646888733,1.0,True
6,1,1.0,accepted,300,0.9961355924606323,1.0,True
6,1,1.0,accepted,301,0.9963189959526062,1.0,True
6,1,1.0,accepted,302,0.9964282512664795,1.0,True
6,1,1.0,accepted,303,0.996293306350708,1.0,True
6,1,1.0,accepted,304,0.996221125125885,1.0,True
6,1,1.0,accepted,305,0.9963389039039612,1.0,True
6,1,1.0,accepted,306,0.9966410994529724,1.0,True
6,1,1.0,accepted,307,0.996041476726532,1.0,True
6,1,1.0,accepted,308,0.9961060881614685,1.0,True
6,1,1.0,accepted,309,0.9961811900138855,1.0,True
6,1,1.0,accepted,310,0.9964339137077332,1.0,True
6,1,1.0,accepted,311,0.996270477771759,1.0,True
6,1,1.0,accepted,312,0.9962220191955566,1.0,True
6,1,1.0,accepted,313,0.9960187077522278,1.0,True
6,1,1.0,accepted,314,0.995992124080658,1.0,True
6,1,1.0,accepted,315,0.9963123202323914,1.0,True
6,1,1.0,accepted,316,0.996044397354126,1.0,True
6,1,1.0,accepted,317,0.996046245098114,1.0,True
6,1,1.0,accepted,318,0.9964937567710876,1.0,True
6,1,1.0,accepted,319,0.996250569820404,1.0,True
6,1,1.0,accepted,320,0.9953758716583252,1.0,True
6,1,1.0,accepted,321,0.9966068863868713,1.0,True
6,1,1.0,accepted,322,0.9965460300445557,1.0,True
6,1,1.0,accepted,323,0.9959427118301392,1.0,True
6,1,1.0,accepted,324,0.9954755902290344,1.0,True
6,1,1.0,accepted,325,0.9960339069366455,1.0,True
6,1,1.0,accepted,326,0.9964025616645813,1.0,True
6,1,1.0,accepted,327,0.9965822100639343,1.0,True
6,1,1.0,accepted,328,0.9964596033096313,1.0,True
6,1,1.0,accepted,329,0.9964615106582642,1.0,True
6,1,1.0,accepted,330,0.9966211318969727,1.0,True
6,1,1.0,accepted,331,0.9967865347862244,1.0,True
6,1,1.0,accepted,332,0.9967561364173889,1.0,True
6,1,1.0,accepted,333,0.9966952800750732,1.0,True
6,1,1.0,accepted,334,0.9963864088058472,1.0,True
6,1,1.0,accepted,335,0.9964909553527832,1.0,True
6,1,1.0,accepted,336,0.9964035153388977,1.0,True
6,1,1.0,accepted,337,0.9960405826568604,1.0,True
6,1,1.0,accepted,338,0.9962648153305054,1.0,True
6,1,1.0,accepted,339,0.9969092011451721,1.0,True
6,1,1.0,accepted,340,0.9968587756156921,1.0,True
6,1,1.0,accepted,341,0.9963569045066833,1.0,True
6,1,1.0,accepted,342,0.9963474869728088,1.0,True
6,1,1.0,accepted,343,0.9963721632957458,1.0,True
6,1,1.0,accepted,344,0.9958354234695435,1.0,True
6,1,1.0,accepted,345,0.9963123202323914,1.0,True
6,1,1.0,accepted,346,0.9968359470367432,1.0,True
6,1,1.0,accepted,347,0.9959864616394043,1.0,True
6,1,1.0,accepted,348,0.996188759803772,1.0,True
6,1,1.0,accepted,349,0.9966011643409729,1.0,True
6,1,1.0,accepted,350,0.9962952136993408,1.0,True
6,1,1.0,accepted,351,0.9959636330604553,1.0,True
6,1,1.0,accepted,352,0.99629807472229,1.0,True
6,1,1.0,accepted,353,0.9968169331550598,1.0,True
6,1,1.0,accepted,354,0.9968093633651733,1.0,True
6,1,1.0,accepted,355,0.996583104133606,1.0,True
6,1,1.0,accepted,356,0.9965004324913025,1.0,True
6,1,1.0,accepted,357,0.9962477087974548,1.0,True
6,1,1.0,accepted,358,0.996842622756958,1.0,True
6,1,1.0,accepted,359,0.9966278076171875,1.0,True
6,1,1.0,accepted,360,0.9962068796157837,1.0,True
6,1,1.0,accepted,361,0.9967580437660217,1.0,True
6,1,1.0,accepted,362,0.9963693022727966,1.0,True
6,1,1.0,accepted,363,0.9967142939567566,1.0,True
6,1,1.0,accepted,364,0.9968721270561218,1.0,True
6,1,1.0,accepted,365,0.9968663454055786,1.0,True
6,1,1.0,accepted,366,0.9968206882476807,1.0,True
6,1,1.0,accepted,367,0.9969871044158936,1.0,True
6,1,1.0,accepted,368,0.996422529220581,1.0,True
6,1,1.0,accepted,369,0.9962543249130249,1.0,True
6,1,1.0,accepted,370,0.9965860247612,1.0,True
6,1,1.0,accepted,371,0.9965004324913025,1.0,True
6,1,1.0,accepted,372,0.9969709515571594,1.0,True
6,1,1.0,accepted,373,0.9966287612915039,1.0,True
6,1,1.0,accepted,374,0.9962372183799744,1.0,True
6,1,1.0,accepted,375,0.9968236088752747,1.0,True
6,1,1.0,accepted,376,0.9970983862876892,1.0,True
6,1,1.0,accepted,377,0.9968340396881104,1.0,True
6,1,1.0,accepted,378,0.9965336918830872,1.0,True
6,1,1.0,accepted,379,0.9963046312332153,1.0,True
6,1,1.0,accepted,380,0.9962713718414307,1.0,True
6,1,1.0,accepted,381,0.9966990351676941,1.0,True
6,1,1.0,accepted,382,0.9967513680458069,1.0,True
6,1,1.0,accepted,383,0.9968482851982117,1.0,True
6,1,1.0,accepted,384,0.9967390298843384,1.0,True
6,1,1.0,accepted,385,0.9966810345649719,1.0,True
6,1,1.0,accepted,386,0.9965726733207703,1.0,True
6,1,1.0,accepted,387,0.996383547782898,1.0,True
6,1,1.0,accepted,388,0.995976984500885,1.0,True
6,1,1.0,accepted,389,0.9964747428894043,1.0,True
6,1,1.0,accepted,390,0.9970574378967285,1.0,True
6,1,1.0,accepted,391,0.9965213537216187,1.0,True
6,1,1.0,accepted,392,0.9960709810256958,1.0,True
6,1,1.0,accepted,393,0.9962447881698608,1.0,True
6,1,1.0,accepted,394,0.9959958791732788,1.0,True
6,1,1.0,accepted,395,0.9966781735420227,1.0,True
6,1,1.0,accepted,396,0.9966126084327698,1.0,True
6,1,1.0,accepted,397,0.996337890625,1.0,True
6,1,1.0,accepted,398,0.9964861869812012,1.0,True
6,1,1.0,accepted,399,0.996792197227478,1.0,True
6,1,1.0,accepted,400,0.9965441823005676,1.0,True
6,1,1.0,accepted,401,0.9965165853500366,1.0,True
6,1,1.0,accepted,402,0.9964985251426697,1.0,True
6,1,1.0,accepted,403,0.9967371225357056,1.0,True
6,1,1.0,accepted,404,0.9968711137771606,1.0,True
6,1,1.0,accepted,405,0.9970157146453857,1.0,True
6,1,1.0,accepted,406,0.996940553188324,1.0,True
6,1,1.0,accepted,407,0.9964956641197205,1.0,True
6,1,1.0,accepted,408,0.9962961673736572,1.0,True
6,1,1.0,accepted,409,0.9967105388641357,1.0,True
6,1,1.0,accepted,410,0.9965850114822388,1.0,True
6,1,1.0,accepted,411,0.9967000484466553,1.0,True
6,1,1.0,accepted,412,0.9966734647750854,1.0,True
6,1,1.0,accepted,413,0.9964889883995056,1.0,True
6,1,1.0,accepted,414,0.9968987107276917,1.0,True
6,1,1.0,accepted,415,0.9969148635864258,1.0,True
6,1,1.0,accepted,416,0.9966942667961121,1.0,True
6,1,1.0,accepted,417,0.9965726733207703,1.0,True
6,1,1.0,accepted,418,0.9966230392456055,1.0,True
6,1,1.0,accepted,419,0.9962733387947083,1.0,True
6,1,1.0,accepted,420,0.9967314600944519,1.0,True
6,1,1.0,accepted,421,0.9972286820411682,1.0,True
6,1,1.0,accepted,422,0.9967352151870728,1.0,True
6,1,1.0,accepted,423,0.9960282444953918,1.0,True
6,1,1.0,accepted,424,0.9964006543159485,1.0,True
6,1,1.0,accepted,425,0.996685802936554,1.0,True
6,1,1.0,accepted,426,0.9969167709350586,1.0,True
6,1,1.0,accepted,427,0.9969282150268555,1.0,True
6,1,1.0,accepted,428,0.9966743588447571,1.0,True
6,1,1.0,accepted,429,0.9966344237327576,1.0,True
6,1,1.0,accepted,430,0.9963997602462769,1.0,True
6,1,1.0,accepted,431,0.9966877102851868,1.0,True
6,1,1.0,accepted,432,0.9971478581428528,1.0,True
6,1,1.0,accepted,433,0.9966486692428589,1.0,True
6,1,1.0,accepted,434,0.996101438999176,1.0,True
6,1,1.0,accepted,435,0.9964500665664673,1.0,True
6,1,1.0,accepted,436,0.9969843029975891,1.0,True
6,1,1.0,accepted,437,0.9969671964645386,1.0,True
6,1,1.0,accepted,438,0.9962799549102783,1.0,True
6,1,1.0,accepted,439,0.9957660436630249,1.0,True
6,1,1.0,accepted,440,0.9968673586845398,1.0,True
6,1,1.0,accepted,441,0.9975082874298096,1.0,True
6,1,1.0,accepted,442,0.9966866970062256,1.0,True
6,1,1.0,accepted,443,0.9961991906166077,1.0,True
6,1,1.0,accepted,444,0.9963825941085815,1.0,True
6,1,1.0,accepted,445,0.9967741966247559,1.0,True
6,1,1.0,accepted,446,0.9973618388175964,1.0,True
6,1,1.0,accepted,447,0.9966553449630737,1.0,True
6,1,1.0,accepted,448,0.9964120984077454,1.0,True
6,1,1.0,accepted,449,0.9963825941085815,1.0,True
6,1,1.0,accepted,450,0.9967181086540222,1.0,True
6,1,1.0,accepted,451,0.9968264698982239,1.0,True
6,1,1.0,accepted,452,0.9972562789916992,1.0,True
6,1,1.0,accepted,453,0.9971668720245361,1.0,True
6,1,1.0,accepted,454,0.9968359470367432,1.0,True
6,1,1.0,accepted,455,0.9966030120849609,1.0,True
6,1,1.0,accepted,456,0.9967637062072754,1.0,True
6,1,1.0,accepted,457,0.9969272017478943,1.0,True
6,1,1.0,accepted,458,0.9966239333152771,1.0,True
6,1,1.0,accepted,459,0.9968169331550598,1.0,True
6,1,1.0,accepted,460,0.9967513680458069,1.0,True
6,1,1.0,accepted,461,0.9971011877059937,1.0,True
6,1,1.0,accepted,462,0.9970384240150452,1.0,True
6,1,1.0,accepted,463,0.9970289468765259,1.0,True
6,1,1.0,accepted,464,0.9968416094779968,1.0,True
6,1,1.0,accepted,465,0.9967275857925415,1.0,True
6,1,1.0,accepted,466,0.996610701084137,1.0,True
6,1,1.0,accepted,467,0.9965954422950745,1.0,True
6,1,1.0,accepted,468,0.9970974326133728,1.0,True
6,1,1.0,accepted,469,0.9970461130142212,1.0,True
6,1,1.0,accepted,470,0.9967114329338074,1.0,True
6,1,1.0,accepted,471,0.9967390298843384,1.0,True
6,1,1.0,accepted,472,0.9971649646759033,1.0,True
6,1,1.0,accepted,473,0.9969100952148438,1.0,True
6,1,1.0,accepted,474,0.996393084526062,1.0,True
6,1,1.0,accepted,475,0.9966601133346558,1.0,True
6,1,1.0,accepted,476,0.9969795346260071,1.0,True
6,1,1.0,accepted,477,0.9968673586845398,1.0,True
6,1,1.0,accepted,478,0.9967656135559082,1.0,True
6,1,1.0,accepted,479,0.9972239136695862,1.0,True
6,1,1.0,accepted,480,0.9966486692428589,1.0,True
6,1,1.0,accepted,481,0.9958249926567078,1.0,True
6,1,1.0,accepted,482,0.9968834519386292,1.0,True
6,1,1.0,accepted,483,0.9966068863868713,1.0,True
6,1,1.0,accepted,484,0.9967750906944275,1.0,True
6,1,1.0,accepted,485,0.997230589389801,1.0,True
6,1,1.0,accepted,486,0.9970356225967407,1.0,True
6,1,1.0,accepted,487,0.9965841174125671,1.0,True
6,1,1.0,accepted,488,0.9965546131134033,1.0,True
6,1,1.0,accepted,489,0.9967390298843384,1.0,True
6,1,1.0,accepted,490,0.9965460300445557,1.0,True
6,1,1.0,accepted,491,0.9968758821487427,1.0,True
6,1,1.0,accepted,492,0.9968920350074768,1.0,True
6,1,1.0,accepted,493,0.9968122243881226,1.0,True
6,1,1.0,accepted,494,0.9966078400611877,1.0,True
6,1,1.0,accepted,495,0.9967979192733765,1.0,True
6,1,1.0,accepted,496,0.9972438216209412,1.0,True
6,1,1.0,accepted,497,0.9963085055351257,1.0,True
6,1,1.0,accepted,498,0.9965869188308716,1.0,True
6,1,1.0,accepted,499,0.9965450763702393,1.0,True
6,1,1.0,accepted,500,0.997052788734436,1.0,True
