level,attempt,t,attempt_status,step,batch_ess,kept_fraction,update_applied
1,1,0.10000000149011612,accepted,1,0.3247973918914795,1.0,True
1,1,0.10000000149011612,accepted,2,0.26986703276634216,1.0,True
1,1,0.10000000149011612,accepted,3,0.303224116563797,1.0,True
1,1,0.10000000149011612,accepted,4,0.33723893761634827,1.0,True
1,1,0.10000000149011612,accepted,5,0.2943841218948364,1.0,True
1,1,0.10000000149011612,accepted,6,0.3266898989677429,1.0,True
1,1,0.10000000149011612,accepted,7,0.2782217264175415,1.0,True
1,1,0.10000000149011612,accepted,8,0.35163748264312744,1.0,True
1,1,0.10000000149011612,accepted,9,0.2333073616027832,1.0,True
1,1,0.10000000149011612,accepted,10,0.3171500563621521,1.0,True
1,1,0.10000000149011612,accepted,11,0.342918336391449,1.0,True
1,1,0.10000000149011612,accepted,12,0.3357524871826172,1.0,True
1,1,0.10000000149011612,accepted,13,0.3701966106891632,1.0,True
1,1,0.10000000149011612,accepted,14,0.32498887181282043,1.0,True
1,1,0.10000000149011612,accepted,15,0.37906521558761597,1.0,True
1,1,0.10000000149011612,accepted,16,0.44567617774009705,1.0,True
1,1,0.10000000149011612,accepted,17,0.4386477768421173,1.0,True
1,1,0.10000000149011612,accepted,18,0.43493711948394775,1.0,True
1,1,0.10000000149011612,accepted,19,0.4614558815956116,1.0,True
1,1,0.10000000149011612,accepted,20,0.47807326912879944,1.0,True
1,1,0.10000000149011612,accepted,21,0.4358140528202057,1.0,True
1,1,0.10000000149011612,accepted,22,0.510228157043457,1.0,True
1,1,0.10000000149011612,accepted,23,0.5125495791435242,1.0,True
1,1,0.10000000149011612,accepted,24,0.5442425608634949,1.0,True
1,1,0.10000000149011612,accepted,25,0.5269368290901184,1.0,True
1,1,0.10000000149011612,accepted,26,0.5216836929321289,1.0,True
1,1,0.10000000149011612,accepted,27,0.5478503108024597,1.0,True
1,1,0.10000000149011612,accepted,28,0.4854721426963806,1.0,True
1,1,0.10000000149011612,accepted,29,0.540826678276062,1.0,True
1,1,0.10000000149011612,accepted,30,0.5503890514373779,1.0,True
1,1,0.10000000149011612,accepted,31,0.5625392198562622,1.0,True
1,1,0.10000000149011612,accepted,32,0.5556228756904602,1.0,True
1,1,0.10000000149011612,accepted,33,0.5695992112159729,1.0,True
1,1,0.10000000149011612,accepted,34,0.5514756441116333,1.0,True
1,1,0.10000000149011612,accepted,35,0.556651771068573,1.0,True
1,1,0.10000000149011612,accepted,36,0.5688033699989319,1.0,True
1,1,0.10000000149011612,accepted,37,0.5601099133491516,1.0,False
1,1,0.10000000149011612,accepted,38,0.562951385974884,1.0,True
1,1,0.10000000149011612,accepted,39,0.5666906833648682,1.0,True
1,1,0.10000000149011612,accepted,40,0.5756674408912659,1.0,True
1,1,0.10000000149011612,accepted,41,0.5784874558448792,1.0,True
1,1,0.10000000149011612,accepted,42,0.5745453238487244,1.0,True
1,1,0.10000000149011612,accepted,43,0.5827121734619141,1.0,True
1,1,0.10000000149011612,accepted,44,0.6014319062232971,1.0,True
1,1,0.10000000149011612,accepted,45,0.5845455527305603,1.0,True
1,1,0.10000000149011612,accepted,46,0.5898352265357971,1.0,True
1,1,0.10000000149011612,accepted,47,0.586982250213623,1.0,True
1,1,0.10000000149011612,accepted,48,0.593122661113739,1.0,True
1,1,0.10000000149011612,accepted,49,0.5947096943855286,1.0,True
1,1,0.10000000149011612,accepted,50,0.6016671061515808,1.0,True
1,1,0.10000000149011612,accepted,51,0.5940940380096436,1.0,True
1,1,0.10000000149011612,accepted,52,0.5861376523971558,1.0,True
1,1,0.10000000149011612,accepted,53,0.5846971869468689,1.0,True
1,1,0.10000000149011612,accepted,54,0.5966741442680359,1.0,False
1,1,0.10000000149011612,accepted,55,0.6152613162994385,1.0,True
1,1,0.10000000149011612,accepted,56,0.5916109085083008,1.0,True
1,1,0.10000000149011612,accepted,57,0.6149292588233948,1.0,True
1,1,0.10000000149011612,accepted,58,0.6103545427322388,1.0,True
1,1,0.10000000149011612,accepted,59,0.6092914342880249,1.0,True
1,1,0.10000000149011612,accepted,60,0.6163066029548645,1.0,True
1,1,0.10000000149011612,accepted,61,0.5919122695922852,1.0,True
1,1,0.10000000149011612,accepted,62,0.6121605038642883,1.0,True
1,1,0.10000000149011612,accepted,63,0.6230424046516418,1.0,True
1,1,0.10000000149011612,accepted,64,0.6118453145027161,1.0,True
1,1,0.10000000149011612,accepted,65,0.6143923401832581,1.0,True
1,1,0.10000000149011612,accepted,66,0.6084448099136353,1.0,True
1,1,0.10000000149011612,accepted,67,0.5810795426368713,1.0,True
1,1,0.10000000149011612,accepted,68,0.6135023832321167,1.0,True
1,1,0.10000000149011612,accepted,69,0.6092507243156433,1.0,True
1,1,0.10000000149011612,accepted,70,0.60903000831604,1.0,True
1,1,0.10000000149011612,accepted,71,0.6148237586021423,1.0,True
1,1,0.10000000149011612,accepted,72,0.6128310561180115,1.0,False
1,1,0.10000000149011612,accepted,73,0.6175739169120789,1.0,True
1,1,0.10000000149011612,accepted,74,0.6161984801292419,1.0,True
1,1,0.10000000149011612,accepted,75,0.6085260510444641,1.0,False
1,1,0.10000000149011612,accepted,76,0.5978178977966309,1.0,True
1,1,0.10000000149011612,accepted,77,0.6187058091163635,1.0,True
1,1,0.10000000149011612,accepted,78,0.6191945672035217,1.0,True
1,1,0.10000000149011612,accepted,79,0.6206939220428467,1.0,True
1,1,0.10000000149011612,accepted,80,0.6293318271636963,1.0,True
1,1,0.10000000149011612,accepted,81,0.6026813387870789,1.0,True
1,1,0.10000000149011612,accepted,82,0.617974579334259,1.0,True
1,1,0.10000000149011612,accepted,83,0.6336208581924438,1.0,True
1,1,0.10000000149011612,accepted,84,0.5946859121322632,1.0,False
1,1,0.10000000149011612,accepted,85,0.6218195557594299,1.0,True
1,1,0.10000000149011612,accepted,86,0.6118943691253662,1.0,True
1,1,0.10000000149011612,accepted,87,0.6242973804473877,1.0,True
1,1,0.10000000149011612,accepted,88,0.629618763923645,1.0,True
1,1,0.10000000149011612,accepted,89,0.6211533546447754,1.0,True
1,1,0.10000000149011612,accepted,90,0.6239842772483826,1.0,False
1,1,0.10000000149011612,accepted,91,0.6102567911148071,1.0,True
1,1,0.10000000149011612,accepted,92,0.6314142942428589,1.0,True
1,1,0.10000000149011612,accepted,93,0.615565299987793,1.0,True
1,1,0.10000000149011612,accepted,94,0.6335012316703796,1.0,True
1,1,0.10000000149011612,accepted,95,0.6281254291534424,1.0,True
1,1,0.10000000149011612,accepted,96,0.6285640597343445,1.0,True
1,1,0.10000000149011612,accepted,97,0.6067343354225159,1.0,True
1,1,0.10000000149011612,accepted,98,0.6214579939842224,1.0,True
1,1,0.10000000149011612,accepted,99,0.6238462328910828,1.0,True
1,1,0.10000000149011612,accepted,100,0.6407120227813721,1.0,True
1,1,0.10000000149011612,accepted,101,0.6367161870002747,1.0,True
1,1,0.10000000149011612,accepted,102,0.6367987394332886,1.0,True
1,1,0.10000000149011612,accepted,103,0.620982825756073,1.0,True
1,1,0.10000000149011612,accepted,104,0.6375620365142822,1.0,True
1,1,0.10000000149011612,accepted,105,0.6445608139038086,1.0,True
1,1,0.10000000149011612,accepted,106,0.6490204930305481,1.0,True
1,1,0.10000000149011612,accepted,107,0.6247810125350952,1.0,True
1,1,0.10000000149011612,accepted,108,0.6443174481391907,1.0,True
1,1,0.10000000149011612,accepted,109,0.6417614221572876,1.0,True
1,1,0.10000000149011612,accepted,110,0.6240057349205017,1.0,True
1,1,0.10000000149011612,accepted,111,0.6364272236824036,1.0,True
1,1,0.10000000149011612,accepted,112,0.6313107013702393,1.0,True
1,1,0.10000000149011612,accepted,113,0.6392362713813782,1.0,True
1,1,0.10000000149011612,accepted,114,0.6367866396903992,1.0,True
1,1,0.10000000149011612,accepted,115,0.635773241519928,1.0,True
1,1,0.10000000149011612,accepted,116,0.6447796821594238,1.0,True
1,1,0.10000000149011612,accepted,117,0.6271677017211914,1.0,False
1,1,0.10000000149011612,accepted,118,0.6199768781661987,1.0,True
1,1,0.10000000149011612,accepted,119,0.6493486166000366,1.0,True
1,1,0.10000000149011612,accepted,120,0.6385331749916077,1.0,True
1,1,0.10000000149011612,accepted,121,0.6429768204689026,1.0,True
1,1,0.10000000149011612,accepted,122,0.6336112022399902,1.0,True
1,1,0.10000000149011612,accepted,123,0.6317009925842285,1.0,True
1,1,0.10000000149011612,accepted,124,0.6209543943405151,1.0,False
1,1,0.10000000149011612,accepted,125,0.6548523306846619,1.0,True
1,1,0.10000000149011612,accepted,126,0.6471453309059143,1.0,False
1,1,0.10000000149011612,accepted,127,0.6446051001548767,1.0,True
1,1,0.10000000149011612,accepted,128,0.6464248299598694,1.0,True
1,1,0.10000000149011612,accepted,129,0.6411423683166504,1.0,True
1,1,0.10000000149011612,accepted,130,0.6487036347389221,1.0,True
1,1,0.10000000149011612,accepted,131,0.6532318592071533,1.0,True
1,1,0.10000000149011612,accepted,132,0.6550258994102478,1.0,True
1,1,0.10000000149011612,accepted,133,0.6411105394363403,1.0,True
1,1,0.10000000149011612,accepted,134,0.6440581679344177,1.0,True
1,1,0.10000000149011612,accepted,135,0.649390697479248,1.0,True
1,1,0.10000000149011612,accepted,136,0.6437793970108032,1.0,True
1,1,0.10000000149011612,accepted,137,0.6344056725502014,1.0,True
1,1,0.10000000149011612,accepted,138,0.6225101947784424,1.0,True
1,1,0.10000000149011612,accepted,139,0.6507248282432556,1.0,True
1,1,0.10000000149011612,accepted,140,0.6081477999687195,1.0,True
1,1,0.10000000149011612,accepted,141,0.6577978730201721,1.0,True
1,1,0.10000000149011612,accepted,142,0.6388170123100281,1.0,True
1,1,0.10000000149011612,accepted,143,0.6470243334770203,1.0,True
1,1,0.10000000149011612,accepted,144,0.6363276839256287,1.0,True
1,1,0.10000000149011612,accepted,145,0.6644571423530579,1.0,True
1,1,0.10000000149011612,accepted,146,0.6565318703651428,1.0,True
1,1,0.10000000149011612,accepted,147,0.6261565685272217,1.0,True
1,1,0.10000000149011612,accepted,148,0.6613126993179321,1.0,True
1,1,0.10000000149011612,accepted,149,0.6657193899154663,1.0,True
1,1,0.10000000149011612,accepted,150,0.6554508209228516,1.0,True
1,1,0.10000000149011612,accepted,151,0.665115237236023,1.0,True
1,1,0.10000000149011612,accepted,152,0.6649173498153687,1.0,True
1,1,0.10000000149011612,accepted,153,0.6348026990890503,1.0,True
1,1,0.10000000149011612,accepted,154,0.667020857334137,1.0,True
1,1,0.10000000149011612,accepted,155,0.6692152619361877,1.0,True
1,1,0.10000000149011612,accepted,156,0.6610932946205139,1.0,True
1,1,0.10000000149011612,accepted,157,0.6379756331443787,1.0,True
1,1,0.10000000149011612,accepted,158,0.677305281162262,1.0,True
1,1,0.10000000149011612,accepted,159,0.6777084469795227,1.0,True
1,1,0.10000000149011612,accepted,160,0.6767500042915344,1.0,True
1,1,0.10000000149011612,accepted,161,0.66886305809021,1.0,True
1,1,0.10000000149011612,accepted,162,0.6673822999000549,1.0,True
1,1,0.10000000149011612,accepted,163,0.6576699614524841,1.0,True
1,1,0.10000000149011612,accepted,164,0.6733996868133545,1.0,True
1,1,0.10000000149011612,accepted,165,0.6697158217430115,1.0,False
1,1,0.10000000149011612,accepted,166,0.672770619392395,1.0,True
1,1,0.10000000149011612,accepted,167,0.6656546592712402,1.0,True
1,1,0.10000000149011612,accepted,168,0.6567422747612,1.0,True
1,1,0.10000000149011612,accepted,169,0.6700710654258728,1.0,True
1,1,0.10000000149011612,accepted,170,0.6783913373947144,1.0,True
1,1,0.10000000149011612,accepted,171,0.6784171462059021,1.0,True
1,1,0.10000000149011612,accepted,172,0.6743856072425842,1.0,True
1,1,0.10000000149011612,accepted,173,0.6666558384895325,1.0,True
1,1,0.10000000149011612,accepted,174,0.6762248873710632,1.0,True
1,1,0.10000000149011612,accepted,175,0.663141667842865,1.0,True
1,1,0.10000000149011612,accepted,176,0.6799457669258118,1.0,True
1,1,0.10000000149011612,accepted,177,0.6734742522239685,1.0,True
1,1,0.10000000149011612,accepted,178,0.6835620999336243,1.0,True
1,1,0.10000000149011612,accepted,179,0.6932573318481445,1.0,True
1,1,0.10000000149011612,accepted,180,0.6862190961837769,1.0,True
1,1,0.10000000149011612,accepted,181,0.6723781228065491,1.0,True
1,1,0.10000000149011612,accepted,182,0.6798239350318909,1.0,True
1,1,0.10000000149011612,accepted,183,0.6765305995941162,1.0,True
1,1,0.10000000149011612,accepted,184,0.6852577328681946,1.0,True
1,1,0.10000000149011612,accepted,185,0.6740666627883911,1.0,True
1,1,0.10000000149011612,accepted,186,0.6884675025939941,1.0,True
1,1,0.10000000149011612,accepted,187,0.6967583298683167,1.0,False
1,1,0.10000000149011612,accepted,188,0.680418074131012,1.0,True
1,1,0.10000000149011612,accepted,189,0.6491182446479797,1.0,True
1,1,0.10000000149011612,accepted,190,0.6882193088531494,1.0,True
1,1,0.10000000149011612,accepted,191,0.6868908405303955,1.0,True
1,1,0.10000000149011612,accepted,192,0.6915629506111145,1.0,True
1,1,0.10000000149011612,accepted,193,0.5862247943878174,1.0,True
1,1,0.10000000149011612,accepted,194,0.6974577307701111,1.0,True
1,1,0.10000000149011612,accepted,195,0.6886618137359619,1.0,True
1,1,0.10000000149011612,accepted,196,0.699405312538147,1.0,True
1,1,0.10000000149011612,accepted,197,0.695443868637085,1.0,True
1,1,0.10000000149011612,accepted,198,0.6962348818778992,1.0,True
1,1,0.10000000149011612,accepted,199,0.694155752658844,1.0,True
1,1,0.10000000149011612,accepted,200,0.6993399262428284,1.0,False
1,1,0.10000000149011612,accepted,201,0.6910987496376038,1.0,True
1,1,0.10000000149011612,accepted,202,0.6736232042312622,1.0,True
1,1,0.10000000149011612,accepted,203,0.696731686592102,1.0,True
1,1,0.10000000149011612,accepted,204,0.6967078447341919,1.0,True
1,1,0.10000000149011612,accepted,205,0.6656381487846375,1.0,True
1,1,0.10000000149011612,accepted,206,0.6967609524726868,1.0,True
1,1,0.10000000149011612,accepted,207,0.6957941055297852,1.0,True
1,1,0.10000000149011612,accepted,208,0.6950380802154541,1.0,True
1,1,0.10000000149011612,accepted,209,0.6763022541999817,1.0,True
1,1,0.10000000149011612,accepted,210,0.7018521428108215,1.0,True
1,1,0.10000000149011612,accepted,211,0.6676152944564819,1.0,True
1,1,0.10000000149011612,accepted,212,0.7011069059371948,1.0,True
1,1,0.10000000149011612,accepted,213,0.6787614226341248,1.0,True
1,1,0.10000000149011612,accepted,214,0.6729682683944702,1.0,True
1,1,0.10000000149011612,accepted,215,0.7033141851425171,1.0,True
1,1,0.10000000149011612,accepted,216,0.7082789540290833,1.0,True
1,1,0.10000000149011612,accepted,217,0.694301426410675,1.0,True
1,1,0.10000000149011612,accepted,218,0.700446605682373,1.0,True
1,1,0.10000000149011612,accepted,219,0.695770263671875,1.0,True
1,1,0.10000000149011612,accepted,220,0.6978595852851868,1.0,True
1,1,0.10000000149011612,accepted,221,0.7004198431968689,1.0,True
1,1,0.10000000149011612,accepted,222,0.711957573890686,1.0,True
1,1,0.10000000149011612,accepted,223,0.7097259163856506,1.0,True
1,1,0.10000000149011612,accepted,224,0.7158423662185669,1.0,True
1,1,0.10000000149011612,accepted,225,0.7183056473731995,1.0,True
1,1,0.10000000149011612,accepted,226,0.7102702856063843,1.0,True
1,1,0.10000000149011612,accepted,227,0.704888105392456,1.0,True
1,1,0.10000000149011612,accepted,228,0.7018293738365173,1.0,True
1,1,0.10000000149011612,accepted,229,0.7068429589271545,1.0,True
1,1,0.10000000149011612,accepted,230,0.6927180290222168,1.0,True
1,1,0.10000000149011612,accepted,231,0.7094389796257019,1.0,True
1,1,0.10000000149011612,accepted,232,0.7184646129608154,1.0,True
1,1,0.10000000149011612,accepted,233,0.7030352354049683,1.0,True
1,1,0.10000000149011612,accepted,234,0.7124656438827515,1.0,True
1,1,0.10000000149011612,accepted,235,0.7084464430809021,1.0,True
1,1,0.10000000149011612,accepted,236,0.7164775729179382,1.0,True
1,1,0.10000000149011612,accepted,237,0.7161332964897156,1.0,True
1,1,0.10000000149011612,accepted,238,0.7135876417160034,1.0,True
1,1,0.10000000149011612,accepted,239,0.7175799012184143,1.0,True
1,1,0.10000000149011612,accepted,240,0.7123841047286987,1.0,True
1,1,0.10000000149011612,accepted,241,0.7108856439590454,1.0,True
1,1,0.10000000149011612,accepted,242,0.7055283784866333,1.0,True
1,1,0.10000000149011612,accepted,243,0.7172459959983826,1.0,True
1,1,0.10000000149011612,accepted,244,0.7142698764801025,1.0,True
1,1,0.10000000149011612,accepted,245,0.7217665314674377,1.0,True
1,1,0.10000000149011612,accepted,246,0.7174293398857117,1.0,True
1,1,0.10000000149011612,accepted,247,0.7161278128623962,1.0,True
1,1,0.10000000149011612,accepted,248,0.7150850296020508,1.0,True
1,1,0.10000000149011612,accepted,249,0.7126151919364929,1.0,True
1,1,0.10000000149011612,accepted,250,0.6980059742927551,1.0,True
1,1,0.10000000149011612,accepted,251,0.708738386631012,1.0,True
1,1,0.10000000149011612,accepted,252,0.7155611515045166,1.0,True
1,1,0.10000000149011612,accepted,253,0.7199777364730835,1.0,True
1,1,0.10000000149011612,accepted,254,0.7256868481636047,1.0,True
1,1,0.10000000149011612,accepted,255,0.678047239780426,1.0,True
1,1,0.10000000149011612,accepted,256,0.7279520630836487,1.0,True
1,1,0.10000000149011612,accepted,257,0.7170900702476501,1.0,True
1,1,0.10000000149011612,accepted,258,0.7196166515350342,1.0,True
1,1,0.10000000149011612,accepted,259,0.7231334447860718,1.0,True
1,1,0.10000000149011612,accepted,260,0.7119901776313782,1.0,True
1,1,0.10000000149011612,accepted,261,0.721905529499054,1.0,True
1,1,0.10000000149011612,accepted,262,0.7259498834609985,1.0,True
1,1,0.10000000149011612,accepted,263,0.7231941223144531,1.0,True
1,1,0.10000000149011612,accepted,264,0.7224441170692444,1.0,True
1,1,0.10000000149011612,accepted,265,0.7209189534187317,1.0,True
1,1,0.10000000149011612,accepted,266,0.729305624961853,1.0,True
1,1,0.10000000149011612,accepted,267,0.7289496064186096,1.0,True
1,1,0.10000000149011612,accepted,268,0.7361143827438354,1.0,True
1,1,0.10000000149011612,accepted,269,0.7292805910110474,1.0,True
1,1,0.10000000149011612,accepted,270,0.7335466742515564,1.0,True
1,1,0.10000000149011612,accepted,271,0.7322047352790833,1.0,True
1,1,0.10000000149011612,accepted,272,0.7103719115257263,1.0,True
1,1,0.10000000149011612,accepted,273,0.7308332324028015,1.0,True
1,1,0.10000000149011612,accepted,274,0.7409544587135315,1.0,True
1,1,0.10000000149011612,accepted,275,0.7273566126823425,1.0,True
1,1,0.10000000149011612,accepted,276,0.7254432439804077,1.0,True
1,1,0.10000000149011612,accepted,277,0.7338699698448181,1.0,True
1,1,0.10000000149011612,accepted,278,0.7286049127578735,1.0,True
1,1,0.10000000149011612,accepted,279,0.735519289970398,1.0,True
1,1,0.10000000149011612,accepted,280,0.7275744676589966,1.0,False
1,1,0.10000000149011612,accepted,281,0.7249286770820618,1.0,True
1,1,0.10000000149011612,accepted,282,0.7318347096443176,1.0,True
1,1,0.10000000149011612,accepted,283,0.6988012194633484,1.0,True
1,1,0.10000000149011612,accepted,284,0.732020378112793,1.0,True
1,1,0.10000000149011612,accepted,285,0.7381079792976379,1.0,True
1,1,0.10000000149011612,accepted,286,0.730996310710907,1.0,True
1,1,0.10000000149011612,accepted,287,0.7256702184677124,1.0,True
1,1,0.10000000149011612,accepted,288,0.7321279644966125,1.0,True
1,1,0.10000000149011612,accepted,289,0.7333690524101257,1.0,True
1,1,0.10000000149011612,accepted,290,0.7304415702819824,1.0,True
1,1,0.10000000149011612,accepted,291,0.7239242196083069,1.0,True
1,1,0.10000000149011612,accepted,292,0.737066924571991,1.0,True
1,1,0.10000000149011612,accepted,293,0.7370275259017944,1.0,True
1,1,0.10000000149011612,accepted,294,0.7150141000747681,1.0,True
1,1,0.10000000149011612,accepted,295,0.73763507604599,1.0,True
1,1,0.10000000149011612,accepted,296,0.7314398288726807,1.0,True
1,1,0.10000000149011612,accepted,297,0.7413997650146484,1.0,True
1,1,0.10000000149011612,accepted,298,0.734311044216156,1.0,True
1,1,0.10000000149011612,accepted,299,0.7389390468597412,1.0,True
1,1,0.10000000149011612,accepted,300,0.7331047058105469,1.0,True
1,1,0.10000000149011612,accepted,301,0.7429327964782715,1.0,True
1,1,0.10000000149011612,accepted,302,0.7413163185119629,1.0,True
1,1,0.10000000149011612,accepted,303,0.7343488335609436,1.0,True
1,1,0.10000000149011612,accepted,304,0.7321838140487671,1.0,True
1,1,0.10000000149011612,accepted,305,0.7399742603302002,1.0,False
1,1,0.10000000149011612,accepted,306,0.7464069724082947,1.0,True
1,1,0.10000000149011612,accepted,307,0.734886884689331,1.0,True
1,1,0.10000000149011612,accepted,308,0.7462332844734192,1.0,False
1,1,0.10000000149011612,accepted,309,0.7362772822380066,1.0,False
1,1,0.10000000149011612,accepted,310,0.7393958568572998,1.0,True
1,1,0.10000000149011612,accepted,311,0.7425389885902405,1.0,True
1,1,0.10000000149011612,accepted,312,0.7456613779067993,1.0,True
1,1,0.10000000149011612,accepted,313,0.7399941086769104,1.0,True
1,1,0.10000000149011612,accepted,314,0.7440687417984009,1.0,True
1,1,0.10000000149011612,accepted,315,0.7404119372367859,1.0,True
1,1,0.10000000149011612,accepted,316,0.738848865032196,1.0,False
1,1,0.10000000149011612,accepted,317,0.7392012476921082,1.0,True
1,1,0.10000000149011612,accepted,318,0.7409502267837524,1.0,True
1,1,0.10000000149011612,accepted,319,0.7448341250419617,1.0,True
1,1,0.10000000149011612,accepted,320,0.7421029210090637,1.0,True
1,1,0.10000000149011612,accepted,321,0.7399178147315979,1.0,True
1,1,0.10000000149011612,accepted,322,0.7442887425422668,1.0,True
1,1,0.10000000149011612,accepted,323,0.7428194880485535,1.0,True
1,1,0.10000000149011612,accepted,324,0.7432829141616821,1.0,True
1,1,0.10000000149011612,accepted,325,0.7406294941902161,1.0,True
1,1,0.10000000149011612,accepted,326,0.7410364151000977,1.0,True
1,1,0.10000000149011612,accepted,327,0.7360118627548218,1.0,True
1,1,0.10000000149011612,accepted,328,0.7412088513374329,1.0,True
1,1,0.10000000149011612,accepted,329,0.7342241406440735,1.0,True
1,1,0.10000000149011612,accepted,330,0.7412965297698975,1.0,False
1,1,0.10000000149011612,accepted,331,0.7421368956565857,1.0,True
1,1,0.10000000149011612,accepted,332,0.7386234402656555,1.0,True
1,1,0.10000000149011612,accepted,333,0.7470080256462097,1.0,True
1,1,0.10000000149011612,accepted,334,0.7408244013786316,1.0,True
1,1,0.10000000149011612,accepted,335,0.744405210018158,1.0,True
1,1,0.10000000149011612,accepted,336,0.7415949702262878,1.0,True
1,1,0.10000000149011612,accepted,337,0.7470678687095642,1.0,True
1,1,0.10000000149011612,accepted,338,0.7323723435401917,1.0,True
1,1,0.10000000149011612,accepted,339,0.7473927736282349,1.0,True
1,1,0.10000000149011612,accepted,340,0.7403046488761902,1.0,True
1,1,0.10000000149011612,accepted,341,0.7451012134552002,1.0,True
1,1,0.10000000149011612,accepted,342,0.7451153993606567,1.0,True
1,1,0.10000000149011612,accepted,343,0.7437267899513245,1.0,True
1,1,0.10000000149011612,accepted,344,0.7431198954582214,1.0,True
1,1,0.10000000149011612,accepted,345,0.7432276606559753,1.0,True
1,1,0.10000000149011612,accepted,346,0.7392999529838562,1.0,True
1,1,0.10000000149011612,accepted,347,0.7449761629104614,1.0,True
1,1,0.10000000149011612,accepted,348,0.7463998198509216,1.0,False
1,1,0.10000000149011612,accepted,349,0.74864262342453,1.0,True
1,1,0.10000000149011612,accepted,350,0.7496814131736755,1.0,True
1,1,0.10000000149011612,accepted,351,0.7466134428977966,1.0,False
1,1,0.10000000149011612,accepted,352,0.7244670391082764,1.0,True
1,1,0.10000000149011612,accepted,353,0.752410352230072,1.0,True
1,1,0.10000000149011612,accepted,354,0.7490225434303284,1.0,True
1,1,0.10000000149011612,accepted,355,0.7470593452453613,1.0,True
1,1,0.10000000149011612,accepted,356,0.7454935312271118,1.0,True
1,1,0.10000000149011612,accepted,357,0.7464610934257507,1.0,True
1,1,0.10000000149011612,accepted,358,0.7516300082206726,1.0,False
1,1,0.10000000149011612,accepted,359,0.7482871413230896,1.0,True
1,1,0.10000000149011612,accepted,360,0.7462332844734192,1.0,True
1,1,0.10000000149011612,accepted,361,0.75206458568573,1.0,True
1,1,0.10000000149011612,accepted,362,0.7531742453575134,1.0,True
1,1,0.10000000149011612,accepted,363,0.7514694929122925,1.0,True
1,1,0.10000000149011612,accepted,364,0.7540452480316162,1.0,True
1,1,0.10000000149011612,accepted,365,0.7500604391098022,1.0,True
1,1,0.10000000149011612,accepted,366,0.75542151927948,1.0,True
1,1,0.10000000149011612,accepted,367,0.7533868551254272,1.0,True
1,1,0.10000000149011612,accepted,368,0.753901481628418,1.0,True
1,1,0.10000000149011612,accepted,369,0.7433694005012512,1.0,True
1,1,0.10000000149011612,accepted,370,0.7362730503082275,1.0,True
1,1,0.10000000149011612,accepted,371,0.7542322874069214,1.0,True
1,1,0.10000000149011612,accepted,372,0.7478405237197876,1.0,True
1,1,0.10000000149011612,accepted,373,0.7476508617401123,1.0,False
1,1,0.10000000149011612,accepted,374,0.7395340204238892,1.0,True
1,1,0.10000000149011612,accepted,375,0.7479232549667358,1.0,True
1,1,0.10000000149011612,accepted,376,0.750723123550415,1.0,True
1,1,0.10000000149011612,accepted,377,0.7445840835571289,1.0,True
1,1,0.10000000149011612,accepted,378,0.7541833519935608,1.0,True
1,1,0.10000000149011612,accepted,379,0.7533020973205566,1.0,True
1,1,0.10000000149011612,accepted,380,0.7554560899734497,1.0,True
1,1,0.10000000149011612,accepted,381,0.7537864446640015,1.0,True
1,1,0.10000000149011612,accepted,382,0.7482514381408691,1.0,True
1,1,0.10000000149011612,accepted,383,0.755365252494812,1.0,True
1,1,0.10000000149011612,accepted,384,0.7489396929740906,1.0,True
1,1,0.10000000149011612,accepted,385,0.7556246519088745,1.0,True
1,1,0.10000000149011612,accepted,386,0.7369165420532227,1.0,True
1,1,0.10000000149011612,accepted,387,0.7554906606674194,1.0,True
1,1,0.10000000149011612,accepted,388,0.7506701946258545,1.0,True
1,1,0.10000000149011612,accepted,389,0.735153317451477,1.0,True
1,1,0.10000000149011612,accepted,390,0.7568579316139221,1.0,True
1,1,0.10000000149011612,accepted,391,0.7511585354804993,1.0,False
1,1,0.10000000149011612,accepted,392,0.7535032629966736,1.0,True
1,1,0.10000000149011612,accepted,393,0.7526787519454956,1.0,True
1,1,0.10000000149011612,accepted,394,0.7563658356666565,1.0,True
1,1,0.10000000149011612,accepted,395,0.7550441026687622,1.0,True
1,1,0.10000000149011612,accepted,396,0.7587600946426392,1.0,True
1,1,0.10000000149011612,accepted,397,0.742439866065979,1.0,True
1,1,0.10000000149011612,accepted,398,0.7536139488220215,1.0,True
1,1,0.10000000149011612,accepted,399,0.7512660026550293,1.0,True
1,1,0.10000000149011612,accepted,400,0.7556347846984863,1.0,True
1,1,0.10000000149011612,accepted,401,0.7550123929977417,1.0,True
1,1,0.10000000149011612,accepted,402,0.7556145787239075,1.0,True
1,1,0.10000000149011612,accepted,403,0.7557356953620911,1.0,True
1,1,0.10000000149011612,accepted,404,0.7541689872741699,1.0,True
1,1,0.10000000149011612,accepted,405,0.7552428245544434,1.0,True
1,1,0.10000000149011612,accepted,406,0.7492311596870422,1.0,True
1,1,0.10000000149011612,accepted,407,0.7330403923988342,1.0,True
1,1,0.10000000149011612,accepted,408,0.7538928389549255,1.0,True
1,1,0.10000000149011612,accepted,409,0.7539935111999512,1.0,True
1,1,0.10000000149011612,accepted,410,0.7537893056869507,1.0,True
1,1,0.10000000149011612,accepted,411,0.7572954893112183,1.0,True
1,1,0.10000000149011612,accepted,412,0.7493755221366882,1.0,True
1,1,0.10000000149011612,accepted,413,0.7559028267860413,1.0,True
1,1,0.10000000149011612,accepted,414,0.7573027014732361,1.0,True
1,1,0.10000000149011612,accepted,415,0.7591972947120667,1.0,True
1,1,0.10000000149011612,accepted,416,0.7587398290634155,1.0,True
1,1,0.10000000149011612,accepted,417,0.7489039301872253,1.0,True
1,1,0.10000000149011612,accepted,418,0.7526658177375793,1.0,True
1,1,0.10000000149011612,accepted,419,0.7517103552818298,1.0,True
1,1,0.10000000149011612,accepted,420,0.7529156804084778,1.0,True
1,1,0.10000000149011612,accepted,421,0.7569950819015503,1.0,True
1,1,0.10000000149011612,accepted,422,0.7448682188987732,1.0,True
1,1,0.10000000149011612,accepted,423,0.7547762393951416,1.0,True
1,1,0.10000000149011612,accepted,424,0.7586992979049683,1.0,True
1,1,0.10000000149011612,accepted,425,0.7577650547027588,1.0,True
1,1,0.10000000149011612,accepted,426,0.7365104556083679,1.0,True
1,1,0.10000000149011612,accepted,427,0.7669752836227417,1.0,True
1,1,0.10000000149011612,accepted,428,0.7607148885726929,1.0,True
1,1,0.10000000149011612,accepted,429,0.7601826190948486,1.0,True
1,1,0.10000000149011612,accepted,430,0.7636675238609314,1.0,True
1,1,0.10000000149011612,accepted,431,0.7616310119628906,1.0,True
1,1,0.10000000149011612,accepted,432,0.7561307549476624,1.0,True
1,1,0.10000000149011612,accepted,433,0.7593101859092712,1.0,True
1,1,0.10000000149011612,accepted,434,0.760200023651123,1.0,True
1,1,0.10000000149011612,accepted,435,0.7598897814750671,1.0,True
1,1,0.10000000149011612,accepted,436,0.7639472484588623,1.0,True
1,1,0.10000000149011612,accepted,437,0.763853907585144,1.0,True
1,1,0.10000000149011612,accepted,438,0.7518078684806824,1.0,True
1,1,0.10000000149011612,accepted,439,0.7656802535057068,1.0,True
1,1,0.10000000149011612,accepted,440,0.7637432217597961,1.0,True
1,1,0.10000000149011612,accepted,441,0.757319986820221,1.0,True
1,1,0.10000000149011612,accepted,442,0.7641672492027283,1.0,True
1,1,0.10000000149011612,accepted,443,0.754892885684967,1.0,True
1,1,0.10000000149011612,accepted,444,0.7417731881141663,1.0,True
1,1,0.10000000149011612,accepted,445,0.7598984241485596,1.0,True
1,1,0.10000000149011612,accepted,446,0.7609761357307434,1.0,True
1,1,0.10000000149011612,accepted,447,0.761580228805542,1.0,False
1,1,0.10000000149011612,accepted,448,0.7614596486091614,1.0,True
1,1,0.10000000149011612,accepted,449,0.7590973377227783,1.0,True
1,1,0.10000000149011612,accepted,450,0.764877438545227,1.0,True
1,1,0.10000000149011612,accepted,451,0.7523314356803894,1.0,True
1,1,0.10000000149011612,accepted,452,0.7636063098907471,1.0,True
1,1,0.10000000149011612,accepted,453,0.7561350464820862,1.0,True
1,1,0.10000000149011612,accepted,454,0.7576407790184021,1.0,True
1,1,0.10000000149011612,accepted,455,0.7547849416732788,1.0,False
1,1,0.10000000149011612,accepted,456,0.7629978060722351,1.0,True
1,1,0.10000000149011612,accepted,457,0.7610995173454285,1.0,True
1,1,0.10000000149011612,accepted,458,0.7658964395523071,1.0,True
1,1,0.10000000149011612,accepted,459,0.7639369964599609,1.0,True
1,1,0.10000000149011612,accepted,460,0.7609833478927612,1.0,True
1,1,0.10000000149011612,accepted,461,0.7621440291404724,1.0,True
1,1,0.10000000149011612,accepted,462,0.7543761134147644,1.0,True
1,1,0.10000000149011612,accepted,463,0.7575454115867615,1.0,True
1,1,0.10000000149011612,accepted,464,0.7505269646644592,1.0,True
1,1,0.10000000149011612,accepted,465,0.7575916647911072,1.0,True
1,1,0.10000000149011612,accepted,466,0.7596911787986755,1.0,True
1,1,0.10000000149011612,accepted,467,0.7645580172538757,1.0,True
1,1,0.10000000149011612,accepted,468,0.761353611946106,1.0,True
1,1,0.10000000149011612,accepted,469,0.7569965720176697,1.0,True
1,1,0.10000000149011612,accepted,470,0.760934054851532,1.0,True
1,1,0.10000000149011612,accepted,471,0.7590553760528564,1.0,True
1,1,0.10000000149011612,accepted,472,0.7654378414154053,1.0,True
1,1,0.10000000149011612,accepted,473,0.7617617845535278,1.0,True
1,1,0.10000000149011612,accepted,474,0.7644398808479309,1.0,True
1,1,0.10000000149011612,accepted,475,0.7620262503623962,1.0,True
1,1,0.10000000149011612,accepted,476,0.7631316781044006,1.0,True
1,1,0.10000000149011612,accepted,477,0.75311678647995,1.0,True
1,1,0.10000000149011612,accepted,478,0.7638744115829468,1.0,True
1,1,0.10000000149011612,accepted,479,0.7620407938957214,1.0,True
1,1,0.10000000149011612,accepted,480,0.7522224187850952,1.0,True
1,1,0.10000000149011612,accepted,481,0.7589916586875916,1.0,True
1,1,0.10000000149011612,accepted,482,0.7660658955574036,1.0,True
1,1,0.10000000149011612,accepted,483,0.760359525680542,1.0,True
1,1,0.10000000149011612,accepted,484,0.7571495771408081,1.0,True
1,1,0.10000000149011612,accepted,485,0.7522955536842346,1.0,True
1,1,0.10000000149011612,accepted,486,0.7627503871917725,1.0,True
1,1,0.10000000149011612,accepted,487,0.7624711394309998,1.0,False
1,1,0.10000000149011612,accepted,488,0.7640987634658813,1.0,True
1,1,0.10000000149011612,accepted,489,0.7601855397224426,1.0,True
1,1,0.10000000149011612,accepted,490,0.7509651780128479,1.0,True
1,1,0.10000000149011612,accepted,491,0.7638437747955322,1.0,True
1,1,0.10000000149011612,accepted,492,0.7545142769813538,1.0,True
1,1,0.10000000149011612,accepted,493,0.7646703124046326,1.0,True
1,1,0.10000000149011612,accepted,494,0.7607889175415039,1.0,True
1,1,0.10000000149011612,accepted,495,0.7645419836044312,1.0,True
1,1,0.10000000149011612,accepted,496,0.7574731707572937,1.0,True
1,1,0.10000000149011612,accepted,497,0.7587572336196899,1.0,True
1,1,0.10000000149011612,accepted,498,0.766697347164154,1.0,True
1,1,0.10000000149011612,accepted,499,0.767740786075592,1.0,True
1,1,0.10000000149011612,accepted,500,0.7575973868370056,1.0,True
2,1,0.23000000417232513,rejected,1,0.037071507424116135,1.0,True
2,1,0.23000000417232513,rejected,2,0.030525032430887222,1.0,True
2,1,0.23000000417232513,rejected,3,0.013168629258871078,1.0,True
2,1,0.23000000417232513,rejected,4,0.03881149739027023,1.0,True
2,1,0.23000000417232513,rejected,5,0.016100110486149788,1.0,True
2,1,0.23000000417232513,rejected,6,0.028000233694911003,1.0,True
2,1,0.23000000417232513,rejected,7,0.024584319442510605,1.0,True
2,1,0.23000000417232513,rejected,8,0.030163997784256935,1.0,True
2,1,0.23000000417232513,rejected,9,0.019939085468649864,1.0,True
2,1,0.23000000417232513,rejected,10,0.026127077639102936,1.0,True
2,1,0.23000000417232513,rejected,11,0.01894749514758587,1.0,True
2,1,0.23000000417232513,rejected,12,0.03129686787724495,1.0,True
2,1,0.23000000417232513,rejected,13,0.031668804585933685,1.0,True
2,1,0.23000000417232513,rejected,14,0.01553722657263279,1.0,True
2,1,0.23000000417232513,rejected,15,0.04197772592306137,1.0,True
2,1,0.23000000417232513,rejected,16,0.04055851697921753,1.0,True
2,1,0.23000000417232513,rejected,17,0.014322848990559578,1.0,True
2,1,0.23000000417232513,rejected,18,0.025813333690166473,1.0,True
2,1,0.23000000417232513,rejected,19,0.012792523950338364,1.0,True
2,1,0.23000000417232513,rejected,20,0.01774813048541546,1.0,True
2,1,0.23000000417232513,rejected,21,0.021533483639359474,1.0,True
2,1,0.23000000417232513,rejected,22,0.021696165204048157,1.0,True
2,1,0.23000000417232513,rejected,23,0.05085276439785957,1.0,True
2,1,0.23000000417232513,rejected,24,0.043270111083984375,1.0,True
2,1,0.23000000417232513,rejected,25,0.04382411390542984,1.0,True
2,1,0.23000000417232513,rejected,26,0.04717414826154709,1.0,True
2,1,0.23000000417232513,rejected,27,0.046380456537008286,1.0,True
2,1,0.23000000417232513,rejected,28,0.04838615283370018,1.0,True
2,1,0.23000000417232513,rejected,29,0.06323491781949997,1.0,True
2,1,0.23000000417232513,rejected,30,0.040338028222322464,1.0,True
2,1,0.23000000417232513,rejected,31,0.07971170544624329,1.0,True
2,1,0.23000000417232513,rejected,32,0.09085287898778915,1.0,True
2,1,0.23000000417232513,rejected,33,0.09720727801322937,1.0,True
2,1,0.23000000417232513,rejected,34,0.06774238497018814,1.0,True
2,1,0.23000000417232513,rejected,35,0.05267556756734848,1.0,True
2,1,0.23000000417232513,rejected,36,0.05263499170541763,1.0,True
2,1,0.23000000417232513,rejected,37,0.05920078977942467,1.0,True
2,1,0.23000000417232513,rejected,38,0.07876590639352798,1.0,True
2,1,0.23000000417232513,rejected,39,0.07340837270021439,1.0,True
2,1,0.23000000417232513,rejected,40,0.09072161465883255,1.0,True
2,1,0.23000000417232513,rejected,41,0.1236724928021431,1.0,True
2,1,0.23000000417232513,rejected,42,0.10338112711906433,1.0,True
2,1,0.23000000417232513,rejected,43,0.07924752682447433,1.0,True
2,1,0.23000000417232513,rejected,44,0.0919346958398819,1.0,True
2,1,0.23000000417232513,rejected,45,0.09000120311975479,1.0,True
2,1,0.23000000417232513,rejected,46,0.08212665468454361,1.0,True
2,1,0.23000000417232513,rejected,47,0.10001330822706223,1.0,True
2,1,0.23000000417232513,rejected,48,0.08081825077533722,1.0,True
2,1,0.23000000417232513,rejected,49,0.09630337357521057,1.0,True
2,1,0.23000000417232513,rejected,50,0.09933952987194061,1.0,True
2,1,0.23000000417232513,rejected,51,0.09265220910310745,1.0,True
2,1,0.23000000417232513,rejected,52,0.09722841531038284,1.0,True
2,1,0.23000000417232513,rejected,53,0.10266194492578506,1.0,True
2,1,0.23000000417232513,rejected,54,0.09935998916625977,1.0,True
2,1,0.23000000417232513,rejected,55,0.08852949738502502,1.0,True
2,1,0.23000000417232513,rejected,56,0.11720427125692368,1.0,True
2,1,0.23000000417232513,rejected,57,0.12621855735778809,1.0,True
2,1,0.23000000417232513,rejected,58,0.09377798438072205,1.0,True
2,1,0.23000000417232513,rejected,59,0.13536885380744934,1.0,True
2,1,0.23000000417232513,rejected,60,0.09678878635168076,1.0,True
2,1,0.23000000417232513,rejected,61,0.12253978848457336,1.0,True
2,1,0.23000000417232513,rejected,62,0.12806691229343414,1.0,True
2,1,0.23000000417232513,rejected,63,0.11697468906641006,1.0,True
2,1,0.23000000417232513,rejected,64,0.12776096165180206,1.0,True
2,1,0.23000000417232513,rejected,65,0.1328539252281189,1.0,True
2,1,0.23000000417232513,rejected,66,0.13660398125648499,1.0,True
2,1,0.23000000417232513,rejected,67,0.13213621079921722,1.0,True
2,1,0.23000000417232513,rejected,68,0.11605950444936752,1.0,True
2,1,0.23000000417232513,rejected,69,0.14122818410396576,1.0,True
2,1,0.23000000417232513,rejected,70,0.11135349422693253,1.0,True
2,1,0.23000000417232513,rejected,71,0.16463635861873627,1.0,True
2,1,0.23000000417232513,rejected,72,0.13238950073719025,1.0,True
2,1,0.23000000417232513,rejected,73,0.11956333369016647,1.0,True
2,1,0.23000000417232513,rejected,74,0.14365263283252716,1.0,True
2,1,0.23000000417232513,rejected,75,0.1467348039150238,1.0,True
2,1,0.23000000417232513,rejected,76,0.1557699590921402,1.0,True
2,1,0.23000000417232513,rejected,77,0.15133434534072876,1.0,True
2,1,0.23000000417232513,rejected,78,0.13981357216835022,1.0,True
2,1,0.23000000417232513,rejected,79,0.13260431587696075,1.0,False
2,1,0.23000000417232513,rejected,80,0.12214775383472443,1.0,True
2,1,0.23000000417232513,rejected,81,0.12368664890527725,1.0,True
2,1,0.23000000417232513,rejected,82,0.12055809795856476,1.0,True
2,1,0.23000000417232513,rejected,83,0.14201746881008148,1.0,True
2,1,0.23000000417232513,rejected,84,0.1575261801481247,1.0,True
2,1,0.23000000417232513,rejected,85,0.13070742785930634,1.0,True
2,1,0.23000000417232513,rejected,86,0.13262201845645905,1.0,True
2,1,0.23000000417232513,rejected,87,0.07525219023227692,1.0,True
2,1,0.23000000417232513,rejected,88,0.16542012989521027,1.0,True
2,1,0.23000000417232513,rejected,89,0.10758920758962631,1.0,True
2,1,0.23000000417232513,rejected,90,0.14122332632541656,1.0,True
2,1,0.23000000417232513,rejected,91,0.14261847734451294,1.0,True
2,1,0.23000000417232513,rejected,92,0.1075970008969307,1.0,True
2,1,0.23000000417232513,rejected,93,0.13656020164489746,1.0,True
2,1,0.23000000417232513,rejected,94,0.11440017819404602,1.0,True
2,1,0.23000000417232513,rejected,95,0.1280185431241989,1.0,True
2,1,0.23000000417232513,rejected,96,0.13788297772407532,1.0,True
2,1,0.23000000417232513,rejected,97,0.16661454737186432,1.0,True
2,1,0.23000000417232513,rejected,98,0.09224594384431839,1.0,True
2,1,0.23000000417232513,rejected,99,0.1527489423751831,1.0,True
2,1,0.23000000417232513,rejected,100,0.15405093133449554,1.0,True
2,1,0.23000000417232513,rejected,101,0.17705807089805603,1.0,True
2,1,0.23000000417232513,rejected,102,0.15423792600631714,1.0,True
2,1,0.23000000417232513,rejected,103,0.13009706139564514,1.0,True
2,1,0.23000000417232513,rejected,104,0.1509060114622116,1.0,True
2,1,0.23000000417232513,rejected,105,0.17278771102428436,1.0,True
2,1,0.23000000417232513,rejected,106,0.14002494513988495,1.0,True
2,1,0.23000000417232513,rejected,107,0.1296308934688568,1.0,True
2,1,0.23000000417232513,rejected,108,0.1736169010400772,1.0,True
2,1,0.23000000417232513,rejected,109,0.13550111651420593,1.0,True
2,1,0.23000000417232513,rejected,110,0.14290547370910645,1.0,True
2,1,0.23000000417232513,rejected,111,0.1334700882434845,1.0,True
2,1,0.23000000417232513,rejected,112,0.1491376757621765,1.0,True
2,1,0.23000000417232513,rejected,113,0.11341597884893417,1.0,True
2,1,0.23000000417232513,rejected,114,0.16126857697963715,1.0,True
2,1,0.23000000417232513,rejected,115,0.16933907568454742,1.0,True
2,1,0.23000000417232513,rejected,116,0.17452262341976166,1.0,True
2,1,0.23000000417232513,rejected,117,0.14552739262580872,1.0,True
2,1,0.23000000417232513,rejected,118,0.17297238111495972,1.0,True
2,1,0.23000000417232513,rejected,119,0.15988299250602722,1.0,True
2,1,0.23000000417232513,rejected,120,0.16479723155498505,1.0,True
2,1,0.23000000417232513,rejected,121,0.18259698152542114,1.0,True
2,1,0.23000000417232513,rejected,122,0.18872123956680298,1.0,True
2,1,0.23000000417232513,rejected,123,0.18426865339279175,1.0,True
2,1,0.23000000417232513,rejected,124,0.1808045506477356,1.0,True
2,1,0.23000000417232513,rejected,125,0.19340530037879944,1.0,True
2,1,0.23000000417232513,rejected,126,0.1789396107196808,1.0,True
2,1,0.23000000417232513,rejected,127,0.16106875240802765,1.0,True
2,1,0.23000000417232513,rejected,128,0.14851714670658112,1.0,True
2,1,0.23000000417232513,rejected,129,0.1681283563375473,1.0,True
2,1,0.23000000417232513,rejected,130,0.15676486492156982,1.0,True
2,1,0.23000000417232513,rejected,131,0.19964516162872314,1.0,True
2,1,0.23000000417232513,rejected,132,0.19932176172733307,1.0,True
2,1,0.23000000417232513,rejected,133,0.15442690253257751,1.0,True
2,1,0.23000000417232513,rejected,134,0.18623177707195282,1.0,True
2,1,0.23000000417232513,rejected,135,0.16328972578048706,1.0,True
2,1,0.23000000417232513,rejected,136,0.16600105166435242,1.0,True
2,1,0.23000000417232513,rejected,137,0.20715510845184326,1.0,True
2,1,0.23000000417232513,rejected,138,0.17404460906982422,1.0,True
2,1,0.23000000417232513,rejected,139,0.17306873202323914,1.0,True
2,1,0.23000000417232513,rejected,140,0.17604784667491913,1.0,True
2,1,0.23000000417232513,rejected,141,0.18653395771980286,1.0,True
2,1,0.23000000417232513,rejected,142,0.1433384269475937,1.0,True
2,1,0.23000000417232513,rejected,143,0.17135480046272278,1.0,True
2,1,0.23000000417232513,rejected,144,0.1987507939338684,1.0,True
2,1,0.23000000417232513,rejected,145,0.1792832762002945,1.0,True
2,1,0.23000000417232513,rejected,146,0.18807871639728546,1.0,True
2,1,0.23000000417232513,rejected,147,0.18768024444580078,1.0,True
2,1,0.23000000417232513,rejected,148,0.2088993489742279,1.0,True
2,1,0.23000000417232513,rejected,149,0.18471485376358032,1.0,True
2,1,0.23000000417232513,rejected,150,0.20013469457626343,1.0,True
2,1,0.23000000417232513,rejected,151,0.1967337280511856,1.0,True
2,1,0.23000000417232513,rejected,152,0.17553551495075226,1.0,True
2,1,0.23000000417232513,rejected,153,0.1833067536354065,1.0,True
2,1,0.23000000417232513,rejected,154,0.22514113783836365,1.0,True
2,1,0.23000000417232513,rejected,155,0.1739622950553894,1.0,True
2,1,0.23000000417232513,rejected,156,0.19786418974399567,1.0,True
2,1,0.23000000417232513,rejected,157,0.20376771688461304,1.0,True
2,1,0.23000000417232513,rejected,158,0.15330232679843903,1.0,True
2,1,0.23000000417232513,rejected,159,0.14334170520305634,1.0,True
2,1,0.23000000417232513,rejected,160,0.17222703993320465,1.0,True
2,1,0.23000000417232513,rejected,161,0.1554790586233139,1.0,True
2,1,0.23000000417232513,rejected,162,0.18973469734191895,1.0,True
2,1,0.23000000417232513,rejected,163,0.21448317170143127,1.0,True
2,1,0.23000000417232513,rejected,164,0.16342683136463165,1.0,True
2,1,0.23000000417232513,rejected,165,0.2158975452184677,1.0,True
2,1,0.23000000417232513,rejected,166,0.19900645315647125,1.0,True
2,1,0.23000000417232513,rejected,167,0.20340116322040558,1.0,True
2,1,0.23000000417232513,rejected,168,0.2211565524339676,1.0,True
2,1,0.23000000417232513,rejected,169,0.1892135739326477,1.0,True
2,1,0.23000000417232513,rejected,170,0.20503713190555573,1.0,True
2,1,0.23000000417232513,rejected,171,0.21736933290958405,1.0,True
2,1,0.23000000417232513,rejected,172,0.18360769748687744,1.0,True
2,1,0.23000000417232513,rejected,173,0.19649747014045715,1.0,True
2,1,0.23000000417232513,rejected,174,0.2167549431324005,1.0,True
2,1,0.23000000417232513,rejected,175,0.2015267014503479,1.0,True
2,1,0.23000000417232513,rejected,176,0.20794129371643066,1.0,True
2,1,0.23000000417232513,rejected,177,0.1572062224149704,1.0,True
2,1,0.23000000417232513,rejected,178,0.20232009887695312,1.0,True
2,1,0.23000000417232513,rejected,179,0.1858443021774292,1.0,True
2,1,0.23000000417232513,rejected,180,0.20711955428123474,1.0,True
2,1,0.23000000417232513,rejected,181,0.1917048692703247,1.0,True
2,1,0.23000000417232513,rejected,182,0.1853126436471939,1.0,True
2,1,0.23000000417232513,rejected,183,0.1823568344116211,1.0,True
2,1,0.23000000417232513,rejected,184,0.19724170863628387,1.0,True
2,1,0.23000000417232513,rejected,185,0.19796913862228394,1.0,True
2,1,0.23000000417232513,rejected,186,0.19631165266036987,1.0,True
2,1,0.23000000417232513,rejected,187,0.1706639677286148,1.0,True
2,1,0.23000000417232513,rejected,188,0.1881454735994339,1.0,True
2,1,0.23000000417232513,rejected,189,0.20486745238304138,1.0,True
2,1,0.23000000417232513,rejected,190,0.22037924826145172,1.0,True
2,1,0.23000000417232513,rejected,191,0.19658218324184418,1.0,True
2,1,0.23000000417232513,rejected,192,0.2175186425447464,1.0,True
2,1,0.23000000417232513,rejected,193,0.22917388379573822,1.0,True
2,1,0.23000000417232513,rejected,194,0.21514691412448883,1.0,True
2,1,0.23000000417232513,rejected,195,0.19940540194511414,1.0,True
2,1,0.23000000417232513,rejected,196,0.23612596094608307,1.0,True
2,1,0.23000000417232513,rejected,197,0.222207710146904,1.0,False
2,1,0.23000000417232513,rejected,198,0.2077811360359192,1.0,False
2,1,0.23000000417232513,rejected,199,0.21012374758720398,1.0,True
2,1,0.23000000417232513,rejected,200,0.23375101387500763,1.0,True
2,1,0.23000000417232513,rejected,201,0.20173977315425873,1.0,True
2,1,0.23000000417232513,rejected,202,0.2230246514081955,1.0,True
2,1,0.23000000417232513,rejected,203,0.21366408467292786,1.0,True
2,1,0.23000000417232513,rejected,204,0.21419616043567657,1.0,True
2,1,0.23000000417232513,rejected,205,0.19799254834651947,1.0,True
2,1,0.23000000417232513,rejected,206,0.21879523992538452,1.0,True
2,1,0.23000000417232513,rejected,207,0.2205205261707306,1.0,True
2,1,0.23000000417232513,rejected,208,0.24159279465675354,1.0,True
2,1,0.23000000417232513,rejected,209,0.20852673053741455,1.0,True
2,1,0.23000000417232513,rejected,210,0.21294234693050385,1.0,True
2,1,0.23000000417232513,rejected,211,0.1997777223587036,1.0,True
2,1,0.23000000417232513,rejected,212,0.19044098258018494,1.0,True
2,1,0.23000000417232513,rejected,213,0.20245519280433655,1.0,True
2,1,0.23000000417232513,rejected,214,0.1457807421684265,1.0,True
2,1,0.23000000417232513,rejected,215,0.1442599892616272,1.0,True
2,1,0.23000000417232513,rejected,216,0.21516579389572144,1.0,True
2,1,0.23000000417232513,rejected,217,0.18525822460651398,1.0,True
2,1,0.23000000417232513,rejected,218,0.22849737107753754,1.0,True
2,1,0.23000000417232513,rejected,219,0.21584400534629822,1.0,True
2,1,0.23000000417232513,rejected,220,0.23757429420948029,1.0,True
2,1,0.23000000417232513,rejected,221,0.21662764251232147,1.0,True
2,1,0.23000000417232513,rejected,222,0.21453635394573212,1.0,True
2,1,0.23000000417232513,rejected,223,0.19960632920265198,1.0,True
2,1,0.23000000417232513,rejected,224,0.21533577144145966,1.0,True
2,1,0.23000000417232513,rejected,225,0.2108190506696701,1.0,True
2,1,0.23000000417232513,rejected,226,0.20702871680259705,1.0,True
2,1,0.23000000417232513,rejected,227,0.22460757195949554,1.0,True
2,1,0.23000000417232513,rejected,228,0.22456729412078857,1.0,True
2,1,0.23000000417232513,rejected,229,0.1976846307516098,1.0,True
2,1,0.23000000417232513,rejected,230,0.21183641254901886,1.0,True
2,1,0.23000000417232513,rejected,231,0.238784521818161,1.0,True
2,1,0.23000000417232513,rejected,232,0.16693007946014404,1.0,True
2,1,0.23000000417232513,rejected,233,0.18380741775035858,1.0,True
2,1,0.23000000417232513,rejected,234,0.21590742468833923,1.0,True
2,1,0.23000000417232513,rejected,235,0.18655529618263245,1.0,True
2,1,0.23000000417232513,rejected,236,0.2256578952074051,1.0,True
2,1,0.23000000417232513,rejected,237,0.21063737571239471,1.0,True
2,1,0.23000000417232513,rejected,238,0.23175682127475739,1.0,True
2,1,0.23000000417232513,rejected,239,0.2295115888118744,1.0,True
2,1,0.23000000417232513,rejected,240,0.2292473316192627,1.0,False
2,1,0.23000000417232513,rejected,241,0.2092806100845337,1.0,True
2,1,0.23000000417232513,rejected,242,0.20523744821548462,1.0,True
2,1,0.23000000417232513,rejected,243,0.2021002620458603,1.0,True
2,1,0.23000000417232513,rejected,244,0.22407440841197968,1.0,True
2,1,0.23000000417232513,rejected,245,0.220745250582695,1.0,True
2,1,0.23000000417232513,rejected,246,0.23710711300373077,1.0,True
2,1,0.23000000417232513,rejected,247,0.21041090786457062,1.0,True
2,1,0.23000000417232513,rejected,248,0.20740577578544617,1.0,True
2,1,0.23000000417232513,rejected,249,0.22746072709560394,1.0,True
2,1,0.23000000417232513,rejected,250,0.23591259121894836,1.0,True
2,1,0.23000000417232513,rejected,251,0.23757518827915192,1.0,True
2,1,0.23000000417232513,rejected,252,0.17158307135105133,1.0,True
2,1,0.23000000417232513,rejected,253,0.18912842869758606,1.0,True
2,1,0.23000000417232513,rejected,254,0.22244687378406525,1.0,True
2,1,0.23000000417232513,rejected,255,0.20616258680820465,1.0,True
2,1,0.23000000417232513,rejected,256,0.23221877217292786,1.0,True
2,1,0.23000000417232513,rejected,257,0.23722653090953827,1.0,True
2,1,0.23000000417232513,rejected,258,0.22861158847808838,1.0,True
2,1,0.23000000417232513,rejected,259,0.21223843097686768,1.0,True
2,1,0.23000000417232513,rejected,260,0.23788081109523773,1.0,True
2,1,0.23000000417232513,rejected,261,0.23015248775482178,1.0,True
2,1,0.23000000417232513,rejected,262,0.22795931994915009,1.0,True
2,1,0.23000000417232513,rejected,263,0.21355082094669342,1.0,True
2,1,0.23000000417232513,rejected,264,0.2136583775281906,1.0,True
2,1,0.23000000417232513,rejected,265,0.2205255776643753,1.0,True
2,1,0.23000000417232513,rejected,266,0.22686626017093658,1.0,True
2,1,0.23000000417232513,rejected,267,0.2371251881122589,1.0,True
2,1,0.23000000417232513,rejected,268,0.2205541729927063,1.0,True
2,1,0.23000000417232513,rejected,269,0.2231207937002182,1.0,True
2,1,0.23000000417232513,rejected,270,0.241492360830307,1.0,True
2,1,0.23000000417232513,rejected,271,0.24925890564918518,1.0,True
2,1,0.23000000417232513,rejected,272,0.2617917060852051,1.0,True
2,1,0.23000000417232513,rejected,273,0.2158728390932083,1.0,True
2,1,0.23000000417232513,rejected,274,0.24765147268772125,1.0,True
2,1,0.23000000417232513,rejected,275,0.23062443733215332,1.0,True
2,1,0.23000000417232513,rejected,276,0.25484499335289,1.0,True
2,1,0.23000000417232513,rejected,277,0.2150673121213913,1.0,True
2,1,0.23000000417232513,rejected,278,0.23802150785923004,1.0,True
2,1,0.23000000417232513,rejected,279,0.24769115447998047,1.0,True
2,1,0.23000000417232513,rejected,280,0.22487935423851013,1.0,True
2,1,0.23000000417232513,rejected,281,0.2233140915632248,1.0,True
2,1,0.23000000417232513,rejected,282,0.23752807080745697,1.0,True
2,1,0.23000000417232513,rejected,283,0.22853484749794006,1.0,True
2,1,0.23000000417232513,rejected,284,0.22742687165737152,1.0,True
2,1,0.23000000417232513,rejected,285,0.22346067428588867,1.0,True
2,1,0.23000000417232513,rejected,286,0.24996258318424225,1.0,True
2,1,0.23000000417232513,rejected,287,0.22848430275917053,1.0,True
2,1,0.23000000417232513,rejected,288,0.24022716283798218,1.0,True
2,1,0.23000000417232513,rejected,289,0.24357029795646667,1.0,True
2,1,0.23000000417232513,rejected,290,0.13893206417560577,1.0,True
2,1,0.23000000417232513,rejected,291,0.2462647408246994,1.0,True
2,1,0.23000000417232513,rejected,292,0.22274832427501678,1.0,True
2,1,0.23000000417232513,rejected,293,0.25170594453811646,1.0,True
2,1,0.23000000417232513,rejected,294,0.2535649836063385,1.0,True
2,1,0.23000000417232513,rejected,295,0.2533068358898163,1.0,True
2,1,0.23000000417232513,rejected,296,0.2343679815530777,1.0,True
2,1,0.23000000417232513,rejected,297,0.22794455289840698,1.0,True
2,1,0.23000000417232513,rejected,298,0.2392175793647766,1.0,True
2,1,0.23000000417232513,rejected,299,0.22407783567905426,1.0,True
2,1,0.23000000417232513,rejected,300,0.24548999965190887,1.0,True
2,1,0.23000000417232513,rejected,301,0.228968545794487,1.0,True
2,1,0.23000000417232513,rejected,302,0.2323862612247467,1.0,True
2,1,0.23000000417232513,rejected,303,0.23810869455337524,1.0,True
2,1,0.23000000417232513,rejected,304,0.24146747589111328,1.0,True
2,1,0.23000000417232513,rejected,305,0.25795626640319824,1.0,True
2,1,0.23000000417232513,rejected,306,0.2578018307685852,1.0,True
2,1,0.23000000417232513,rejected,307,0.2371622920036316,1.0,True
2,1,0.23000000417232513,rejected,308,0.24551154673099518,1.0,True
2,1,0.23000000417232513,rejected,309,0.2405710518360138,1.0,True
2,1,0.23000000417232513,rejected,310,0.23324505984783173,1.0,True
2,1,0.23000000417232513,rejected,311,0.21044141054153442,1.0,True
2,1,0.23000000417232513,rejected,312,0.24136801064014435,1.0,True
2,1,0.23000000417232513,rejected,313,0.23742026090621948,1.0,True
2,1,0.23000000417232513,rejected,314,0.25443506240844727,1.0,True
2,1,0.23000000417232513,rejected,315,0.2282717227935791,1.0,True
2,1,0.23000000417232513,rejected,316,0.23790349066257477,1.0,True
2,1,0.23000000417232513,rejected,317,0.21991904079914093,1.0,True
2,1,0.23000000417232513,rejected,318,0.26101890206336975,1.0,True
2,1,0.23000000417232513,rejected,319,0.2530663311481476,1.0,True
2,1,0.23000000417232513,rejected,320,0.2570858895778656,1.0,True
2,1,0.23000000417232513,rejected,321,0.24650724232196808,1.0,True
2,1,0.23000000417232513,rejected,322,0.2431117296218872,1.0,True
2,1,0.23000000417232513,rejected,323,0.24570079147815704,1.0,True
2,1,0.23000000417232513,rejected,324,0.2665368616580963,1.0,True
2,1,0.23000000417232513,rejected,325,0.26200249791145325,1.0,True
2,1,0.23000000417232513,rejected,326,0.25743624567985535,1.0,True
2,1,0.23000000417232513,rejected,327,0.26001811027526855,1.0,True
2,1,0.23000000417232513,rejected,328,0.2168153077363968,1.0,True
2,1,0.23000000417232513,rejected,329,0.2589115500450134,1.0,True
2,1,0.23000000417232513,rejected,330,0.22014230489730835,1.0,True
2,1,0.23000000417232513,rejected,331,0.2568770945072174,1.0,True
2,1,0.23000000417232513,rejected,332,0.25765925645828247,1.0,True
2,1,0.23000000417232513,rejected,333,0.25226926803588867,1.0,True
2,1,0.23000000417232513,rejected,334,0.2691894769668579,1.0,True
2,1,0.23000000417232513,rejected,335,0.2535195052623749,1.0,True
2,1,0.23000000417232513,rejected,336,0.2528907060623169,1.0,True
2,1,0.23000000417232513,rejected,337,0.26314738392829895,1.0,True
2,1,0.23000000417232513,rejected,338,0.23547473549842834,1.0,True
2,1,0.23000000417232513,rejected,339,0.26270708441734314,1.0,True
2,1,0.23000000417232513,rejected,340,0.26328393816947937,1.0,True
2,1,0.23000000417232513,rejected,341,0.24284294247627258,1.0,True
2,1,0.23000000417232513,rejected,342,0.2442709505558014,1.0,True
2,1,0.23000000417232513,rejected,343,0.2278515249490738,1.0,True
2,1,0.23000000417232513,rejected,344,0.22850608825683594,1.0,True
2,1,0.23000000417232513,rejected,345,0.280170202255249,1.0,True
2,1,0.23000000417232513,rejected,346,0.2199433594942093,1.0,True
2,1,0.23000000417232513,rejected,347,0.25787362456321716,1.0,True
2,1,0.23000000417232513,rejected,348,0.27691352367401123,1.0,True
2,1,0.23000000417232513,rejected,349,0.2562302052974701,1.0,True
2,1,0.23000000417232513,rejected,350,0.25572729110717773,1.0,True
2,1,0.23000000417232513,rejected,351,0.252113401889801,1.0,True
2,1,0.23000000417232513,rejected,352,0.2383085936307907,1.0,True
2,1,0.23000000417232513,rejected,353,0.24620744585990906,1.0,True
2,1,0.23000000417232513,rejected,354,0.25801828503608704,1.0,True
2,1,0.23000000417232513,rejected,355,0.24864067137241364,1.0,True
2,1,0.23000000417232513,rejected,356,0.25507745146751404,1.0,True
2,1,0.23000000417232513,rejected,357,0.25396960973739624,1.0,True
2,1,0.23000000417232513,rejected,358,0.2508978247642517,1.0,True
2,1,0.23000000417232513,rejected,359,0.26109856367111206,1.0,True
2,1,0.23000000417232513,rejected,360,0.25568535923957825,1.0,True
2,1,0.23000000417232513,rejected,361,0.25319188833236694,1.0,True
2,1,0.23000000417232513,rejected,362,0.24613702297210693,1.0,True
2,1,0.23000000417232513,rejected,363,0.24285683035850525,1.0,True
2,1,0.23000000417232513,rejected,364,0.28391212224960327,1.0,True
2,1,0.23000000417232513,rejected,365,0.24193309247493744,1.0,True
2,1,0.23000000417232513,rejected,366,0.27126455307006836,1.0,True
2,1,0.23000000417232513,rejected,367,0.263310045003891,1.0,True
2,1,0.23000000417232513,rejected,368,0.25798481702804565,1.0,True
2,1,0.23000000417232513,rejected,369,0.2670080363750458,1.0,True
2,1,0.23000000417232513,rejected,370,0.25361818075180054,1.0,True
2,1,0.23000000417232513,rejected,371,0.26694998145103455,1.0,True
2,1,0.23000000417232513,rejected,372,0.25848817825317383,1.0,True
2,1,0.23000000417232513,rejected,373,0.270020455121994,1.0,True
2,1,0.23000000417232513,rejected,374,0.26916173100471497,1.0,True
2,1,0.23000000417232513,rejected,375,0.252327024936676,1.0,True
2,1,0.23000000417232513,rejected,376,0.2699669301509857,1.0,True
2,1,0.23000000417232513,rejected,377,0.23423658311367035,1.0,True
2,1,0.23000000417232513,rejected,378,0.25956225395202637,1.0,True
2,1,0.23000000417232513,rejected,379,0.259088397026062,1.0,True
2,1,0.23000000417232513,rejected,380,0.2577565908432007,1.0,True
2,1,0.23000000417232513,rejected,381,0.2811637818813324,1.0,True
2,1,0.23000000417232513,rejected,382,0.24341239035129547,1.0,True
2,1,0.23000000417232513,rejected,383,0.26855868101119995,1.0,True
2,1,0.23000000417232513,rejected,384,0.2648109495639801,1.0,True
2,1,0.23000000417232513,rejected,385,0.27022966742515564,1.0,True
2,1,0.23000000417232513,rejected,386,0.2703585624694824,1.0,True
2,1,0.23000000417232513,rejected,387,0.25792479515075684,1.0,True
2,1,0.23000000417232513,rejected,388,0.27832627296447754,1.0,True
2,1,0.23000000417232513,rejected,389,0.24860557913780212,1.0,False
2,1,0.23000000417232513,rejected,390,0.2473587989807129,1.0,True
2,1,0.23000000417232513,rejected,391,0.2504340708255768,1.0,True
2,1,0.23000000417232513,rejected,392,0.2684142589569092,1.0,True
2,1,0.23000000417232513,rejected,393,0.23145289719104767,1.0,True
2,1,0.23000000417232513,rejected,394,0.2008390724658966,1.0,True
2,1,0.23000000417232513,rejected,395,0.2574765086174011,1.0,True
2,1,0.23000000417232513,rejected,396,0.26012328267097473,1.0,False
2,1,0.23000000417232513,rejected,397,0.2610258460044861,1.0,True
2,1,0.23000000417232513,rejected,398,0.26111748814582825,1.0,True
2,1,0.23000000417232513,rejected,399,0.2668308615684509,1.0,False
2,1,0.23000000417232513,rejected,400,0.2721361815929413,1.0,False
2,1,0.23000000417232513,rejected,401,0.2637553811073303,1.0,True
2,1,0.23000000417232513,rejected,402,0.2744003236293793,1.0,True
2,1,0.23000000417232513,rejected,403,0.27493470907211304,1.0,True
2,1,0.23000000417232513,rejected,404,0.27147364616394043,1.0,True
2,1,0.23000000417232513,rejected,405,0.27060410380363464,1.0,False
2,1,0.23000000417232513,rejected,406,0.2770107388496399,1.0,True
2,1,0.23000000417232513,rejected,407,0.2829509675502777,1.0,True
2,1,0.23000000417232513,rejected,408,0.28035837411880493,1.0,True
2,1,0.23000000417232513,rejected,409,0.25947117805480957,1.0,True
2,1,0.23000000417232513,rejected,410,0.25890761613845825,1.0,True
2,1,0.23000000417232513,rejected,411,0.2742956876754761,1.0,True
2,1,0.23000000417232513,rejected,412,0.25609922409057617,1.0,True
2,1,0.23000000417232513,rejected,413,0.24624596536159515,1.0,True
2,1,0.23000000417232513,rejected,414,0.27700862288475037,1.0,True
2,1,0.23000000417232513,rejected,415,0.2678588628768921,1.0,True
2,1,0.23000000417232513,rejected,416,0.28294771909713745,1.0,True
2,1,0.23000000417232513,rejected,417,0.2893197238445282,1.0,True
2,1,0.23000000417232513,rejected,418,0.2534556984901428,1.0,True
2,1,0.23000000417232513,rejected,419,0.27509206533432007,1.0,True
2,1,0.23000000417232513,rejected,420,0.2728232443332672,1.0,True
2,1,0.23000000417232513,rejected,421,0.27037298679351807,1.0,True
2,1,0.23000000417232513,rejected,422,0.27544069290161133,1.0,True
2,1,0.23000000417232513,rejected,423,0.28621095418930054,1.0,False
2,1,0.23000000417232513,rejected,424,0.2635974884033203,1.0,True
2,1,0.23000000417232513,rejected,425,0.2624466121196747,1.0,True
2,1,0.23000000417232513,rejected,426,0.24398227035999298,1.0,True
2,1,0.23000000417232513,rejected,427,0.29114431142807007,1.0,True
2,1,0.23000000417232513,rejected,428,0.2608337700366974,1.0,True
2,1,0.23000000417232513,rejected,429,0.2688426375389099,1.0,True
2,1,0.23000000417232513,rejected,430,0.2926441431045532,1.0,True
2,1,0.23000000417232513,rejected,431,0.29066598415374756,1.0,True
2,1,0.23000000417232513,rejected,432,0.2660888433456421,1.0,True
2,1,0.23000000417232513,rejected,433,0.26332610845565796,1.0,True
2,1,0.23000000417232513,rejected,434,0.27441710233688354,1.0,True
2,1,0.23000000417232513,rejected,435,0.2556239068508148,1.0,True
2,1,0.23000000417232513,rejected,436,0.2704833745956421,1.0,True
2,1,0.23000000417232513,rejected,437,0.2709677219390869,1.0,True
2,1,0.23000000417232513,rejected,438,0.26267701387405396,1.0,True
2,1,0.23000000417232513,rejected,439,0.2792152762413025,1.0,True
2,1,0.23000000417232513,rejected,440,0.2688262164592743,1.0,True
2,1,0.23000000417232513,rejected,441,0.25825560092926025,1.0,True
2,1,0.23000000417232513,rejected,442,0.2787874639034271,1.0,True
2,1,0.23000000417232513,rejected,443,0.2723200023174286,1.0,True
2,1,0.23000000417232513,rejected,444,0.2747323513031006,1.0,True
2,1,0.23000000417232513,rejected,445,0.27153992652893066,1.0,True
2,1,0.23000000417232513,rejected,446,0.2766474485397339,1.0,True
2,1,0.23000000417232513,rejected,447,0.29223138093948364,1.0,True
2,1,0.23000000417232513,rejected,448,0.2751571238040924,1.0,True
2,1,0.23000000417232513,rejected,449,0.29183700680732727,1.0,True
2,1,0.23000000417232513,rejected,450,0.2762920558452606,1.0,True
2,1,0.23000000417232513,rejected,451,0.2762393355369568,1.0,True
2,1,0.23000000417232513,rejected,452,0.28824564814567566,1.0,True
2,1,0.23000000417232513,rejected,453,0.2954900562763214,1.0,True
2,1,0.23000000417232513,rejected,454,0.2851777672767639,1.0,True
2,1,0.23000000417232513,rejected,455,0.2706257998943329,1.0,True
2,1,0.23000000417232513,rejected,456,0.28688758611679077,1.0,True
2,1,0.23000000417232513,rejected,457,0.299285888671875,1.0,True
2,1,0.23000000417232513,rejected,458,0.29172906279563904,1.0,True
2,1,0.23000000417232513,rejected,459,0.26680031418800354,1.0,True
2,1,0.23000000417232513,rejected,460,0.2760612964630127,1.0,True
2,1,0.23000000417232513,rejected,461,0.28472235798835754,1.0,True
2,1,0.23000000417232513,rejected,462,0.2735704779624939,1.0,True
2,1,0.23000000417232513,rejected,463,0.2887331545352936,1.0,True
2,1,0.23000000417232513,rejected,464,0.2673984169960022,1.0,True
2,1,0.23000000417232513,rejected,465,0.31724563241004944,1.0,True
2,1,0.23000000417232513,rejected,466,0.2904964089393616,1.0,True
2,1,0.23000000417232513,rejected,467,0.28570806980133057,1.0,True
2,1,0.23000000417232513,rejected,468,0.24677349627017975,1.0,True
2,1,0.23000000417232513,rejected,469,0.26304399967193604,1.0,True
2,1,0.23000000417232513,rejected,470,0.29805880784988403,1.0,True
2,1,0.23000000417232513,rejected,471,0.27483615279197693,1.0,True
2,1,0.23000000417232513,rejected,472,0.2989378571510315,1.0,True
2,1,0.23000000417232513,rejected,473,0.28771284222602844,1.0,True
2,1,0.23000000417232513,rejected,474,0.2909533381462097,1.0,True
2,1,0.23000000417232513,rejected,475,0.30557435750961304,1.0,True
2,1,0.23000000417232513,rejected,476,0.2878369092941284,1.0,True
2,1,0.23000000417232513,rejected,477,0.2961863875389099,1.0,True
2,1,0.23000000417232513,rejected,478,0.2909799814224243,1.0,True
2,1,0.23000000417232513,rejected,479,0.2886274456977844,1.0,True
2,1,0.23000000417232513,rejected,480,0.3109138011932373,1.0,True
2,1,0.23000000417232513,rejected,481,0.287824809551239,1.0,True
2,1,0.23000000417232513,rejected,482,0.2758023738861084,1.0,True
2,1,0.23000000417232513,rejected,483,0.2653985023498535,1.0,True
2,1,0.23000000417232513,rejected,484,0.27465900778770447,1.0,True
2,1,0.23000000417232513,rejected,485,0.28822803497314453,1.0,True
2,1,0.23000000417232513,rejected,486,0.2808721959590912,1.0,True
2,1,0.23000000417232513,rejected,487,0.278666228055954,1.0,True
2,1,0.23000000417232513,rejected,488,0.25999632477760315,1.0,True
2,1,0.23000000417232513,rejected,489,0.254228413105011,1.0,True
2,1,0.23000000417232513,rejected,490,0.2663396894931793,1.0,True
2,1,0.23000000417232513,rejected,491,0.2884623408317566,1.0,True
2,1,0.23000000417232513,rejected,492,0.2957415282726288,1.0,True
2,1,0.23000000417232513,rejected,493,0.28612253069877625,1.0,True
2,1,0.23000000417232513,rejected,494,0.28994396328926086,1.0,True
2,1,0.23000000417232513,rejected,495,0.2836664021015167,1.0,True
2,1,0.23000000417232513,rejected,496,0.29510369896888733,1.0,True
2,1,0.23000000417232513,rejected,497,0.28296172618865967,1.0,True
2,1,0.23000000417232513,rejected,498,0.27895766496658325,1.0,True
2,1,0.23000000417232513,rejected,499,0.27425697445869446,1.0,True
2,1,0.23000000417232513,rejected,500,0.3037416338920593,1.0,True
2,2,0.19099999964237213,accepted,1,0.14096228778362274,1.0,True
2,2,0.19099999964237213,accepted,2,0.16595546901226044,1.0,True
2,2,0.19099999964237213,accepted,3,0.16374820470809937,1.0,True
2,2,0.19099999964237213,accepted,4,0.14174388349056244,1.0,True
2,2,0.19099999964237213,accepted,5,0.20618107914924622,1.0,True
2,2,0.19099999964237213,accepted,6,0.19943125545978546,1.0,True
2,2,0.19099999964237213,accepted,7,0.18973904848098755,1.0,True
2,2,0.19099999964237213,accepted,8,0.17153595387935638,1.0,True
2,2,0.19099999964237213,accepted,9,0.22905677556991577,1.0,True
2,2,0.19099999964237213,accepted,10,0.1803956776857376,1.0,True
2,2,0.19099999964237213,accepted,11,0.18952058255672455,1.0,True
2,2,0.19099999964237213,accepted,12,0.16862870752811432,1.0,True
2,2,0.19099999964237213,accepted,13,0.18278968334197998,1.0,True
2,2,0.19099999964237213,accepted,14,0.2112884223461151,1.0,True
2,2,0.19099999964237213,accepted,15,0.19588713347911835,1.0,True
2,2,0.19099999964237213,accepted,16,0.1941693127155304,1.0,True
2,2,0.19099999964237213,accepted,17,0.18076525628566742,1.0,True
2,2,0.19099999964237213,accepted,18,0.23779915273189545,1.0,True
2,2,0.19099999964237213,accepted,19,0.28323227167129517,1.0,True
2,2,0.19099999964237213,accepted,20,0.2239462286233902,1.0,True
2,2,0.19099999964237213,accepted,21,0.18288907408714294,1.0,True
2,2,0.19099999964237213,accepted,22,0.20898105204105377,1.0,True
2,2,0.19099999964237213,accepted,23,0.2647518515586853,1.0,True
2,2,0.19099999964237213,accepted,24,0.18946781754493713,1.0,True
2,2,0.19099999964237213,accepted,25,0.21736891567707062,1.0,True
2,2,0.19099999964237213,accepted,26,0.2407468557357788,1.0,True
2,2,0.19099999964237213,accepted,27,0.26929011940956116,1.0,True
2,2,0.19099999964237213,accepted,28,0.28419387340545654,1.0,True
2,2,0.19099999964237213,accepted,29,0.268961101770401,1.0,True
2,2,0.19099999964237213,accepted,30,0.32232144474983215,1.0,True
2,2,0.19099999964237213,accepted,31,0.3244221806526184,1.0,True
2,2,0.19099999964237213,accepted,32,0.32123878598213196,1.0,True
2,2,0.19099999964237213,accepted,33,0.26283538341522217,1.0,True
2,2,0.19099999964237213,accepted,34,0.27476590871810913,1.0,True
2,2,0.19099999964237213,accepted,35,0.33846455812454224,1.0,True
2,2,0.19099999964237213,accepted,36,0.3229787051677704,1.0,True
2,2,0.19099999964237213,accepted,37,0.3740920424461365,1.0,True
2,2,0.19099999964237213,accepted,38,0.3671000003814697,1.0,True
2,2,0.19099999964237213,accepted,39,0.3864841163158417,1.0,True
2,2,0.19099999964237213,accepted,40,0.3447546362876892,1.0,True
2,2,0.19099999964237213,accepted,41,0.3479234576225281,1.0,True
2,2,0.19099999964237213,accepted,42,0.3587781488895416,1.0,True
2,2,0.19099999964237213,accepted,43,0.35351166129112244,1.0,True
2,2,0.19099999964237213,accepted,44,0.3728497326374054,1.0,True
2,2,0.19099999964237213,accepted,45,0.3470306992530823,1.0,True
2,2,0.19099999964237213,accepted,46,0.2931262254714966,1.0,True
2,2,0.19099999964237213,accepted,47,0.3993385136127472,1.0,True
2,2,0.19099999964237213,accepted,48,0.3640320897102356,1.0,True
2,2,0.19099999964237213,accepted,49,0.3798896372318268,1.0,True
2,2,0.19099999964237213,accepted,50,0.3716086745262146,1.0,True
2,2,0.19099999964237213,accepted,51,0.3672947287559509,1.0,True
2,2,0.19099999964237213,accepted,52,0.33648717403411865,1.0,True
2,2,0.19099999964237213,accepted,53,0.3632524907588959,1.0,True
2,2,0.19099999964237213,accepted,54,0.3376985192298889,1.0,True
2,2,0.19099999964237213,accepted,55,0.34880250692367554,1.0,True
2,2,0.19099999964237213,accepted,56,0.4024045467376709,1.0,True
2,2,0.19099999964237213,accepted,57,0.4189535975456238,1.0,True
2,2,0.19099999964237213,accepted,58,0.40122124552726746,1.0,True
2,2,0.19099999964237213,accepted,59,0.3276371359825134,1.0,True
2,2,0.19099999964237213,accepted,60,0.438723087310791,1.0,True
2,2,0.19099999964237213,accepted,61,0.4170624315738678,1.0,True
2,2,0.19099999964237213,accepted,62,0.4092048406600952,1.0,True
2,2,0.19099999964237213,accepted,63,0.4075084328651428,1.0,True
2,2,0.19099999964237213,accepted,64,0.4083300530910492,1.0,True
2,2,0.19099999964237213,accepted,65,0.3541359305381775,1.0,True
2,2,0.19099999964237213,accepted,66,0.412239670753479,1.0,True
2,2,0.19099999964237213,accepted,67,0.3842965364456177,1.0,True
2,2,0.19099999964237213,accepted,68,0.37819787859916687,1.0,True
2,2,0.19099999964237213,accepted,69,0.40849363803863525,1.0,True
2,2,0.19099999964237213,accepted,70,0.4267638921737671,1.0,True
2,2,0.19099999964237213,accepted,71,0.43503084778785706,1.0,True
2,2,0.19099999964237213,accepted,72,0.43586722016334534,1.0,True
2,2,0.19099999964237213,accepted,73,0.40721553564071655,1.0,True
2,2,0.19099999964237213,accepted,74,0.4239923655986786,1.0,True
2,2,0.19099999964237213,accepted,75,0.3819078803062439,1.0,True
2,2,0.19099999964237213,accepted,76,0.40680795907974243,1.0,True
2,2,0.19099999964237213,accepted,77,0.42188528180122375,1.0,True
2,2,0.19099999964237213,accepted,78,0.44000527262687683,1.0,True
2,2,0.19099999964237213,accepted,79,0.4384027123451233,1.0,True
2,2,0.19099999964237213,accepted,80,0.4552575945854187,1.0,True
2,2,0.19099999964237213,accepted,81,0.40049946308135986,1.0,True
2,2,0.19099999964237213,accepted,82,0.442698210477829,1.0,True
2,2,0.19099999964237213,accepted,83,0.4162851870059967,1.0,True
2,2,0.19099999964237213,accepted,84,0.44521400332450867,1.0,True
2,2,0.19099999964237213,accepted,85,0.45090213418006897,1.0,True
2,2,0.19099999964237213,accepted,86,0.4461626708507538,1.0,True
2,2,0.19099999964237213,accepted,87,0.45535656809806824,1.0,True
2,2,0.19099999964237213,accepted,88,0.44563621282577515,1.0,True
2,2,0.19099999964237213,accepted,89,0.44563791155815125,1.0,True
2,2,0.19099999964237213,accepted,90,0.43641793727874756,1.0,True
2,2,0.19099999964237213,accepted,91,0.42677202820777893,1.0,True
2,2,0.19099999964237213,accepted,92,0.44995707273483276,1.0,True
2,2,0.19099999964237213,accepted,93,0.46293336153030396,1.0,True
2,2,0.19099999964237213,accepted,94,0.4143270254135132,1.0,True
2,2,0.19099999964237213,accepted,95,0.46097907423973083,1.0,True
2,2,0.19099999964237213,accepted,96,0.4169502854347229,1.0,True
2,2,0.19099999964237213,accepted,97,0.40687623620033264,1.0,True
2,2,0.19099999964237213,accepted,98,0.43479692935943604,1.0,True
2,2,0.19099999964237213,accepted,99,0.43791463971138,1.0,True
2,2,0.19099999964237213,accepted,100,0.43389639258384705,1.0,True
2,2,0.19099999964237213,accepted,101,0.45266175270080566,1.0,True
2,2,0.19099999964237213,accepted,102,0.44322285056114197,1.0,True
2,2,0.19099999964237213,accepted,103,0.44795504212379456,1.0,True
2,2,0.19099999964237213,accepted,104,0.4641871154308319,1.0,True
2,2,0.19099999964237213,accepted,105,0.4362489879131317,1.0,True
2,2,0.19099999964237213,accepted,106,0.4446640610694885,1.0,True
2,2,0.19099999964237213,accepted,107,0.44676387310028076,1.0,True
2,2,0.19099999964237213,accepted,108,0.40114545822143555,1.0,True
2,2,0.19099999964237213,accepted,109,0.4037669003009796,1.0,True
2,2,0.19099999964237213,accepted,110,0.4625794589519501,1.0,True
2,2,0.19099999964237213,accepted,111,0.4514528810977936,1.0,False
2,2,0.19099999964237213,accepted,112,0.45009443163871765,1.0,True
2,2,0.19099999964237213,accepted,113,0.42865410447120667,1.0,True
2,2,0.19099999964237213,accepted,114,0.4430166482925415,1.0,True
2,2,0.19099999964237213,accepted,115,0.4270668029785156,1.0,True
2,2,0.19099999964237213,accepted,116,0.4401319921016693,1.0,True
2,2,0.19099999964237213,accepted,117,0.471478134393692,1.0,True
2,2,0.19099999964237213,accepted,118,0.4463805854320526,1.0,True
2,2,0.19099999964237213,accepted,119,0.45901378989219666,1.0,True
2,2,0.19099999964237213,accepted,120,0.4753255546092987,1.0,True
2,2,0.19099999964237213,accepted,121,0.4568633437156677,1.0,True
2,2,0.19099999964237213,accepted,122,0.46683481335639954,1.0,True
2,2,0.19099999964237213,accepted,123,0.46063631772994995,1.0,True
2,2,0.19099999964237213,accepted,124,0.46505916118621826,1.0,True
2,2,0.19099999964237213,accepted,125,0.4530063569545746,1.0,True
2,2,0.19099999964237213,accepted,126,0.4553513824939728,1.0,False
2,2,0.19099999964237213,accepted,127,0.46224164962768555,1.0,True
2,2,0.19099999964237213,accepted,128,0.4496036469936371,1.0,True
2,2,0.19099999964237213,accepted,129,0.4716598391532898,1.0,True
2,2,0.19099999964237213,accepted,130,0.4711446464061737,1.0,True
2,2,0.19099999964237213,accepted,131,0.47662195563316345,1.0,True
2,2,0.19099999964237213,accepted,132,0.47571828961372375,1.0,True
2,2,0.19099999964237213,accepted,133,0.4505307674407959,1.0,True
2,2,0.19099999964237213,accepted,134,0.4784855842590332,1.0,True
2,2,0.19099999964237213,accepted,135,0.4651780128479004,1.0,True
2,2,0.19099999964237213,accepted,136,0.46233952045440674,1.0,True
2,2,0.19099999964237213,accepted,137,0.4589472711086273,1.0,True
2,2,0.19099999964237213,accepted,138,0.4659079611301422,1.0,True
2,2,0.19099999964237213,accepted,139,0.4591328501701355,1.0,True
2,2,0.19099999964237213,accepted,140,0.46414199471473694,1.0,True
2,2,0.19099999964237213,accepted,141,0.4543311297893524,1.0,True
2,2,0.19099999964237213,accepted,142,0.46740591526031494,1.0,True
2,2,0.19099999964237213,accepted,143,0.4614752531051636,1.0,True
2,2,0.19099999964237213,accepted,144,0.4619032144546509,1.0,True
2,2,0.19099999964237213,accepted,145,0.44483882188796997,1.0,True
2,2,0.19099999964237213,accepted,146,0.47300848364830017,1.0,True
2,2,0.19099999964237213,accepted,147,0.44795161485671997,1.0,True
2,2,0.19099999964237213,accepted,148,0.44606736302375793,1.0,True
2,2,0.19099999964237213,accepted,149,0.4716193675994873,1.0,True
2,2,0.19099999964237213,accepted,150,0.46523037552833557,1.0,True
2,2,0.19099999964237213,accepted,151,0.4692031145095825,1.0,True
2,2,0.19099999964237213,accepted,152,0.48175299167633057,1.0,True
2,2,0.19099999964237213,accepted,153,0.4770885407924652,1.0,True
2,2,0.19099999964237213,accepted,154,0.45604151487350464,1.0,True
2,2,0.19099999964237213,accepted,155,0.47656014561653137,1.0,True
2,2,0.19099999964237213,accepted,156,0.46992227435112,1.0,True
2,2,0.19099999964237213,accepted,157,0.45825445652008057,1.0,True
2,2,0.19099999964237213,accepted,158,0.4740218222141266,1.0,True
2,2,0.19099999964237213,accepted,159,0.4692308306694031,1.0,True
2,2,0.19099999964237213,accepted,160,0.45275500416755676,1.0,True
2,2,0.19099999964237213,accepted,161,0.4704172909259796,1.0,True
2,2,0.19099999964237213,accepted,162,0.4590050280094147,1.0,True
2,2,0.19099999964237213,accepted,163,0.4592747688293457,1.0,True
2,2,0.19099999964237213,accepted,164,0.4781416356563568,1.0,True
2,2,0.19099999964237213,accepted,165,0.47076284885406494,1.0,True
2,2,0.19099999964237213,accepted,166,0.4513840079307556,1.0,True
2,2,0.19099999964237213,accepted,167,0.4630676209926605,1.0,True
2,2,0.19099999964237213,accepted,168,0.4659176766872406,1.0,True
2,2,0.19099999964237213,accepted,169,0.47298863530158997,1.0,True
2,2,0.19099999964237213,accepted,170,0.45572322607040405,1.0,True
2,2,0.19099999964237213,accepted,171,0.47659561038017273,1.0,True
2,2,0.19099999964237213,accepted,172,0.46198517084121704,1.0,True
2,2,0.19099999964237213,accepted,173,0.45838209986686707,1.0,True
2,2,0.19099999964237213,accepted,174,0.464727520942688,1.0,True
2,2,0.19099999964237213,accepted,175,0.4636509120464325,1.0,True
2,2,0.19099999964237213,accepted,176,0.4841369092464447,1.0,True
2,2,0.19099999964237213,accepted,177,0.47087061405181885,1.0,True
2,2,0.19099999964237213,accepted,178,0.4834540784358978,1.0,True
2,2,0.19099999964237213,accepted,179,0.47820186614990234,1.0,True
2,2,0.19099999964237213,accepted,180,0.4870367646217346,1.0,True
2,2,0.19099999964237213,accepted,181,0.49461308121681213,1.0,True
2,2,0.19099999964237213,accepted,182,0.4814985394477844,1.0,True
2,2,0.19099999964237213,accepted,183,0.4862329363822937,1.0,True
2,2,0.19099999964237213,accepted,184,0.49781396985054016,1.0,True
2,2,0.19099999964237213,accepted,185,0.4786590039730072,1.0,True
2,2,0.19099999964237213,accepted,186,0.5101794600486755,1.0,True
2,2,0.19099999964237213,accepted,187,0.5008540153503418,1.0,True
2,2,0.19099999964237213,accepted,188,0.48937031626701355,1.0,True
2,2,0.19099999964237213,accepted,189,0.4860669672489166,1.0,True
2,2,0.19099999964237213,accepted,190,0.5019078850746155,1.0,True
2,2,0.19099999964237213,accepted,191,0.4970065653324127,1.0,True
2,2,0.19099999964237213,accepted,192,0.4828145503997803,1.0,True
2,2,0.19099999964237213,accepted,193,0.48377320170402527,1.0,True
2,2,0.19099999964237213,accepted,194,0.5018102526664734,1.0,True
2,2,0.19099999964237213,accepted,195,0.48779723048210144,1.0,False
2,2,0.19099999964237213,accepted,196,0.4776148200035095,1.0,True
2,2,0.19099999964237213,accepted,197,0.48534807562828064,1.0,True
2,2,0.19099999964237213,accepted,198,0.460318386554718,1.0,True
2,2,0.19099999964237213,accepted,199,0.4820057451725006,1.0,True
2,2,0.19099999964237213,accepted,200,0.5041953325271606,1.0,True
2,2,0.19099999964237213,accepted,201,0.48243895173072815,1.0,True
2,2,0.19099999964237213,accepted,202,0.4785422086715698,1.0,True
2,2,0.19099999964237213,accepted,203,0.47818270325660706,1.0,True
2,2,0.19099999964237213,accepted,204,0.4856722056865692,1.0,True
2,2,0.19099999964237213,accepted,205,0.4940209984779358,1.0,True
2,2,0.19099999964237213,accepted,206,0.4671822190284729,1.0,True
2,2,0.19099999964237213,accepted,207,0.47651106119155884,1.0,True
2,2,0.19099999964237213,accepted,208,0.4772241413593292,1.0,True
2,2,0.19099999964237213,accepted,209,0.47478732466697693,1.0,True
2,2,0.19099999964237213,accepted,210,0.4913446605205536,1.0,True
2,2,0.19099999964237213,accepted,211,0.4815582036972046,1.0,True
2,2,0.19099999964237213,accepted,212,0.48055902123451233,1.0,True
2,2,0.19099999964237213,accepted,213,0.4885067343711853,1.0,True
2,2,0.19099999964237213,accepted,214,0.45713528990745544,1.0,True
2,2,0.19099999964237213,accepted,215,0.48079463839530945,1.0,True
2,2,0.19099999964237213,accepted,216,0.4793771803379059,1.0,True
2,2,0.19099999964237213,accepted,217,0.48004597425460815,1.0,True
2,2,0.19099999964237213,accepted,218,0.4844583570957184,1.0,True
2,2,0.19099999964237213,accepted,219,0.4804554283618927,1.0,True
2,2,0.19099999964237213,accepted,220,0.5134850144386292,1.0,True
2,2,0.19099999964237213,accepted,221,0.4632593095302582,1.0,True
2,2,0.19099999964237213,accepted,222,0.4766574203968048,1.0,True
2,2,0.19099999964237213,accepted,223,0.4991374611854553,1.0,True
2,2,0.19099999964237213,accepted,224,0.5003594160079956,1.0,True
2,2,0.19099999964237213,accepted,225,0.4943518340587616,1.0,True
2,2,0.19099999964237213,accepted,226,0.4909006655216217,1.0,True
2,2,0.19099999964237213,accepted,227,0.4773898422718048,1.0,True
2,2,0.19099999964237213,accepted,228,0.48485028743743896,1.0,True
2,2,0.19099999964237213,accepted,229,0.46726956963539124,1.0,True
2,2,0.19099999964237213,accepted,230,0.4878009855747223,1.0,True
2,2,0.19099999964237213,accepted,231,0.5007126927375793,1.0,True
2,2,0.19099999964237213,accepted,232,0.45771726965904236,1.0,True
2,2,0.19099999964237213,accepted,233,0.4688470661640167,1.0,True
2,2,0.19099999964237213,accepted,234,0.48879098892211914,1.0,True
2,2,0.19099999964237213,accepted,235,0.49768486618995667,1.0,True
2,2,0.19099999964237213,accepted,236,0.5025314688682556,1.0,True
2,2,0.19099999964237213,accepted,237,0.48331576585769653,1.0,True
2,2,0.19099999964237213,accepted,238,0.4606187343597412,1.0,True
2,2,0.19099999964237213,accepted,239,0.48575928807258606,1.0,True
2,2,0.19099999964237213,accepted,240,0.4909062683582306,1.0,True
2,2,0.19099999964237213,accepted,241,0.5022679567337036,1.0,True
2,2,0.19099999964237213,accepted,242,0.46529874205589294,1.0,True
2,2,0.19099999964237213,accepted,243,0.4944036900997162,1.0,True
2,2,0.19099999964237213,accepted,244,0.4777123034000397,1.0,True
2,2,0.19099999964237213,accepted,245,0.476672887802124,1.0,True
2,2,0.19099999964237213,accepted,246,0.49679428339004517,1.0,True
2,2,0.19099999964237213,accepted,247,0.5068777799606323,1.0,True
2,2,0.19099999964237213,accepted,248,0.49705684185028076,1.0,True
2,2,0.19099999964237213,accepted,249,0.490547776222229,1.0,True
2,2,0.19099999964237213,accepted,250,0.5032259225845337,1.0,True
2,2,0.19099999964237213,accepted,251,0.5069512724876404,1.0,True
2,2,0.19099999964237213,accepted,252,0.492867112159729,1.0,True
2,2,0.19099999964237213,accepted,253,0.4913090467453003,1.0,True
2,2,0.19099999964237213,accepted,254,0.50786292552948,1.0,True
2,2,0.19099999964237213,accepted,255,0.48583897948265076,1.0,True
2,2,0.19099999964237213,accepted,256,0.4809468984603882,1.0,True
2,2,0.19099999964237213,accepted,257,0.49792981147766113,1.0,True
2,2,0.19099999964237213,accepted,258,0.4720684289932251,1.0,True
2,2,0.19099999964237213,accepted,259,0.46045711636543274,1.0,True
2,2,0.19099999964237213,accepted,260,0.48260554671287537,1.0,True
2,2,0.19099999964237213,accepted,261,0.4994993209838867,1.0,True
2,2,0.19099999964237213,accepted,262,0.5014399886131287,1.0,True
2,2,0.19099999964237213,accepted,263,0.49745896458625793,1.0,True
2,2,0.19099999964237213,accepted,264,0.4917449951171875,1.0,True
2,2,0.19099999964237213,accepted,265,0.48102760314941406,1.0,True
2,2,0.19099999964237213,accepted,266,0.48102760314941406,1.0,True
2,2,0.19099999964237213,accepted,267,0.4912593960762024,1.0,True
2,2,0.19099999964237213,accepted,268,0.49957937002182007,1.0,True
2,2,0.19099999964237213,accepted,269,0.505639910697937,1.0,True
2,2,0.19099999964237213,accepted,270,0.5074620246887207,1.0,True
2,2,0.19099999964237213,accepted,271,0.485799103975296,1.0,True
2,2,0.19099999964237213,accepted,272,0.497724711894989,1.0,True
2,2,0.19099999964237213,accepted,273,0.5111446976661682,1.0,True
2,2,0.19099999964237213,accepted,274,0.45675793290138245,1.0,True
2,2,0.19099999964237213,accepted,275,0.49100178480148315,1.0,True
2,2,0.19099999964237213,accepted,276,0.49446216225624084,1.0,False
2,2,0.19099999964237213,accepted,277,0.5007374882698059,1.0,True
2,2,0.19099999964237213,accepted,278,0.485512912273407,1.0,True
2,2,0.19099999964237213,accepted,279,0.507649838924408,1.0,True
2,2,0.19099999964237213,accepted,280,0.5123423337936401,1.0,True
2,2,0.19099999964237213,accepted,281,0.5047341585159302,1.0,True
2,2,0.19099999964237213,accepted,282,0.4889495074748993,1.0,True
2,2,0.19099999964237213,accepted,283,0.49492546916007996,1.0,True
2,2,0.19099999964237213,accepted,284,0.4828900694847107,1.0,True
2,2,0.19099999964237213,accepted,285,0.4713208079338074,1.0,True
2,2,0.19099999964237213,accepted,286,0.5007098317146301,1.0,True
2,2,0.19099999964237213,accepted,287,0.47581446170806885,1.0,True
2,2,0.19099999964237213,accepted,288,0.4874875247478485,1.0,False
2,2,0.19099999964237213,accepted,289,0.500023603439331,1.0,True
2,2,0.19099999964237213,accepted,290,0.5176268219947815,1.0,True
2,2,0.19099999964237213,accepted,291,0.4926857054233551,1.0,True
2,2,0.19099999964237213,accepted,292,0.47022536396980286,1.0,True
2,2,0.19099999964237213,accepted,293,0.47089579701423645,1.0,True
2,2,0.19099999964237213,accepted,294,0.48689374327659607,1.0,True
2,2,0.19099999964237213,accepted,295,0.4951879680156708,1.0,True
2,2,0.19099999964237213,accepted,296,0.505256175994873,1.0,True
2,2,0.19099999964237213,accepted,297,0.4863266348838806,1.0,True
2,2,0.19099999964237213,accepted,298,0.501052737236023,1.0,True
2,2,0.19099999964237213,accepted,299,0.4932903051376343,1.0,True
2,2,0.19099999964237213,accepted,300,0.5073362588882446,1.0,True
2,2,0.19099999964237213,accepted,301,0.5046206116676331,1.0,True
2,2,0.19099999964237213,accepted,302,0.47584623098373413,1.0,True
2,2,0.19099999964237213,accepted,303,0.49309465289115906,1.0,True
2,2,0.19099999964237213,accepted,304,0.49379676580429077,1.0,True
2,2,0.19099999964237213,accepted,305,0.5132235884666443,1.0,True
2,2,0.19099999964237213,accepted,306,0.5149464011192322,1.0,True
2,2,0.19099999964237213,accepted,307,0.5090072751045227,1.0,True
2,2,0.19099999964237213,accepted,308,0.49805518984794617,1.0,True
2,2,0.19099999964237213,accepted,309,0.48707300424575806,1.0,True
2,2,0.19099999964237213,accepted,310,0.4910186231136322,1.0,True
2,2,0.19099999964237213,accepted,311,0.4717201292514801,1.0,True
2,2,0.19099999964237213,accepted,312,0.5162022113800049,1.0,True
2,2,0.19099999964237213,accepted,313,0.49703219532966614,1.0,True
2,2,0.19099999964237213,accepted,314,0.47734978795051575,1.0,True
2,2,0.19099999964237213,accepted,315,0.5114138722419739,1.0,True
2,2,0.19099999964237213,accepted,316,0.5166897773742676,1.0,True
2,2,0.19099999964237213,accepted,317,0.512428343296051,1.0,True
2,2,0.19099999964237213,accepted,318,0.45173540711402893,1.0,True
2,2,0.19099999964237213,accepted,319,0.5151242017745972,1.0,True
2,2,0.19099999964237213,accepted,320,0.5030714273452759,1.0,True
2,2,0.19099999964237213,accepted,321,0.5044012069702148,1.0,True
2,2,0.19099999964237213,accepted,322,0.5029984712600708,1.0,True
2,2,0.19099999964237213,accepted,323,0.47779977321624756,1.0,True
2,2,0.19099999964237213,accepted,324,0.5009304881095886,1.0,True
2,2,0.19099999964237213,accepted,325,0.467642217874527,1.0,True
2,2,0.19099999964237213,accepted,326,0.497439980506897,1.0,True
2,2,0.19099999964237213,accepted,327,0.4889867901802063,1.0,True
2,2,0.19099999964237213,accepted,328,0.49897846579551697,1.0,True
2,2,0.19099999964237213,accepted,329,0.4956481158733368,1.0,True
2,2,0.19099999964237213,accepted,330,0.50766921043396,1.0,True
2,2,0.19099999964237213,accepted,331,0.503046452999115,1.0,True
2,2,0.19099999964237213,accepted,332,0.4960169792175293,1.0,True
2,2,0.19099999964237213,accepted,333,0.4964797794818878,1.0,True
2,2,0.19099999964237213,accepted,334,0.4995555579662323,1.0,True
2,2,0.19099999964237213,accepted,335,0.5074427127838135,1.0,True
2,2,0.19099999964237213,accepted,336,0.5140964984893799,1.0,True
2,2,0.19099999964237213,accepted,337,0.5222023725509644,1.0,True
2,2,0.19099999964237213,accepted,338,0.4877144396305084,1.0,True
2,2,0.19099999964237213,accepted,339,0.4979649484157562,1.0,True
2,2,0.19099999964237213,accepted,340,0.4982984662055969,1.0,True
2,2,0.19099999964237213,accepted,341,0.5085628032684326,1.0,True
2,2,0.19099999964237213,accepted,342,0.503989577293396,1.0,True
2,2,0.19099999964237213,accepted,343,0.4938570261001587,1.0,True
2,2,0.19099999964237213,accepted,344,0.5106253623962402,1.0,True
2,2,0.19099999964237213,accepted,345,0.49009981751441956,1.0,True
2,2,0.19099999964237213,accepted,346,0.5059466361999512,1.0,True
2,2,0.19099999964237213,accepted,347,0.5039761066436768,1.0,True
2,2,0.19099999964237213,accepted,348,0.4986901879310608,1.0,True
2,2,0.19099999964237213,accepted,349,0.5009763240814209,1.0,True
2,2,0.19099999964237213,accepted,350,0.46180805563926697,1.0,True
2,2,0.19099999964237213,accepted,351,0.4890184998512268,1.0,True
2,2,0.19099999964237213,accepted,352,0.49100086092948914,1.0,True
2,2,0.19099999964237213,accepted,353,0.5037435293197632,1.0,True
2,2,0.19099999964237213,accepted,354,0.5120629668235779,1.0,True
2,2,0.19099999964237213,accepted,355,0.5117407441139221,1.0,True
2,2,0.19099999964237213,accepted,356,0.5029255747795105,1.0,True
2,2,0.19099999964237213,accepted,357,0.5116802453994751,1.0,True
2,2,0.19099999964237213,accepted,358,0.49327996373176575,1.0,True
2,2,0.19099999964237213,accepted,359,0.4929629862308502,1.0,True
2,2,0.19099999964237213,accepted,360,0.5062603950500488,1.0,True
2,2,0.19099999964237213,accepted,361,0.50785231590271,1.0,True
2,2,0.19099999964237213,accepted,362,0.5170880556106567,1.0,True
2,2,0.19099999964237213,accepted,363,0.5188960433006287,1.0,True
2,2,0.19099999964237213,accepted,364,0.48728299140930176,1.0,False
2,2,0.19099999964237213,accepted,365,0.5046917796134949,1.0,True
2,2,0.19099999964237213,accepted,366,0.4990117847919464,1.0,True
2,2,0.19099999964237213,accepted,367,0.5166128873825073,1.0,True
2,2,0.19099999964237213,accepted,368,0.5028507709503174,1.0,True
2,2,0.19099999964237213,accepted,369,0.4919617176055908,1.0,True
2,2,0.19099999964237213,accepted,370,0.49634063243865967,1.0,True
2,2,0.19099999964237213,accepted,371,0.5291666984558105,1.0,True
2,2,0.19099999964237213,accepted,372,0.5144084692001343,1.0,True
2,2,0.19099999964237213,accepted,373,0.5250707268714905,1.0,True
2,2,0.19099999964237213,accepted,374,0.5076673030853271,1.0,False
2,2,0.19099999964237213,accepted,375,0.4992193281650543,1.0,True
2,2,0.19099999964237213,accepted,376,0.5213842391967773,1.0,True
2,2,0.19099999964237213,accepted,377,0.5183401703834534,1.0,True
2,2,0.19099999964237213,accepted,378,0.5047601461410522,1.0,True
2,2,0.19099999964237213,accepted,379,0.4688497483730316,1.0,True
2,2,0.19099999964237213,accepted,380,0.5063124895095825,1.0,True
2,2,0.19099999964237213,accepted,381,0.5015442371368408,1.0,True
2,2,0.19099999964237213,accepted,382,0.508118748664856,1.0,True
2,2,0.19099999964237213,accepted,383,0.5211973190307617,1.0,True
2,2,0.19099999964237213,accepted,384,0.5296474099159241,1.0,True
2,2,0.19099999964237213,accepted,385,0.504308819770813,1.0,True
2,2,0.19099999964237213,accepted,386,0.5065298676490784,1.0,True
2,2,0.19099999964237213,accepted,387,0.5323190689086914,1.0,True
2,2,0.19099999964237213,accepted,388,0.5111525058746338,1.0,True
2,2,0.19099999964237213,accepted,389,0.504173219203949,1.0,True
2,2,0.19099999964237213,accepted,390,0.5041308999061584,1.0,True
2,2,0.19099999964237213,accepted,391,0.5086957216262817,1.0,True
2,2,0.19099999964237213,accepted,392,0.5237963795661926,1.0,True
2,2,0.19099999964237213,accepted,393,0.5337057709693909,1.0,True
2,2,0.19099999964237213,accepted,394,0.5005942583084106,1.0,True
2,2,0.19099999964237213,accepted,395,0.5007575750350952,1.0,True
2,2,0.19099999964237213,accepted,396,0.5347389578819275,1.0,True
2,2,0.19099999964237213,accepted,397,0.5004252791404724,1.0,True
2,2,0.19099999964237213,accepted,398,0.5221057534217834,1.0,True
2,2,0.19099999964237213,accepted,399,0.49870729446411133,1.0,True
2,2,0.19099999964237213,accepted,400,0.508054792881012,1.0,True
2,2,0.19099999964237213,accepted,401,0.5221047401428223,1.0,True
2,2,0.19099999964237213,accepted,402,0.5180416703224182,1.0,False
2,2,0.19099999964237213,accepted,403,0.49706539511680603,1.0,True
2,2,0.19099999964237213,accepted,404,0.5080722570419312,1.0,True
2,2,0.19099999964237213,accepted,405,0.4899960458278656,1.0,True
2,2,0.19099999964237213,accepted,406,0.50620436668396,1.0,True
2,2,0.19099999964237213,accepted,407,0.5075356364250183,1.0,True
2,2,0.19099999964237213,accepted,408,0.5318298935890198,1.0,True
2,2,0.19099999964237213,accepted,409,0.5408958196640015,1.0,True
2,2,0.19099999964237213,accepted,410,0.4911310374736786,1.0,True
2,2,0.19099999964237213,accepted,411,0.49733656644821167,1.0,True
2,2,0.19099999964237213,accepted,412,0.5078125596046448,1.0,True
2,2,0.19099999964237213,accepted,413,0.48559996485710144,1.0,True
2,2,0.19099999964237213,accepted,414,0.4951246678829193,1.0,True
2,2,0.19099999964237213,accepted,415,0.532509982585907,1.0,True
2,2,0.19099999964237213,accepted,416,0.5043627023696899,1.0,True
2,2,0.19099999964237213,accepted,417,0.5273279547691345,1.0,True
2,2,0.19099999964237213,accepted,418,0.5041087865829468,1.0,True
2,2,0.19099999964237213,accepted,419,0.4963841736316681,1.0,True
2,2,0.19099999964237213,accepted,420,0.4920105040073395,1.0,True
2,2,0.19099999964237213,accepted,421,0.5159354209899902,1.0,True
2,2,0.19099999964237213,accepted,422,0.5274235010147095,1.0,True
2,2,0.19099999964237213,accepted,423,0.5151222348213196,1.0,True
2,2,0.19099999964237213,accepted,424,0.49999693036079407,1.0,True
2,2,0.19099999964237213,accepted,425,0.516331136226654,1.0,True
2,2,0.19099999964237213,accepted,426,0.5210601687431335,1.0,True
2,2,0.19099999964237213,accepted,427,0.5275059938430786,1.0,True
2,2,0.19099999964237213,accepted,428,0.5323576331138611,1.0,True
2,2,0.19099999964237213,accepted,429,0.5293968915939331,1.0,True
2,2,0.19099999964237213,accepted,430,0.5127862095832825,1.0,True
2,2,0.19099999964237213,accepted,431,0.5332244634628296,1.0,True
2,2,0.19099999964237213,accepted,432,0.5157878398895264,1.0,True
2,2,0.19099999964237213,accepted,433,0.4989737272262573,1.0,True
2,2,0.19099999964237213,accepted,434,0.492228239774704,1.0,True
2,2,0.19099999964237213,accepted,435,0.5205118656158447,1.0,True
2,2,0.19099999964237213,accepted,436,0.508196234703064,1.0,True
2,2,0.19099999964237213,accepted,437,0.5129280090332031,1.0,True
2,2,0.19099999964237213,accepted,438,0.48492613434791565,1.0,True
2,2,0.19099999964237213,accepted,439,0.5143652558326721,1.0,True
2,2,0.19099999964237213,accepted,440,0.49945932626724243,1.0,True
2,2,0.19099999964237213,accepted,441,0.5206627249717712,1.0,False
2,2,0.19099999964237213,accepted,442,0.5107685327529907,1.0,True
2,2,0.19099999964237213,accepted,443,0.5239322781562805,1.0,True
2,2,0.19099999964237213,accepted,444,0.5001037120819092,1.0,True
2,2,0.19099999964237213,accepted,445,0.5175577402114868,1.0,True
2,2,0.19099999964237213,accepted,446,0.5368523597717285,1.0,True
2,2,0.19099999964237213,accepted,447,0.5039492249488831,1.0,True
2,2,0.19099999964237213,accepted,448,0.5374004244804382,1.0,True
2,2,0.19099999964237213,accepted,449,0.5317609906196594,1.0,True
2,2,0.19099999964237213,accepted,450,0.52788245677948,1.0,True
2,2,0.19099999964237213,accepted,451,0.5225570797920227,1.0,True
2,2,0.19099999964237213,accepted,452,0.5018676519393921,1.0,True
2,2,0.19099999964237213,accepted,453,0.5125799179077148,1.0,True
2,2,0.19099999964237213,accepted,454,0.5192802548408508,1.0,True
2,2,0.19099999964237213,accepted,455,0.4993564486503601,1.0,True
2,2,0.19099999964237213,accepted,456,0.5212281346321106,1.0,True
2,2,0.19099999964237213,accepted,457,0.5019059777259827,1.0,True
2,2,0.19099999964237213,accepted,458,0.524743378162384,1.0,True
2,2,0.19099999964237213,accepted,459,0.5250867605209351,1.0,True
2,2,0.19099999964237213,accepted,460,0.5325425267219543,1.0,True
2,2,0.19099999964237213,accepted,461,0.5200642347335815,1.0,True
2,2,0.19099999964237213,accepted,462,0.4895280599594116,1.0,True
2,2,0.19099999964237213,accepted,463,0.5219175219535828,1.0,True
2,2,0.19099999964237213,accepted,464,0.4972379505634308,1.0,True
2,2,0.19099999964237213,accepted,465,0.5001323223114014,1.0,True
2,2,0.19099999964237213,accepted,466,0.5111905336380005,1.0,True
2,2,0.19099999964237213,accepted,467,0.5010049939155579,1.0,True
2,2,0.19099999964237213,accepted,468,0.5215930938720703,1.0,True
2,2,0.19099999964237213,accepted,469,0.535269558429718,1.0,True
2,2,0.19099999964237213,accepted,470,0.49384480714797974,1.0,True
2,2,0.19099999964237213,accepted,471,0.523339033126831,1.0,True
2,2,0.19099999964237213,accepted,472,0.5306545495986938,1.0,True
2,2,0.19099999964237213,accepted,473,0.5148206949234009,1.0,True
2,2,0.19099999964237213,accepted,474,0.5362914800643921,1.0,True
2,2,0.19099999964237213,accepted,475,0.5182334184646606,1.0,True
2,2,0.19099999964237213,accepted,476,0.5182738900184631,1.0,True
2,2,0.19099999964237213,accepted,477,0.5267991423606873,1.0,True
2,2,0.19099999964237213,accepted,478,0.5112276077270508,1.0,True
2,2,0.19099999964237213,accepted,479,0.5223796963691711,1.0,False
2,2,0.19099999964237213,accepted,480,0.5161401629447937,1.0,True
2,2,0.19099999964237213,accepted,481,0.5196805000305176,1.0,True
2,2,0.19099999964237213,accepted,482,0.5319455862045288,1.0,True
2,2,0.19099999964237213,accepted,483,0.5357691049575806,1.0,True
2,2,0.19099999964237213,accepted,484,0.5210641026496887,1.0,True
2,2,0.19099999964237213,accepted,485,0.5252470374107361,1.0,True
2,2,0.19099999964237213,accepted,486,0.5309451222419739,1.0,True
2,2,0.19099999964237213,accepted,487,0.5067811012268066,1.0,True
2,2,0.19099999964237213,accepted,488,0.5263080596923828,1.0,True
2,2,0.19099999964237213,accepted,489,0.5074465870857239,1.0,True
2,2,0.19099999964237213,accepted,490,0.5284425616264343,1.0,True
2,2,0.19099999964237213,accepted,491,0.4954477548599243,1.0,True
2,2,0.19099999964237213,accepted,492,0.5061724781990051,1.0,True
2,2,0.19099999964237213,accepted,493,0.5288972854614258,1.0,True
2,2,0.19099999964237213,accepted,494,0.5176821351051331,1.0,True
2,2,0.19099999964237213,accepted,495,0.5139651298522949,1.0,True
2,2,0.19099999964237213,accepted,496,0.5328452587127686,1.0,True
2,2,0.19099999964237213,accepted,497,0.5248464345932007,1.0,True
2,2,0.19099999964237213,accepted,498,0.5133851170539856,1.0,True
2,2,0.19099999964237213,accepted,499,0.525313138961792,1.0,True
2,2,0.19099999964237213,accepted,500,0.5118442177772522,1.0,True
3,1,0.3093000054359436,rejected,1,0.03851078823208809,1.0,True
3,1,0.3093000054359436,rejected,2,0.04366058483719826,1.0,True
3,1,0.3093000054359436,rejected,3,0.05019765719771385,1.0,True
3,1,0.3093000054359436,rejected,4,0.0423596054315567,1.0,True
3,1,0.3093000054359436,rejected,5,0.0504414364695549,1.0,True
3,1,0.3093000054359436,rejected,6,0.04143347218632698,1.0,True
3,1,0.3093000054359436,rejected,7,0.042586762458086014,1.0,True
3,1,0.3093000054359436,rejected,8,0.048924777656793594,1.0,True
3,1,0.3093000054359436,rejected,9,0.04317333176732063,1.0,True
3,1,0.3093000054359436,rejected,10,0.04897725209593773,1.0,True
3,1,0.3093000054359436,rejected,11,0.03658723458647728,1.0,True
3,1,0.3093000054359436,rejected,12,0.03779402747750282,1.0,True
3,1,0.3093000054359436,rejected,13,0.03992727771401405,1.0,True
3,1,0.3093000054359436,rejected,14,0.03856327012181282,1.0,True
3,1,0.3093000054359436,rejected,15,0.045186273753643036,1.0,True
3,1,0.3093000054359436,rejected,16,0.045350149273872375,1.0,True
3,1,0.3093000054359436,rejected,17,0.05393131822347641,1.0,False
3,1,0.3093000054359436,rejected,18,0.04842659458518028,1.0,True
3,1,0.3093000054359436,rejected,19,0.04689657688140869,1.0,True
3,1,0.3093000054359436,rejected,20,0.061849310994148254,1.0,True
3,1,0.3093000054359436,rejected,21,0.054915983229875565,1.0,True
3,1,0.3093000054359436,rejected,22,0.054874103516340256,1.0,True
3,1,0.3093000054359436,rejected,23,0.053706102073192596,1.0,True
3,1,0.3093000054359436,rejected,24,0.06261920183897018,1.0,True
3,1,0.3093000054359436,rejected,25,0.0544753223657608,1.0,True
3,1,0.3093000054359436,rejected,26,0.056176476180553436,1.0,True
3,1,0.3093000054359436,rejected,27,0.06250631809234619,1.0,True
3,1,0.3093000054359436,rejected,28,0.0692671462893486,1.0,True
3,1,0.3093000054359436,rejected,29,0.06035967171192169,1.0,False
3,1,0.3093000054359436,rejected,30,0.07670977711677551,1.0,True
3,1,0.3093000054359436,rejected,31,0.08518997579813004,1.0,True
3,1,0.3093000054359436,rejected,32,0.08090090751647949,1.0,True
3,1,0.3093000054359436,rejected,33,0.07625929266214371,1.0,True
3,1,0.3093000054359436,rejected,34,0.0873340368270874,1.0,True
3,1,0.3093000054359436,rejected,35,0.09589353948831558,1.0,True
3,1,0.3093000054359436,rejected,36,0.09607184678316116,1.0,True
3,1,0.3093000054359436,rejected,37,0.09151411056518555,1.0,True
3,1,0.3093000054359436,rejected,38,0.08831565082073212,1.0,True
3,1,0.3093000054359436,rejected,39,0.10164953023195267,1.0,True
3,1,0.3093000054359436,rejected,40,0.10078579187393188,1.0,True
3,1,0.3093000054359436,rejected,41,0.10212565213441849,1.0,True
3,1,0.3093000054359436,rejected,42,0.09788002073764801,1.0,True
3,1,0.3093000054359436,rejected,43,0.10902033746242523,1.0,True
3,1,0.3093000054359436,rejected,44,0.09418238699436188,1.0,True
3,1,0.3093000054359436,rejected,45,0.09043828397989273,1.0,True
3,1,0.3093000054359436,rejected,46,0.09735683351755142,1.0,True
3,1,0.3093000054359436,rejected,47,0.11582421511411667,1.0,True
3,1,0.3093000054359436,rejected,48,0.09011387825012207,1.0,True
3,1,0.3093000054359436,rejected,49,0.11071392148733139,1.0,True
3,1,0.3093000054359436,rejected,50,0.10145390033721924,1.0,True
3,1,0.3093000054359436,rejected,51,0.11829350888729095,1.0,True
3,1,0.3093000054359436,rejected,52,0.11605508625507355,1.0,True
3,1,0.3093000054359436,rejected,53,0.09963364899158478,1.0,True
3,1,0.3093000054359436,rejected,54,0.11335671693086624,1.0,True
3,1,0.3093000054359436,rejected,55,0.10372281819581985,1.0,True
3,1,0.3093000054359436,rejected,56,0.1113564744591713,1.0,True
3,1,0.3093000054359436,rejected,57,0.12139245867729187,1.0,True
3,1,0.3093000054359436,rejected,58,0.11743654310703278,1.0,True
3,1,0.3093000054359436,rejected,59,0.11430028825998306,1.0,True
3,1,0.3093000054359436,rejected,60,0.10415738075971603,1.0,True
3,1,0.3093000054359436,rejected,61,0.11401591449975967,1.0,True
3,1,0.3093000054359436,rejected,62,0.12674592435359955,1.0,True
3,1,0.3093000054359436,rejected,63,0.11888613551855087,1.0,True
3,1,0.3093000054359436,rejected,64,0.12400979548692703,1.0,True
3,1,0.3093000054359436,rejected,65,0.1224827766418457,1.0,True
3,1,0.3093000054359436,rejected,66,0.1318376511335373,1.0,True
3,1,0.3093000054359436,rejected,67,0.12457924336194992,1.0,True
3,1,0.3093000054359436,rejected,68,0.13105441629886627,1.0,True
3,1,0.3093000054359436,rejected,69,0.128442645072937,1.0,True
3,1,0.3093000054359436,rejected,70,0.128681480884552,1.0,True
3,1,0.3093000054359436,rejected,71,0.1272735446691513,1.0,True
3,1,0.3093000054359436,rejected,72,0.14180094003677368,1.0,True
3,1,0.3093000054359436,rejected,73,0.12961852550506592,1.0,True
3,1,0.3093000054359436,rejected,74,0.140823096036911,1.0,True
3,1,0.3093000054359436,rejected,75,0.13157488405704498,1.0,True
3,1,0.3093000054359436,rejected,76,0.12955822050571442,1.0,True
3,1,0.3093000054359436,rejected,77,0.13437022268772125,1.0,True
3,1,0.3093000054359436,rejected,78,0.12822039425373077,1.0,True
3,1,0.3093000054359436,rejected,79,0.13738733530044556,1.0,True
3,1,0.3093000054359436,rejected,80,0.14275074005126953,1.0,True
3,1,0.3093000054359436,rejected,81,0.13908956944942474,1.0,True
3,1,0.3093000054359436,rejected,82,0.13056989014148712,1.0,True
3,1,0.3093000054359436,rejected,83,0.1305006742477417,1.0,True
3,1,0.3093000054359436,rejected,84,0.14873768389225006,1.0,True
3,1,0.3093000054359436,rejected,85,0.12862160801887512,1.0,True
3,1,0.3093000054359436,rejected,86,0.14201857149600983,1.0,True
3,1,0.3093000054359436,rejected,87,0.1394258290529251,1.0,True
3,1,0.3093000054359436,rejected,88,0.1436849683523178,1.0,True
3,1,0.3093000054359436,rejected,89,0.14205704629421234,1.0,True
3,1,0.3093000054359436,rejected,90,0.14087843894958496,1.0,True
3,1,0.3093000054359436,rejected,91,0.148840993642807,1.0,True
3,1,0.3093000054359436,rejected,92,0.14510829746723175,1.0,True
3,1,0.3093000054359436,rejected,93,0.1424841433763504,1.0,True
3,1,0.3093000054359436,rejected,94,0.13868214190006256,1.0,True
3,1,0.3093000054359436,rejected,95,0.13531722128391266,1.0,True
3,1,0.3093000054359436,rejected,96,0.14892448484897614,1.0,True
3,1,0.3093000054359436,rejected,97,0.14996716380119324,1.0,True
3,1,0.3093000054359436,rejected,98,0.15192259848117828,1.0,True
3,1,0.3093000054359436,rejected,99,0.15114107728004456,1.0,True
3,1,0.3093000054359436,rejected,100,0.14763708412647247,1.0,True
3,1,0.3093000054359436,rejected,101,0.1531924307346344,1.0,True
3,1,0.3093000054359436,rejected,102,0.15482743084430695,1.0,True
3,1,0.3093000054359436,rejected,103,0.1532561480998993,1.0,True
3,1,0.3093000054359436,rejected,104,0.15648286044597626,1.0,True
3,1,0.3093000054359436,rejected,105,0.15828032791614532,1.0,True
3,1,0.3093000054359436,rejected,106,0.14493127167224884,1.0,True
3,1,0.3093000054359436,rejected,107,0.1514868289232254,1.0,True
3,1,0.3093000054359436,rejected,108,0.14587253332138062,1.0,True
3,1,0.3093000054359436,rejected,109,0.15266738831996918,1.0,True
3,1,0.3093000054359436,rejected,110,0.16565124690532684,1.0,True
3,1,0.3093000054359436,rejected,111,0.15104135870933533,1.0,True
3,1,0.3093000054359436,rejected,112,0.156088188290596,1.0,True
3,1,0.3093000054359436,rejected,113,0.15267321467399597,1.0,True
3,1,0.3093000054359436,rejected,114,0.17142410576343536,1.0,True
3,1,0.3093000054359436,rejected,115,0.16906863451004028,1.0,True
3,1,0.3093000054359436,rejected,116,0.162472665309906,1.0,True
3,1,0.3093000054359436,rejected,117,0.1560155600309372,1.0,True
3,1,0.3093000054359436,rejected,118,0.16002944111824036,1.0,True
3,1,0.3093000054359436,rejected,119,0.1640789806842804,1.0,True
3,1,0.3093000054359436,rejected,120,0.15918071568012238,1.0,True
3,1,0.3093000054359436,rejected,121,0.17020820081233978,1.0,True
3,1,0.3093000054359436,rejected,122,0.1616128385066986,1.0,True
3,1,0.3093000054359436,rejected,123,0.1666889190673828,1.0,True
3,1,0.3093000054359436,rejected,124,0.1579485982656479,1.0,True
3,1,0.3093000054359436,rejected,125,0.17179200053215027,1.0,True
3,1,0.3093000054359436,rejected,126,0.1774076223373413,1.0,True
3,1,0.3093000054359436,rejected,127,0.15550397336483002,1.0,True
3,1,0.3093000054359436,rejected,128,0.17105765640735626,1.0,True
3,1,0.3093000054359436,rejected,129,0.17547458410263062,1.0,True
3,1,0.3093000054359436,rejected,130,0.17200970649719238,1.0,True
3,1,0.3093000054359436,rejected,131,0.14061106741428375,1.0,True
3,1,0.3093000054359436,rejected,132,0.1584930121898651,1.0,True
3,1,0.3093000054359436,rejected,133,0.17978255450725555,1.0,True
3,1,0.3093000054359436,rejected,134,0.16728004813194275,1.0,True
3,1,0.3093000054359436,rejected,135,0.18292537331581116,1.0,True
3,1,0.3093000054359436,rejected,136,0.155730739235878,1.0,True
3,1,0.3093000054359436,rejected,137,0.17272444069385529,1.0,True
3,1,0.3093000054359436,rejected,138,0.17628909647464752,1.0,True
3,1,0.3093000054359436,rejected,139,0.17553818225860596,1.0,True
3,1,0.3093000054359436,rejected,140,0.1776900440454483,1.0,True
3,1,0.3093000054359436,rejected,141,0.1798703670501709,1.0,True
3,1,0.3093000054359436,rejected,142,0.17983675003051758,1.0,True
3,1,0.3093000054359436,rejected,143,0.17638057470321655,1.0,True
3,1,0.3093000054359436,rejected,144,0.16943341493606567,1.0,True
3,1,0.3093000054359436,rejected,145,0.18050891160964966,1.0,True
3,1,0.3093000054359436,rejected,146,0.16883984208106995,1.0,True
3,1,0.3093000054359436,rejected,147,0.1700025051832199,1.0,True
3,1,0.3093000054359436,rejected,148,0.17962557077407837,1.0,True
3,1,0.3093000054359436,rejected,149,0.17616474628448486,1.0,True
3,1,0.3093000054359436,rejected,150,0.17562726140022278,1.0,True
3,1,0.3093000054359436,rejected,151,0.18339978158473969,1.0,True
3,1,0.3093000054359436,rejected,152,0.16723474860191345,1.0,True
3,1,0.3093000054359436,rejected,153,0.17766089737415314,1.0,True
3,1,0.3093000054359436,rejected,154,0.1749158799648285,1.0,True
3,1,0.3093000054359436,rejected,155,0.18423211574554443,1.0,True
3,1,0.3093000054359436,rejected,156,0.17758500576019287,1.0,True
3,1,0.3093000054359436,rejected,157,0.17001092433929443,1.0,True
3,1,0.3093000054359436,rejected,158,0.17566010355949402,1.0,False
3,1,0.3093000054359436,rejected,159,0.1725538820028305,1.0,True
3,1,0.3093000054359436,rejected,160,0.18139109015464783,1.0,True
3,1,0.3093000054359436,rejected,161,0.17856456339359283,1.0,True
3,1,0.3093000054359436,rejected,162,0.1899171769618988,1.0,True
3,1,0.3093000054359436,rejected,163,0.18409089744091034,1.0,True
3,1,0.3093000054359436,rejected,164,0.18017801642417908,1.0,True
3,1,0.3093000054359436,rejected,165,0.16853803396224976,1.0,True
3,1,0.3093000054359436,rejected,166,0.19019050896167755,1.0,True
3,1,0.3093000054359436,rejected,167,0.15837274491786957,1.0,True
3,1,0.3093000054359436,rejected,168,0.1815703809261322,1.0,True
3,1,0.3093000054359436,rejected,169,0.17149867117404938,1.0,True
3,1,0.3093000054359436,rejected,170,0.18842127919197083,1.0,True
3,1,0.3093000054359436,rejected,171,0.15229569375514984,1.0,True
3,1,0.3093000054359436,rejected,172,0.18050546944141388,1.0,True
3,1,0.3093000054359436,rejected,173,0.1815260648727417,1.0,True
3,1,0.3093000054359436,rejected,174,0.16822907328605652,1.0,True
3,1,0.3093000054359436,rejected,175,0.1847606599330902,1.0,True
3,1,0.3093000054359436,rejected,176,0.1894483119249344,1.0,False
3,1,0.3093000054359436,rejected,177,0.18624314665794373,1.0,True
3,1,0.3093000054359436,rejected,178,0.17995889484882355,1.0,True
3,1,0.3093000054359436,rejected,179,0.18610678613185883,1.0,True
3,1,0.3093000054359436,rejected,180,0.17829367518424988,1.0,False
3,1,0.3093000054359436,rejected,181,0.18777763843536377,1.0,True
3,1,0.3093000054359436,rejected,182,0.1777612417936325,1.0,True
3,1,0.3093000054359436,rejected,183,0.19799479842185974,1.0,True
3,1,0.3093000054359436,rejected,184,0.19021300971508026,1.0,False
3,1,0.3093000054359436,rejected,185,0.18518191576004028,1.0,True
3,1,0.3093000054359436,rejected,186,0.17820324003696442,1.0,True
3,1,0.3093000054359436,rejected,187,0.1894468516111374,1.0,True
3,1,0.3093000054359436,rejected,188,0.1963019222021103,1.0,True
3,1,0.3093000054359436,rejected,189,0.1760646402835846,1.0,True
3,1,0.3093000054359436,rejected,190,0.1837359070777893,1.0,True
3,1,0.3093000054359436,rejected,191,0.18741123378276825,1.0,True
3,1,0.3093000054359436,rejected,192,0.18168401718139648,1.0,True
3,1,0.3093000054359436,rejected,193,0.1733204424381256,1.0,True
3,1,0.3093000054359436,rejected,194,0.1897050440311432,1.0,True
3,1,0.3093000054359436,rejected,195,0.19367405772209167,1.0,True
3,1,0.3093000054359436,rejected,196,0.17853936553001404,1.0,True
3,1,0.3093000054359436,rejected,197,0.18158560991287231,1.0,True
3,1,0.3093000054359436,rejected,198,0.20117492973804474,1.0,True
3,1,0.3093000054359436,rejected,199,0.19491104781627655,1.0,True
3,1,0.3093000054359436,rejected,200,0.19239498674869537,1.0,True
3,1,0.3093000054359436,rejected,201,0.1901179701089859,1.0,True
3,1,0.3093000054359436,rejected,202,0.19422301650047302,1.0,True
3,1,0.3093000054359436,rejected,203,0.18309220671653748,1.0,False
3,1,0.3093000054359436,rejected,204,0.19326002895832062,1.0,True
3,1,0.3093000054359436,rejected,205,0.18035611510276794,1.0,True
3,1,0.3093000054359436,rejected,206,0.18082182109355927,1.0,True
3,1,0.3093000054359436,rejected,207,0.18817131221294403,1.0,True
3,1,0.3093000054359436,rejected,208,0.18873634934425354,1.0,True
3,1,0.3093000054359436,rejected,209,0.1986514925956726,1.0,True
3,1,0.3093000054359436,rejected,210,0.18448740243911743,1.0,True
3,1,0.3093000054359436,rejected,211,0.18969562649726868,1.0,True
3,1,0.3093000054359436,rejected,212,0.19052600860595703,1.0,True
3,1,0.3093000054359436,rejected,213,0.18449091911315918,1.0,True
3,1,0.3093000054359436,rejected,214,0.19842277467250824,1.0,True
3,1,0.3093000054359436,rejected,215,0.1931435614824295,1.0,True
3,1,0.3093000054359436,rejected,216,0.18502655625343323,1.0,True
3,1,0.3093000054359436,rejected,217,0.1991720199584961,1.0,True
3,1,0.3093000054359436,rejected,218,0.19705821573734283,1.0,True
3,1,0.3093000054359436,rejected,219,0.17822091281414032,1.0,True
3,1,0.3093000054359436,rejected,220,0.18409161269664764,1.0,True
3,1,0.3093000054359436,rejected,221,0.19422081112861633,1.0,True
3,1,0.3093000054359436,rejected,222,0.18830128014087677,1.0,True
3,1,0.3093000054359436,rejected,223,0.1867033690214157,1.0,True
3,1,0.3093000054359436,rejected,224,0.20027828216552734,1.0,True
3,1,0.3093000054359436,rejected,225,0.1953442543745041,1.0,True
3,1,0.3093000054359436,rejected,226,0.19033929705619812,1.0,True
3,1,0.3093000054359436,rejected,227,0.15683186054229736,1.0,False
3,1,0.3093000054359436,rejected,228,0.20200775563716888,1.0,True
3,1,0.3093000054359436,rejected,229,0.18939700722694397,1.0,True
3,1,0.3093000054359436,rejected,230,0.203608438372612,1.0,True
3,1,0.3093000054359436,rejected,231,0.19820640981197357,1.0,True
3,1,0.3093000054359436,rejected,232,0.1767510175704956,1.0,True
3,1,0.3093000054359436,rejected,233,0.19883646070957184,1.0,True
3,1,0.3093000054359436,rejected,234,0.18856076896190643,1.0,True
3,1,0.3093000054359436,rejected,235,0.19532489776611328,1.0,True
3,1,0.3093000054359436,rejected,236,0.19329392910003662,1.0,False
3,1,0.3093000054359436,rejected,237,0.19388842582702637,1.0,True
3,1,0.3093000054359436,rejected,238,0.2037762701511383,1.0,True
3,1,0.3093000054359436,rejected,239,0.18136340379714966,1.0,True
3,1,0.3093000054359436,rejected,240,0.17004725337028503,1.0,True
3,1,0.3093000054359436,rejected,241,0.19375015795230865,1.0,True
3,1,0.3093000054359436,rejected,242,0.19916746020317078,1.0,True
3,1,0.3093000054359436,rejected,243,0.19785135984420776,1.0,True
3,1,0.3093000054359436,rejected,244,0.18943963944911957,1.0,True
3,1,0.3093000054359436,rejected,245,0.20798176527023315,1.0,True
3,1,0.3093000054359436,rejected,246,0.19398386776447296,1.0,False
3,1,0.3093000054359436,rejected,247,0.20030349493026733,1.0,True
3,1,0.3093000054359436,rejected,248,0.19632063806056976,1.0,True
3,1,0.3093000054359436,rejected,249,0.19708150625228882,1.0,True
3,1,0.3093000054359436,rejected,250,0.19562092423439026,1.0,True
3,1,0.3093000054359436,rejected,251,0.19816255569458008,1.0,True
3,1,0.3093000054359436,rejected,252,0.2001308798789978,1.0,True
3,1,0.3093000054359436,rejected,253,0.19963830709457397,1.0,True
3,1,0.3093000054359436,rejected,254,0.20242352783679962,1.0,True
3,1,0.3093000054359436,rejected,255,0.20345625281333923,1.0,True
3,1,0.3093000054359436,rejected,256,0.20558381080627441,1.0,True
3,1,0.3093000054359436,rejected,257,0.1946517378091812,1.0,True
3,1,0.3093000054359436,rejected,258,0.19109593331813812,1.0,True
3,1,0.3093000054359436,rejected,259,0.19535915553569794,1.0,True
3,1,0.3093000054359436,rejected,260,0.19204376637935638,1.0,True
3,1,0.3093000054359436,rejected,261,0.19530998170375824,1.0,False
3,1,0.3093000054359436,rejected,262,0.1982109397649765,1.0,True
3,1,0.3093000054359436,rejected,263,0.1819857507944107,1.0,True
3,1,0.3093000054359436,rejected,264,0.19213242828845978,1.0,True
3,1,0.3093000054359436,rejected,265,0.19621282815933228,1.0,True
3,1,0.3093000054359436,rejected,266,0.20501835644245148,1.0,True
3,1,0.3093000054359436,rejected,267,0.19940084218978882,1.0,True
3,1,0.3093000054359436,rejected,268,0.1971251219511032,1.0,True
3,1,0.3093000054359436,rejected,269,0.2069813460111618,1.0,True
3,1,0.3093000054359436,rejected,270,0.20557047426700592,1.0,True
3,1,0.3093000054359436,rejected,271,0.20023168623447418,1.0,True
3,1,0.3093000054359436,rejected,272,0.200412780046463,1.0,True
3,1,0.3093000054359436,rejected,273,0.1972116231918335,1.0,True
3,1,0.3093000054359436,rejected,274,0.19114260375499725,1.0,True
3,1,0.3093000054359436,rejected,275,0.1991332620382309,1.0,True
3,1,0.3093000054359436,rejected,276,0.2179231196641922,1.0,True
3,1,0.3093000054359436,rejected,277,0.182499498128891,1.0,True
3,1,0.3093000054359436,rejected,278,0.18572169542312622,1.0,True
3,1,0.3093000054359436,rejected,279,0.1895914375782013,1.0,True
3,1,0.3093000054359436,rejected,280,0.2036985456943512,1.0,True
3,1,0.3093000054359436,rejected,281,0.186134472489357,1.0,True
3,1,0.3093000054359436,rejected,282,0.20806191861629486,1.0,True
3,1,0.3093000054359436,rejected,283,0.17185232043266296,1.0,True
3,1,0.3093000054359436,rejected,284,0.18975715339183807,1.0,True
3,1,0.3093000054359436,rejected,285,0.18310688436031342,1.0,True
3,1,0.3093000054359436,rejected,286,0.18735334277153015,1.0,True
3,1,0.3093000054359436,rejected,287,0.20716775953769684,1.0,True
3,1,0.3093000054359436,rejected,288,0.2177477777004242,1.0,True
3,1,0.3093000054359436,rejected,289,0.2107539176940918,1.0,True
3,1,0.3093000054359436,rejected,290,0.2040337324142456,1.0,True
3,1,0.3093000054359436,rejected,291,0.2093500792980194,1.0,True
3,1,0.3093000054359436,rejected,292,0.20646876096725464,1.0,True
3,1,0.3093000054359436,rejected,293,0.21991904079914093,1.0,True
3,1,0.3093000054359436,rejected,294,0.19731920957565308,1.0,True
3,1,0.3093000054359436,rejected,295,0.20462924242019653,1.0,True
3,1,0.3093000054359436,rejected,296,0.1950620412826538,1.0,True
3,1,0.3093000054359436,rejected,297,0.19401715695858002,1.0,True
3,1,0.3093000054359436,rejected,298,0.2186433970928192,1.0,True
3,1,0.3093000054359436,rejected,299,0.11146442592144012,1.0,True
3,1,0.3093000054359436,rejected,300,0.2008620649576187,1.0,True
3,1,0.3093000054359436,rejected,301,0.21053214371204376,1.0,True
3,1,0.3093000054359436,rejected,302,0.20747461915016174,1.0,True
3,1,0.3093000054359436,rejected,303,0.18849818408489227,1.0,True
3,1,0.3093000054359436,rejected,304,0.1906219720840454,1.0,False
3,1,0.3093000054359436,rejected,305,0.20635221898555756,1.0,True
3,1,0.3093000054359436,rejected,306,0.20561516284942627,1.0,True
3,1,0.3093000054359436,rejected,307,0.20095326006412506,1.0,True
3,1,0.3093000054359436,rejected,308,0.1954590529203415,1.0,True
3,1,0.3093000054359436,rejected,309,0.20546463131904602,1.0,True
3,1,0.3093000054359436,rejected,310,0.21449707448482513,1.0,True
3,1,0.3093000054359436,rejected,311,0.2180461883544922,1.0,True
3,1,0.3093000054359436,rejected,312,0.21099525690078735,1.0,True
3,1,0.3093000054359436,rejected,313,0.20612956583499908,1.0,True
3,1,0.3093000054359436,rejected,314,0.19267188012599945,1.0,False
3,1,0.3093000054359436,rejected,315,0.19753237068653107,1.0,True
3,1,0.3093000054359436,rejected,316,0.21905244886875153,1.0,True
3,1,0.3093000054359436,rejected,317,0.1959480494260788,1.0,True
3,1,0.3093000054359436,rejected,318,0.20683057606220245,1.0,True
3,1,0.3093000054359436,rejected,319,0.20074333250522614,1.0,True
3,1,0.3093000054359436,rejected,320,0.21443571150302887,1.0,True
3,1,0.3093000054359436,rejected,321,0.20043954253196716,1.0,True
3,1,0.3093000054359436,rejected,322,0.16240637004375458,1.0,True
3,1,0.3093000054359436,rejected,323,0.20972496271133423,1.0,True
3,1,0.3093000054359436,rejected,324,0.20718830823898315,1.0,True
3,1,0.3093000054359436,rejected,325,0.1716374158859253,1.0,True
3,1,0.3093000054359436,rejected,326,0.20077933371067047,1.0,True
3,1,0.3093000054359436,rejected,327,0.19361495971679688,1.0,True
3,1,0.3093000054359436,rejected,328,0.19366371631622314,1.0,True
3,1,0.3093000054359436,rejected,329,0.19772157073020935,1.0,True
3,1,0.3093000054359436,rejected,330,0.18842054903507233,1.0,True
3,1,0.3093000054359436,rejected,331,0.21421822905540466,1.0,True
3,1,0.3093000054359436,rejected,332,0.20030654966831207,1.0,True
3,1,0.3093000054359436,rejected,333,0.21332283318042755,1.0,True
3,1,0.3093000054359436,rejected,334,0.2077367603778839,1.0,True
3,1,0.3093000054359436,rejected,335,0.2027720957994461,1.0,True
3,1,0.3093000054359436,rejected,336,0.19465692341327667,1.0,True
3,1,0.3093000054359436,rejected,337,0.1739855259656906,1.0,True
3,1,0.3093000054359436,rejected,338,0.21235990524291992,1.0,True
3,1,0.3093000054359436,rejected,339,0.19583596289157867,1.0,True
3,1,0.3093000054359436,rejected,340,0.21771124005317688,1.0,True
3,1,0.3093000054359436,rejected,341,0.19369621574878693,1.0,True
3,1,0.3093000054359436,rejected,342,0.2102007120847702,1.0,True
3,1,0.3093000054359436,rejected,343,0.2115917056798935,1.0,True
3,1,0.3093000054359436,rejected,344,0.21299678087234497,1.0,True
3,1,0.3093000054359436,rejected,345,0.20435386896133423,1.0,True
3,1,0.3093000054359436,rejected,346,0.20601636171340942,1.0,True
3,1,0.3093000054359436,rejected,347,0.20504963397979736,1.0,True
3,1,0.3093000054359436,rejected,348,0.2045816332101822,1.0,True
3,1,0.3093000054359436,rejected,349,0.2070239782333374,1.0,True
3,1,0.3093000054359436,rejected,350,0.21651199460029602,1.0,True
3,1,0.3093000054359436,rejected,351,0.20192070305347443,1.0,False
3,1,0.3093000054359436,rejected,352,0.2168268859386444,1.0,True
3,1,0.3093000054359436,rejected,353,0.21826837956905365,1.0,True
3,1,0.3093000054359436,rejected,354,0.19739073514938354,1.0,True
3,1,0.3093000054359436,rejected,355,0.17504870891571045,1.0,True
3,1,0.3093000054359436,rejected,356,0.14268213510513306,1.0,True
3,1,0.3093000054359436,rejected,357,0.19467847049236298,1.0,True
3,1,0.3093000054359436,rejected,358,0.20624203979969025,1.0,True
3,1,0.3093000054359436,rejected,359,0.1758880764245987,1.0,True
3,1,0.3093000054359436,rejected,360,0.22052724659442902,1.0,True
3,1,0.3093000054359436,rejected,361,0.20616337656974792,1.0,True
3,1,0.3093000054359436,rejected,362,0.18971951305866241,1.0,True
3,1,0.3093000054359436,rejected,363,0.18617139756679535,1.0,True
3,1,0.3093000054359436,rejected,364,0.21900400519371033,1.0,True
3,1,0.3093000054359436,rejected,365,0.2005825787782669,1.0,True
3,1,0.3093000054359436,rejected,366,0.21311137080192566,1.0,True
3,1,0.3093000054359436,rejected,367,0.2180079221725464,1.0,True
3,1,0.3093000054359436,rejected,368,0.2158069759607315,1.0,True
3,1,0.3093000054359436,rejected,369,0.1966954469680786,1.0,True
3,1,0.3093000054359436,rejected,370,0.21830503642559052,1.0,True
3,1,0.3093000054359436,rejected,371,0.2142827957868576,1.0,True
3,1,0.3093000054359436,rejected,372,0.22745899856090546,1.0,True
3,1,0.3093000054359436,rejected,373,0.2150312215089798,1.0,True
3,1,0.3093000054359436,rejected,374,0.22218652069568634,1.0,True
3,1,0.3093000054359436,rejected,375,0.21921797096729279,1.0,True
3,1,0.3093000054359436,rejected,376,0.2153308391571045,1.0,True
3,1,0.3093000054359436,rejected,377,0.20720648765563965,1.0,True
3,1,0.3093000054359436,rejected,378,0.21273043751716614,1.0,True
3,1,0.3093000054359436,rejected,379,0.21464768052101135,1.0,True
3,1,0.3093000054359436,rejected,380,0.20323596894741058,1.0,True
3,1,0.3093000054359436,rejected,381,0.22749803960323334,1.0,True
3,1,0.3093000054359436,rejected,382,0.21278318762779236,1.0,True
3,1,0.3093000054359436,rejected,383,0.20881330966949463,1.0,True
3,1,0.3093000054359436,rejected,384,0.14131709933280945,1.0,True
3,1,0.3093000054359436,rejected,385,0.20791909098625183,1.0,True
3,1,0.3093000054359436,rejected,386,0.20723731815814972,1.0,True
3,1,0.3093000054359436,rejected,387,0.2147582620382309,1.0,True
3,1,0.3093000054359436,rejected,388,0.20681321620941162,1.0,True
3,1,0.3093000054359436,rejected,389,0.2150944024324417,1.0,True
3,1,0.3093000054359436,rejected,390,0.2244756519794464,1.0,True
3,1,0.3093000054359436,rejected,391,0.20237953960895538,1.0,True
3,1,0.3093000054359436,rejected,392,0.2225419282913208,1.0,True
3,1,0.3093000054359436,rejected,393,0.21684177219867706,1.0,True
3,1,0.3093000054359436,rejected,394,0.20819132030010223,1.0,True
3,1,0.3093000054359436,rejected,395,0.20823818445205688,1.0,True
3,1,0.3093000054359436,rejected,396,0.20878304541110992,1.0,True
3,1,0.3093000054359436,rejected,397,0.21794390678405762,1.0,True
3,1,0.3093000054359436,rejected,398,0.21923553943634033,1.0,True
3,1,0.3093000054359436,rejected,399,0.2124028503894806,1.0,True
3,1,0.3093000054359436,rejected,400,0.2146403193473816,1.0,True
3,1,0.3093000054359436,rejected,401,0.21076679229736328,1.0,True
3,1,0.3093000054359436,rejected,402,0.21482953429222107,1.0,True
3,1,0.3093000054359436,rejected,403,0.19947463274002075,1.0,True
3,1,0.3093000054359436,rejected,404,0.11266566812992096,1.0,True
3,1,0.3093000054359436,rejected,405,0.21516333520412445,1.0,True
3,1,0.3093000054359436,rejected,406,0.19991494715213776,1.0,True
3,1,0.3093000054359436,rejected,407,0.22193831205368042,1.0,True
3,1,0.3093000054359436,rejected,408,0.2104470282793045,1.0,True
3,1,0.3093000054359436,rejected,409,0.208792582154274,1.0,True
3,1,0.3093000054359436,rejected,410,0.22256061434745789,1.0,True
3,1,0.3093000054359436,rejected,411,0.20307864248752594,1.0,True
3,1,0.3093000054359436,rejected,412,0.21190188825130463,1.0,True
3,1,0.3093000054359436,rejected,413,0.22393769025802612,1.0,True
3,1,0.3093000054359436,rejected,414,0.22394879162311554,1.0,True
3,1,0.3093000054359436,rejected,415,0.21772702038288116,1.0,True
3,1,0.3093000054359436,rejected,416,0.22470955550670624,1.0,True
3,1,0.3093000054359436,rejected,417,0.14498546719551086,1.0,True
3,1,0.3093000054359436,rejected,418,0.20932292938232422,1.0,True
3,1,0.3093000054359436,rejected,419,0.20245133340358734,1.0,True
3,1,0.3093000054359436,rejected,420,0.20500348508358002,1.0,True
3,1,0.3093000054359436,rejected,421,0.22067619860172272,1.0,True
3,1,0.3093000054359436,rejected,422,0.2062373161315918,1.0,True
3,1,0.3093000054359436,rejected,423,0.22376519441604614,1.0,True
3,1,0.3093000054359436,rejected,424,0.2307801991701126,1.0,True
3,1,0.3093000054359436,rejected,425,0.2031499296426773,1.0,True
3,1,0.3093000054359436,rejected,426,0.22292087972164154,1.0,True
3,1,0.3093000054359436,rejected,427,0.2194145768880844,1.0,True
3,1,0.3093000054359436,rejected,428,0.20841698348522186,1.0,True
3,1,0.3093000054359436,rejected,429,0.2290419191122055,1.0,True
3,1,0.3093000054359436,rejected,430,0.21962226927280426,1.0,True
3,1,0.3093000054359436,rejected,431,0.23137874901294708,1.0,True
3,1,0.3093000054359436,rejected,432,0.19938866794109344,1.0,True
3,1,0.3093000054359436,rejected,433,0.22180458903312683,1.0,True
3,1,0.3093000054359436,rejected,434,0.21537847816944122,1.0,True
3,1,0.3093000054359436,rejected,435,0.2144414335489273,1.0,True
3,1,0.3093000054359436,rejected,436,0.22053398191928864,1.0,True
3,1,0.3093000054359436,rejected,437,0.22347941994667053,1.0,True
3,1,0.3093000054359436,rejected,438,0.22219330072402954,1.0,True
3,1,0.3093000054359436,rejected,439,0.19784757494926453,1.0,True
3,1,0.3093000054359436,rejected,440,0.21224895119667053,1.0,True
3,1,0.3093000054359436,rejected,441,0.19719204306602478,1.0,True
3,1,0.3093000054359436,rejected,442,0.22173605859279633,1.0,True
3,1,0.3093000054359436,rejected,443,0.20862221717834473,1.0,True
3,1,0.3093000054359436,rejected,444,0.22348028421401978,1.0,True
3,1,0.3093000054359436,rejected,445,0.21019190549850464,1.0,True
3,1,0.3093000054359436,rejected,446,0.23495161533355713,1.0,True
3,1,0.3093000054359436,rejected,447,0.21596838533878326,1.0,True
3,1,0.3093000054359436,rejected,448,0.21436619758605957,1.0,True
3,1,0.3093000054359436,rejected,449,0.22536282241344452,1.0,True
3,1,0.3093000054359436,rejected,450,0.21616703271865845,1.0,True
3,1,0.3093000054359436,rejected,451,0.2180744707584381,1.0,True
3,1,0.3093000054359436,rejected,452,0.22163119912147522,1.0,True
3,1,0.3093000054359436,rejected,453,0.2242095172405243,1.0,True
3,1,0.3093000054359436,rejected,454,0.21933841705322266,1.0,True
3,1,0.3093000054359436,rejected,455,0.1996207982301712,1.0,True
3,1,0.3093000054359436,rejected,456,0.22044146060943604,1.0,True
3,1,0.3093000054359436,rejected,457,0.22898776829242706,1.0,True
3,1,0.3093000054359436,rejected,458,0.22448164224624634,1.0,True
3,1,0.3093000054359436,rejected,459,0.2144136279821396,1.0,True
3,1,0.3093000054359436,rejected,460,0.20969057083129883,1.0,True
3,1,0.3093000054359436,rejected,461,0.21829253435134888,1.0,True
3,1,0.3093000054359436,rejected,462,0.20998592674732208,1.0,True
3,1,0.3093000054359436,rejected,463,0.2099178582429886,1.0,True
3,1,0.3093000054359436,rejected,464,0.20808333158493042,1.0,True
3,1,0.3093000054359436,rejected,465,0.21379372477531433,1.0,True
3,1,0.3093000054359436,rejected,466,0.2233123928308487,1.0,True
3,1,0.3093000054359436,rejected,467,0.21656237542629242,1.0,True
3,1,0.3093000054359436,rejected,468,0.20562301576137543,1.0,True
3,1,0.3093000054359436,rejected,469,0.22923333942890167,1.0,True
3,1,0.3093000054359436,rejected,470,0.19914847612380981,1.0,True
3,1,0.3093000054359436,rejected,471,0.22107474505901337,1.0,True
3,1,0.3093000054359436,rejected,472,0.2174248993396759,1.0,True
3,1,0.3093000054359436,rejected,473,0.21893218159675598,1.0,True
3,1,0.3093000054359436,rejected,474,0.22590766847133636,1.0,True
3,1,0.3093000054359436,rejected,475,0.2061578780412674,1.0,True
3,1,0.3093000054359436,rejected,476,0.23848320543766022,1.0,True
3,1,0.3093000054359436,rejected,477,0.20245365798473358,1.0,True
3,1,0.3093000054359436,rejected,478,0.20970414578914642,1.0,True
3,1,0.3093000054359436,rejected,479,0.2214587926864624,1.0,True
3,1,0.3093000054359436,rejected,480,0.2113061547279358,1.0,True
3,1,0.3093000054359436,rejected,481,0.22789932787418365,1.0,True
3,1,0.3093000054359436,rejected,482,0.1915045976638794,1.0,True
3,1,0.3093000054359436,rejected,483,0.2216058373451233,1.0,True
3,1,0.3093000054359436,rejected,484,0.21837249398231506,1.0,True
3,1,0.3093000054359436,rejected,485,0.19837583601474762,1.0,True
3,1,0.3093000054359436,rejected,486,0.22706106305122375,1.0,True
3,1,0.3093000054359436,rejected,487,0.20801745355129242,1.0,True
3,1,0.3093000054359436,rejected,488,0.2149205207824707,1.0,True
3,1,0.3093000054359436,rejected,489,0.21415777504444122,1.0,True
3,1,0.3093000054359436,rejected,490,0.21823424100875854,1.0,True
3,1,0.3093000054359436,rejected,491,0.23483511805534363,1.0,True
3,1,0.3093000054359436,rejected,492,0.2180054485797882,1.0,True
3,1,0.3093000054359436,rejected,493,0.21921294927597046,1.0,True
3,1,0.3093000054359436,rejected,494,0.2060619592666626,1.0,True
3,1,0.3093000054359436,rejected,495,0.22183842957019806,1.0,True
3,1,0.3093000054359436,rejected,496,0.21526266634464264,1.0,True
3,1,0.3093000054359436,rejected,497,0.20860470831394196,1.0,True
3,1,0.3093000054359436,rejected,498,0.21307072043418884,1.0,True
3,1,0.3093000054359436,rejected,499,0.19699355959892273,1.0,False
3,1,0.3093000054359436,rejected,500,0.21777352690696716,1.0,True
3,2,0.2738099992275238,rejected,1,0.15197084844112396,1.0,False
3,2,0.2738099992275238,rejected,2,0.15253683924674988,1.0,True
3,2,0.2738099992275238,rejected,3,0.15667295455932617,1.0,True
3,2,0.2738099992275238,rejected,4,0.16783854365348816,1.0,True
3,2,0.2738099992275238,rejected,5,0.1624954491853714,1.0,True
3,2,0.2738099992275238,rejected,6,0.17007465660572052,1.0,True
3,2,0.2738099992275238,rejected,7,0.16221581399440765,1.0,True
3,2,0.2738099992275238,rejected,8,0.15777470171451569,1.0,True
3,2,0.2738099992275238,rejected,9,0.1564943492412567,1.0,True
3,2,0.2738099992275238,rejected,10,0.15497884154319763,1.0,True
3,2,0.2738099992275238,rejected,11,0.14632576704025269,1.0,True
3,2,0.2738099992275238,rejected,12,0.15114784240722656,1.0,True
3,2,0.2738099992275238,rejected,13,0.150477334856987,1.0,True
3,2,0.2738099992275238,rejected,14,0.1609230488538742,1.0,True
3,2,0.2738099992275238,rejected,15,0.15736296772956848,1.0,True
3,2,0.2738099992275238,rejected,16,0.15790054202079773,1.0,True
3,2,0.2738099992275238,rejected,17,0.17975082993507385,1.0,True
3,2,0.2738099992275238,rejected,18,0.1909339725971222,1.0,True
3,2,0.2738099992275238,rejected,19,0.18452028930187225,1.0,True
3,2,0.2738099992275238,rejected,20,0.1882091760635376,1.0,True
3,2,0.2738099992275238,rejected,21,0.17157572507858276,1.0,True
3,2,0.2738099992275238,rejected,22,0.19639836251735687,1.0,True
3,2,0.2738099992275238,rejected,23,0.17806443572044373,1.0,True
3,2,0.2738099992275238,rejected,24,0.19566775858402252,1.0,True
3,2,0.2738099992275238,rejected,25,0.21408711373806,1.0,True
3,2,0.2738099992275238,rejected,26,0.2069566547870636,1.0,True
3,2,0.2738099992275238,rejected,27,0.21986325085163116,1.0,True
3,2,0.2738099992275238,rejected,28,0.22219161689281464,1.0,True
3,2,0.2738099992275238,rejected,29,0.23919111490249634,1.0,True
3,2,0.2738099992275238,rejected,30,0.23318369686603546,1.0,True
3,2,0.2738099992275238,rejected,31,0.251164048910141,1.0,True
3,2,0.2738099992275238,rejected,32,0.2627040445804596,1.0,True
3,2,0.2738099992275238,rejected,33,0.24588081240653992,1.0,True
3,2,0.2738099992275238,rejected,34,0.25073421001434326,1.0,True
3,2,0.2738099992275238,rejected,35,0.2535654604434967,1.0,True
3,2,0.2738099992275238,rejected,36,0.2597702741622925,1.0,True
3,2,0.2738099992275238,rejected,37,0.24212144315242767,1.0,True
3,2,0.2738099992275238,rejected,38,0.2502478361129761,1.0,True
3,2,0.2738099992275238,rejected,39,0.258624792098999,1.0,True
3,2,0.2738099992275238,rejected,40,0.26779040694236755,1.0,True
3,2,0.2738099992275238,rejected,41,0.27092069387435913,1.0,True
3,2,0.2738099992275238,rejected,42,0.2611065208911896,1.0,True
3,2,0.2738099992275238,rejected,43,0.2724800109863281,1.0,True
3,2,0.2738099992275238,rejected,44,0.261650413274765,1.0,True
3,2,0.2738099992275238,rejected,45,0.26842349767684937,1.0,True
3,2,0.2738099992275238,rejected,46,0.2540781497955322,1.0,True
3,2,0.2738099992275238,rejected,47,0.26249217987060547,1.0,True
3,2,0.2738099992275238,rejected,48,0.275790810585022,1.0,True
3,2,0.2738099992275238,rejected,49,0.26411885023117065,1.0,True
3,2,0.2738099992275238,rejected,50,0.28305783867836,1.0,True
3,2,0.2738099992275238,rejected,51,0.27885445952415466,1.0,True
3,2,0.2738099992275238,rejected,52,0.27648234367370605,1.0,True
3,2,0.2738099992275238,rejected,53,0.28155553340911865,1.0,True
3,2,0.2738099992275238,rejected,54,0.28470659255981445,1.0,True
3,2,0.2738099992275238,rejected,55,0.27552056312561035,1.0,True
3,2,0.2738099992275238,rejected,56,0.29187822341918945,1.0,True
3,2,0.2738099992275238,rejected,57,0.26825153827667236,1.0,True
3,2,0.2738099992275238,rejected,58,0.2940216064453125,1.0,True
3,2,0.2738099992275238,rejected,59,0.2980383634567261,1.0,True
3,2,0.2738099992275238,rejected,60,0.29485616087913513,1.0,True
3,2,0.2738099992275238,rejected,61,0.2990872859954834,1.0,True
3,2,0.2738099992275238,rejected,62,0.30338841676712036,1.0,True
3,2,0.2738099992275238,rejected,63,0.3049740493297577,1.0,True
3,2,0.2738099992275238,rejected,64,0.30393749475479126,1.0,False
3,2,0.2738099992275238,rejected,65,0.2953092157840729,1.0,True
3,2,0.2738099992275238,rejected,66,0.290465384721756,1.0,True
3,2,0.2738099992275238,rejected,67,0.2957618534564972,1.0,True
3,2,0.2738099992275238,rejected,68,0.3002831041812897,1.0,True
3,2,0.2738099992275238,rejected,69,0.29500970244407654,1.0,True
3,2,0.2738099992275238,rejected,70,0.29540443420410156,1.0,True
3,2,0.2738099992275238,rejected,71,0.2913559377193451,1.0,True
3,2,0.2738099992275238,rejected,72,0.3001525402069092,1.0,True
3,2,0.2738099992275238,rejected,73,0.30469903349876404,1.0,True
3,2,0.2738099992275238,rejected,74,0.31055521965026855,1.0,True
3,2,0.2738099992275238,rejected,75,0.29786217212677,1.0,True
3,2,0.2738099992275238,rejected,76,0.31321609020233154,1.0,True
3,2,0.2738099992275238,rejected,77,0.3027617931365967,1.0,True
3,2,0.2738099992275238,rejected,78,0.3041102886199951,1.0,True
3,2,0.2738099992275238,rejected,79,0.29946744441986084,1.0,True
3,2,0.2738099992275238,rejected,80,0.30529123544692993,1.0,True
3,2,0.2738099992275238,rejected,81,0.3008546531200409,1.0,True
3,2,0.2738099992275238,rejected,82,0.3083771765232086,1.0,True
3,2,0.2738099992275238,rejected,83,0.29910042881965637,1.0,True
3,2,0.2738099992275238,rejected,84,0.30145031213760376,1.0,True
3,2,0.2738099992275238,rejected,85,0.30416250228881836,1.0,True
3,2,0.2738099992275238,rejected,86,0.3150002360343933,1.0,True
3,2,0.2738099992275238,rejected,87,0.3177397847175598,1.0,True
3,2,0.2738099992275238,rejected,88,0.3066088855266571,1.0,True
3,2,0.2738099992275238,rejected,89,0.31183552742004395,1.0,True
3,2,0.2738099992275238,rejected,90,0.3050770163536072,1.0,True
3,2,0.2738099992275238,rejected,91,0.3157503306865692,1.0,True
3,2,0.2738099992275238,rejected,92,0.31658679246902466,1.0,True
3,2,0.2738099992275238,rejected,93,0.3068651258945465,1.0,True
3,2,0.2738099992275238,rejected,94,0.3112502098083496,1.0,True
3,2,0.2738099992275238,rejected,95,0.31340673565864563,1.0,True
3,2,0.2738099992275238,rejected,96,0.3149930238723755,1.0,True
3,2,0.2738099992275238,rejected,97,0.31513485312461853,1.0,True
3,2,0.2738099992275238,rejected,98,0.32854706048965454,1.0,True
3,2,0.2738099992275238,rejected,99,0.3177943229675293,1.0,True
3,2,0.2738099992275238,rejected,100,0.30861902236938477,1.0,True
3,2,0.2738099992275238,rejected,101,0.3208670914173126,1.0,True
3,2,0.2738099992275238,rejected,102,0.3227902352809906,1.0,True
3,2,0.2738099992275238,rejected,103,0.3218183219432831,1.0,True
3,2,0.2738099992275238,rejected,104,0.31815338134765625,1.0,True
3,2,0.2738099992275238,rejected,105,0.31730130314826965,1.0,True
3,2,0.2738099992275238,rejected,106,0.315288782119751,1.0,True
3,2,0.2738099992275238,rejected,107,0.3278271555900574,1.0,True
3,2,0.2738099992275238,rejected,108,0.31859543919563293,1.0,True
3,2,0.2738099992275238,rejected,109,0.32313889265060425,1.0,True
3,2,0.2738099992275238,rejected,110,0.338286429643631,1.0,True
3,2,0.2738099992275238,rejected,111,0.3236706256866455,1.0,True
3,2,0.2738099992275238,rejected,112,0.3320985436439514,1.0,True
3,2,0.2738099992275238,rejected,113,0.3078523576259613,1.0,True
3,2,0.2738099992275238,rejected,114,0.321448415517807,1.0,True
3,2,0.2738099992275238,rejected,115,0.3272474408149719,1.0,True
3,2,0.2738099992275238,rejected,116,0.32189077138900757,1.0,False
3,2,0.2738099992275238,rejected,117,0.32377496361732483,1.0,True
3,2,0.2738099992275238,rejected,118,0.31656864285469055,1.0,True
3,2,0.2738099992275238,rejected,119,0.3316573202610016,1.0,True
3,2,0.2738099992275238,rejected,120,0.32364222407341003,1.0,True
3,2,0.2738099992275238,rejected,121,0.32732483744621277,1.0,False
3,2,0.2738099992275238,rejected,122,0.31942540407180786,1.0,True
3,2,0.2738099992275238,rejected,123,0.3336884379386902,1.0,True
3,2,0.2738099992275238,rejected,124,0.3189760744571686,1.0,True
3,2,0.2738099992275238,rejected,125,0.34816309809684753,1.0,True
3,2,0.2738099992275238,rejected,126,0.33113017678260803,1.0,True
3,2,0.2738099992275238,rejected,127,0.3245082199573517,1.0,True
3,2,0.2738099992275238,rejected,128,0.33736374974250793,1.0,True
3,2,0.2738099992275238,rejected,129,0.321494996547699,1.0,True
3,2,0.2738099992275238,rejected,130,0.3401991128921509,1.0,True
3,2,0.2738099992275238,rejected,131,0.320895254611969,1.0,True
3,2,0.2738099992275238,rejected,132,0.3278646767139435,1.0,True
3,2,0.2738099992275238,rejected,133,0.3403107523918152,1.0,True
3,2,0.2738099992275238,rejected,134,0.332825243473053,1.0,True
3,2,0.2738099992275238,rejected,135,0.33261898159980774,1.0,True
3,2,0.2738099992275238,rejected,136,0.33328455686569214,1.0,True
3,2,0.2738099992275238,rejected,137,0.3246896266937256,1.0,True
3,2,0.2738099992275238,rejected,138,0.3280823826789856,1.0,True
3,2,0.2738099992275238,rejected,139,0.34563031792640686,1.0,True
3,2,0.2738099992275238,rejected,140,0.33847489953041077,1.0,True
3,2,0.2738099992275238,rejected,141,0.3361702859401703,1.0,True
3,2,0.2738099992275238,rejected,142,0.3302735984325409,1.0,True
3,2,0.2738099992275238,rejected,143,0.33523544669151306,1.0,True
3,2,0.2738099992275238,rejected,144,0.3216397762298584,1.0,True
3,2,0.2738099992275238,rejected,145,0.3367619812488556,1.0,True
3,2,0.2738099992275238,rejected,146,0.3305162191390991,1.0,True
3,2,0.2738099992275238,rejected,147,0.3158256411552429,1.0,True
3,2,0.2738099992275238,rejected,148,0.34045878052711487,1.0,True
3,2,0.2738099992275238,rejected,149,0.3294946551322937,1.0,True
3,2,0.2738099992275238,rejected,150,0.3414381444454193,1.0,True
3,2,0.2738099992275238,rejected,151,0.3306801915168762,1.0,True
3,2,0.2738099992275238,rejected,152,0.33052316308021545,1.0,True
3,2,0.2738099992275238,rejected,153,0.3323970139026642,1.0,True
3,2,0.2738099992275238,rejected,154,0.3316718637943268,1.0,True
3,2,0.2738099992275238,rejected,155,0.3354567587375641,1.0,True
3,2,0.2738099992275238,rejected,156,0.34502434730529785,1.0,True
3,2,0.2738099992275238,rejected,157,0.34116995334625244,1.0,True
3,2,0.2738099992275238,rejected,158,0.3448190689086914,1.0,True
3,2,0.2738099992275238,rejected,159,0.31700730323791504,1.0,True
3,2,0.2738099992275238,rejected,160,0.3471154570579529,1.0,True
3,2,0.2738099992275238,rejected,161,0.3473657965660095,1.0,False
3,2,0.2738099992275238,rejected,162,0.34737375378608704,1.0,True
3,2,0.2738099992275238,rejected,163,0.33083978295326233,1.0,True
3,2,0.2738099992275238,rejected,164,0.33291223645210266,1.0,True
3,2,0.2738099992275238,rejected,165,0.3418564796447754,1.0,True
3,2,0.2738099992275238,rejected,166,0.3522268533706665,1.0,True
3,2,0.2738099992275238,rejected,167,0.33639028668403625,1.0,True
3,2,0.2738099992275238,rejected,168,0.3485271632671356,1.0,True
3,2,0.2738099992275238,rejected,169,0.36445102095603943,1.0,True
3,2,0.2738099992275238,rejected,170,0.34540098905563354,1.0,False
3,2,0.2738099992275238,rejected,171,0.34271565079689026,1.0,True
3,2,0.2738099992275238,rejected,172,0.3206560015678406,1.0,True
3,2,0.2738099992275238,rejected,173,0.34798383712768555,1.0,True
3,2,0.2738099992275238,rejected,174,0.3404613733291626,1.0,True
3,2,0.2738099992275238,rejected,175,0.3407966196537018,1.0,True
3,2,0.2738099992275238,rejected,176,0.3450533151626587,1.0,True
3,2,0.2738099992275238,rejected,177,0.34855109453201294,1.0,True
3,2,0.2738099992275238,rejected,178,0.3529517948627472,1.0,True
3,2,0.2738099992275238,rejected,179,0.3303007185459137,1.0,True
3,2,0.2738099992275238,rejected,180,0.3406016528606415,1.0,True
3,2,0.2738099992275238,rejected,181,0.3516682982444763,1.0,True
3,2,0.2738099992275238,rejected,182,0.3529181182384491,1.0,True
3,2,0.2738099992275238,rejected,183,0.34886372089385986,1.0,True
3,2,0.2738099992275238,rejected,184,0.3514772057533264,1.0,True
3,2,0.2738099992275238,rejected,185,0.33022698760032654,1.0,True
3,2,0.2738099992275238,rejected,186,0.34202083945274353,1.0,True
3,2,0.2738099992275238,rejected,187,0.33528149127960205,1.0,True
3,2,0.2738099992275238,rejected,188,0.3492618501186371,1.0,True
3,2,0.2738099992275238,rejected,189,0.34416595101356506,1.0,True
3,2,0.2738099992275238,rejected,190,0.3393106460571289,1.0,True
3,2,0.2738099992275238,rejected,191,0.34379592537879944,1.0,True
3,2,0.2738099992275238,rejected,192,0.35644200444221497,1.0,True
3,2,0.2738099992275238,rejected,193,0.3617051839828491,1.0,True
3,2,0.2738099992275238,rejected,194,0.35090717673301697,1.0,True
3,2,0.2738099992275238,rejected,195,0.34664303064346313,1.0,True
3,2,0.2738099992275238,rejected,196,0.3456619679927826,1.0,True
3,2,0.2738099992275238,rejected,197,0.34180301427841187,1.0,False
3,2,0.2738099992275238,rejected,198,0.3343733549118042,1.0,True
3,2,0.2738099992275238,rejected,199,0.3267696499824524,1.0,True
3,2,0.2738099992275238,rejected,200,0.3598500192165375,1.0,True
3,2,0.2738099992275238,rejected,201,0.348654180765152,1.0,True
3,2,0.2738099992275238,rejected,202,0.3430517911911011,1.0,True
3,2,0.2738099992275238,rejected,203,0.3482082486152649,1.0,True
3,2,0.2738099992275238,rejected,204,0.35502392053604126,1.0,True
3,2,0.2738099992275238,rejected,205,0.35245126485824585,1.0,True
3,2,0.2738099992275238,rejected,206,0.3491419553756714,1.0,True
3,2,0.2738099992275238,rejected,207,0.350469708442688,1.0,True
3,2,0.2738099992275238,rejected,208,0.35815662145614624,1.0,True
3,2,0.2738099992275238,rejected,209,0.3492752015590668,1.0,True
3,2,0.2738099992275238,rejected,210,0.34241771697998047,1.0,True
3,2,0.2738099992275238,rejected,211,0.35396575927734375,1.0,True
3,2,0.2738099992275238,rejected,212,0.3524533212184906,1.0,True
3,2,0.2738099992275238,rejected,213,0.3368005156517029,1.0,True
3,2,0.2738099992275238,rejected,214,0.35032200813293457,1.0,True
3,2,0.2738099992275238,rejected,215,0.34389427304267883,1.0,True
3,2,0.2738099992275238,rejected,216,0.3509734272956848,1.0,True
3,2,0.2738099992275238,rejected,217,0.348532497882843,1.0,True
3,2,0.2738099992275238,rejected,218,0.3483504056930542,1.0,True
3,2,0.2738099992275238,rejected,219,0.34823548793792725,1.0,True
3,2,0.2738099992275238,rejected,220,0.3471478819847107,1.0,True
3,2,0.2738099992275238,rejected,221,0.3506850004196167,1.0,True
3,2,0.2738099992275238,rejected,222,0.3512433171272278,1.0,True
3,2,0.2738099992275238,rejected,223,0.35593995451927185,1.0,True
3,2,0.2738099992275238,rejected,224,0.3618832528591156,1.0,True
3,2,0.2738099992275238,rejected,225,0.35410621762275696,1.0,True
3,2,0.2738099992275238,rejected,226,0.36701250076293945,1.0,True
3,2,0.2738099992275238,rejected,227,0.34537726640701294,1.0,True
3,2,0.2738099992275238,rejected,228,0.35326966643333435,1.0,True
3,2,0.2738099992275238,rejected,229,0.3572131395339966,1.0,True
3,2,0.2738099992275238,rejected,230,0.35725194215774536,1.0,True
3,2,0.2738099992275238,rejected,231,0.3631880283355713,1.0,True
3,2,0.2738099992275238,rejected,232,0.3722045421600342,1.0,True
3,2,0.2738099992275238,rejected,233,0.36816301941871643,1.0,True
3,2,0.2738099992275238,rejected,234,0.35406026244163513,1.0,True
3,2,0.2738099992275238,rejected,235,0.3648175299167633,1.0,True
3,2,0.2738099992275238,rejected,236,0.34651216864585876,1.0,True
3,2,0.2738099992275238,rejected,237,0.35416969656944275,1.0,True
3,2,0.2738099992275238,rejected,238,0.3636878430843353,1.0,True
3,2,0.2738099992275238,rejected,239,0.3566562235355377,1.0,True
3,2,0.2738099992275238,rejected,240,0.3514885902404785,1.0,True
3,2,0.2738099992275238,rejected,241,0.35491490364074707,1.0,True
3,2,0.2738099992275238,rejected,242,0.35291004180908203,1.0,True
3,2,0.2738099992275238,rejected,243,0.35364386439323425,1.0,True
3,2,0.2738099992275238,rejected,244,0.3459812104701996,1.0,True
3,2,0.2738099992275238,rejected,245,0.36083558201789856,1.0,True
3,2,0.2738099992275238,rejected,246,0.36131906509399414,1.0,True
3,2,0.2738099992275238,rejected,247,0.37487056851387024,1.0,True
3,2,0.2738099992275238,rejected,248,0.33821484446525574,1.0,False
3,2,0.2738099992275238,rejected,249,0.3628231883049011,1.0,True
3,2,0.2738099992275238,rejected,250,0.3550787568092346,1.0,True
3,2,0.2738099992275238,rejected,251,0.3696759045124054,1.0,True
3,2,0.2738099992275238,rejected,252,0.34247517585754395,1.0,True
3,2,0.2738099992275238,rejected,253,0.37490347027778625,1.0,True
3,2,0.2738099992275238,rejected,254,0.36157000064849854,1.0,True
3,2,0.2738099992275238,rejected,255,0.35800841450691223,1.0,True
3,2,0.2738099992275238,rejected,256,0.36428073048591614,1.0,True
3,2,0.2738099992275238,rejected,257,0.36949893832206726,1.0,True
3,2,0.2738099992275238,rejected,258,0.3715987503528595,1.0,True
3,2,0.2738099992275238,rejected,259,0.3663075566291809,1.0,True
3,2,0.2738099992275238,rejected,260,0.36588022112846375,1.0,True
3,2,0.2738099992275238,rejected,261,0.36957716941833496,1.0,True
3,2,0.2738099992275238,rejected,262,0.34668469429016113,1.0,True
3,2,0.2738099992275238,rejected,263,0.3489129841327667,1.0,True
3,2,0.2738099992275238,rejected,264,0.3584806025028229,1.0,True
3,2,0.2738099992275238,rejected,265,0.36871397495269775,1.0,True
3,2,0.2738099992275238,rejected,266,0.36874493956565857,1.0,True
3,2,0.2738099992275238,rejected,267,0.35908761620521545,1.0,True
3,2,0.2738099992275238,rejected,268,0.3452935814857483,1.0,True
3,2,0.2738099992275238,rejected,269,0.3618839383125305,1.0,True
3,2,0.2738099992275238,rejected,270,0.3468242585659027,1.0,True
3,2,0.2738099992275238,rejected,271,0.3613969385623932,1.0,True
3,2,0.2738099992275238,rejected,272,0.3599907457828522,1.0,True
3,2,0.2738099992275238,rejected,273,0.3460148572921753,1.0,True
3,2,0.2738099992275238,rejected,274,0.36132803559303284,1.0,True
3,2,0.2738099992275238,rejected,275,0.34838229417800903,1.0,True
3,2,0.2738099992275238,rejected,276,0.3535042405128479,1.0,True
3,2,0.2738099992275238,rejected,277,0.34709426760673523,1.0,True
3,2,0.2738099992275238,rejected,278,0.3655391335487366,1.0,True
3,2,0.2738099992275238,rejected,279,0.35557350516319275,1.0,True
3,2,0.2738099992275238,rejected,280,0.3756084740161896,1.0,True
3,2,0.2738099992275238,rejected,281,0.3587973117828369,1.0,True
3,2,0.2738099992275238,rejected,282,0.3607076108455658,1.0,True
3,2,0.2738099992275238,rejected,283,0.3782144784927368,1.0,False
3,2,0.2738099992275238,rejected,284,0.3685508668422699,1.0,True
3,2,0.2738099992275238,rejected,285,0.3730616867542267,1.0,True
3,2,0.2738099992275238,rejected,286,0.3700794577598572,1.0,True
3,2,0.2738099992275238,rejected,287,0.352721631526947,1.0,True
3,2,0.2738099992275238,rejected,288,0.35452181100845337,1.0,True
3,2,0.2738099992275238,rejected,289,0.3662300109863281,1.0,True
3,2,0.2738099992275238,rejected,290,0.3639543056488037,1.0,True
3,2,0.2738099992275238,rejected,291,0.3604339063167572,1.0,True
3,2,0.2738099992275238,rejected,292,0.37096989154815674,1.0,True
3,2,0.2738099992275238,rejected,293,0.3708270192146301,1.0,True
3,2,0.2738099992275238,rejected,294,0.3642856180667877,1.0,True
3,2,0.2738099992275238,rejected,295,0.37342047691345215,1.0,True
3,2,0.2738099992275238,rejected,296,0.37589946389198303,1.0,True
3,2,0.2738099992275238,rejected,297,0.38173815608024597,1.0,True
3,2,0.2738099992275238,rejected,298,0.36247938871383667,1.0,True
3,2,0.2738099992275238,rejected,299,0.3667494058609009,1.0,True
3,2,0.2738099992275238,rejected,300,0.36721137166023254,1.0,True
3,2,0.2738099992275238,rejected,301,0.3643043637275696,1.0,True
3,2,0.2738099992275238,rejected,302,0.3718312978744507,1.0,True
3,2,0.2738099992275238,rejected,303,0.36661720275878906,1.0,True
3,2,0.2738099992275238,rejected,304,0.3584108352661133,1.0,True
3,2,0.2738099992275238,rejected,305,0.3663753271102905,1.0,True
3,2,0.2738099992275238,rejected,306,0.3670482039451599,1.0,True
3,2,0.2738099992275238,rejected,307,0.3555586040019989,1.0,True
3,2,0.2738099992275238,rejected,308,0.3660798668861389,1.0,True
3,2,0.2738099992275238,rejected,309,0.37130260467529297,1.0,True
3,2,0.2738099992275238,rejected,310,0.3640848696231842,1.0,True
3,2,0.2738099992275238,rejected,311,0.36378636956214905,1.0,True
3,2,0.2738099992275238,rejected,312,0.361184686422348,1.0,True
3,2,0.2738099992275238,rejected,313,0.3697943687438965,1.0,True
3,2,0.2738099992275238,rejected,314,0.36547496914863586,1.0,True
3,2,0.2738099992275238,rejected,315,0.35674330592155457,1.0,True
3,2,0.2738099992275238,rejected,316,0.3622443974018097,1.0,True
3,2,0.2738099992275238,rejected,317,0.3712863028049469,1.0,True
3,2,0.2738099992275238,rejected,318,0.3783356845378876,1.0,True
3,2,0.2738099992275238,rejected,319,0.37081003189086914,1.0,True
3,2,0.2738099992275238,rejected,320,0.35649025440216064,1.0,True
3,2,0.2738099992275238,rejected,321,0.3666367828845978,1.0,True
3,2,0.2738099992275238,rejected,322,0.3688589036464691,1.0,True
3,2,0.2738099992275238,rejected,323,0.337355375289917,1.0,True
3,2,0.2738099992275238,rejected,324,0.36544641852378845,1.0,False
3,2,0.2738099992275238,rejected,325,0.3651210367679596,1.0,True
3,2,0.2738099992275238,rejected,326,0.3603610396385193,1.0,True
3,2,0.2738099992275238,rejected,327,0.36392655968666077,1.0,True
3,2,0.2738099992275238,rejected,328,0.35170993208885193,1.0,True
3,2,0.2738099992275238,rejected,329,0.35786640644073486,1.0,True
3,2,0.2738099992275238,rejected,330,0.3609471023082733,1.0,True
3,2,0.2738099992275238,rejected,331,0.35783639550209045,1.0,True
3,2,0.2738099992275238,rejected,332,0.35233768820762634,1.0,True
3,2,0.2738099992275238,rejected,333,0.36805349588394165,1.0,True
3,2,0.2738099992275238,rejected,334,0.35390231013298035,1.0,True
3,2,0.2738099992275238,rejected,335,0.37855440378189087,1.0,True
3,2,0.2738099992275238,rejected,336,0.38045015931129456,1.0,True
3,2,0.2738099992275238,rejected,337,0.37950435280799866,1.0,True
3,2,0.2738099992275238,rejected,338,0.34755799174308777,1.0,True
3,2,0.2738099992275238,rejected,339,0.37284544110298157,1.0,True
3,2,0.2738099992275238,rejected,340,0.372306764125824,1.0,True
3,2,0.2738099992275238,rejected,341,0.37915489077568054,1.0,True
3,2,0.2738099992275238,rejected,342,0.3644815683364868,1.0,True
3,2,0.2738099992275238,rejected,343,0.36624258756637573,1.0,True
3,2,0.2738099992275238,rejected,344,0.363619863986969,1.0,True
3,2,0.2738099992275238,rejected,345,0.374893456697464,1.0,False
3,2,0.2738099992275238,rejected,346,0.3672667145729065,1.0,True
3,2,0.2738099992275238,rejected,347,0.36476603150367737,1.0,True
3,2,0.2738099992275238,rejected,348,0.37625738978385925,1.0,True
3,2,0.2738099992275238,rejected,349,0.3760751485824585,1.0,True
3,2,0.2738099992275238,rejected,350,0.3748462498188019,1.0,True
3,2,0.2738099992275238,rejected,351,0.36915308237075806,1.0,True
3,2,0.2738099992275238,rejected,352,0.36932140588760376,1.0,True
3,2,0.2738099992275238,rejected,353,0.3757381737232208,1.0,True
3,2,0.2738099992275238,rejected,354,0.3739914298057556,1.0,True
3,2,0.2738099992275238,rejected,355,0.3880560100078583,1.0,True
3,2,0.2738099992275238,rejected,356,0.36454901099205017,1.0,True
3,2,0.2738099992275238,rejected,357,0.3684096038341522,1.0,True
3,2,0.2738099992275238,rejected,358,0.35904237627983093,1.0,True
3,2,0.2738099992275238,rejected,359,0.35862764716148376,1.0,True
3,2,0.2738099992275238,rejected,360,0.3684060871601105,1.0,True
3,2,0.2738099992275238,rejected,361,0.36568278074264526,1.0,True
3,2,0.2738099992275238,rejected,362,0.3735871911048889,1.0,True
3,2,0.2738099992275238,rejected,363,0.3600710928440094,1.0,True
3,2,0.2738099992275238,rejected,364,0.3603135943412781,1.0,True
3,2,0.2738099992275238,rejected,365,0.35707417130470276,1.0,True
3,2,0.2738099992275238,rejected,366,0.34888434410095215,1.0,True
3,2,0.2738099992275238,rejected,367,0.38145938515663147,1.0,True
3,2,0.2738099992275238,rejected,368,0.37688297033309937,1.0,True
3,2,0.2738099992275238,rejected,369,0.3728176951408386,1.0,True
3,2,0.2738099992275238,rejected,370,0.36563605070114136,1.0,False
3,2,0.2738099992275238,rejected,371,0.38130882382392883,1.0,True
3,2,0.2738099992275238,rejected,372,0.3749864399433136,1.0,True
3,2,0.2738099992275238,rejected,373,0.371182918548584,1.0,True
3,2,0.2738099992275238,rejected,374,0.3763628900051117,1.0,True
3,2,0.2738099992275238,rejected,375,0.3862070143222809,1.0,True
3,2,0.2738099992275238,rejected,376,0.3690897226333618,1.0,True
3,2,0.2738099992275238,rejected,377,0.3765474557876587,1.0,True
3,2,0.2738099992275238,rejected,378,0.37699440121650696,1.0,True
3,2,0.2738099992275238,rejected,379,0.371049165725708,1.0,True
3,2,0.2738099992275238,rejected,380,0.3860980272293091,1.0,True
3,2,0.2738099992275238,rejected,381,0.38582491874694824,1.0,True
3,2,0.2738099992275238,rejected,382,0.3684496581554413,1.0,True
3,2,0.2738099992275238,rejected,383,0.3690376281738281,1.0,True
3,2,0.2738099992275238,rejected,384,0.36624398827552795,1.0,True
3,2,0.2738099992275238,rejected,385,0.3893437683582306,1.0,True
3,2,0.2738099992275238,rejected,386,0.3754000663757324,1.0,True
3,2,0.2738099992275238,rejected,387,0.37229543924331665,1.0,True
3,2,0.2738099992275238,rejected,388,0.3700067400932312,1.0,True
3,2,0.2738099992275238,rejected,389,0.38783255219459534,1.0,True
3,2,0.2738099992275238,rejected,390,0.37441182136535645,1.0,True
3,2,0.2738099992275238,rejected,391,0.368272602558136,1.0,True
3,2,0.2738099992275238,rejected,392,0.35672155022621155,1.0,True
3,2,0.2738099992275238,rejected,393,0.36955955624580383,1.0,True
3,2,0.2738099992275238,rejected,394,0.3668270409107208,1.0,True
3,2,0.2738099992275238,rejected,395,0.38332292437553406,1.0,True
3,2,0.2738099992275238,rejected,396,0.3866640329360962,1.0,False
3,2,0.2738099992275238,rejected,397,0.3743061125278473,1.0,True
3,2,0.2738099992275238,rejected,398,0.36610499024391174,1.0,True
3,2,0.2738099992275238,rejected,399,0.3759876489639282,1.0,True
3,2,0.2738099992275238,rejected,400,0.36966603994369507,1.0,True
3,2,0.2738099992275238,rejected,401,0.3741305470466614,1.0,True
3,2,0.2738099992275238,rejected,402,0.37260159850120544,1.0,True
3,2,0.2738099992275238,rejected,403,0.3721030354499817,1.0,True
3,2,0.2738099992275238,rejected,404,0.3766724169254303,1.0,True
3,2,0.2738099992275238,rejected,405,0.37402209639549255,1.0,True
3,2,0.2738099992275238,rejected,406,0.36900946497917175,1.0,True
3,2,0.2738099992275238,rejected,407,0.38003239035606384,1.0,True
3,2,0.2738099992275238,rejected,408,0.3933768570423126,1.0,True
3,2,0.2738099992275238,rejected,409,0.3839309811592102,1.0,True
3,2,0.2738099992275238,rejected,410,0.3815692961215973,1.0,True
3,2,0.2738099992275238,rejected,411,0.3841682970523834,1.0,True
3,2,0.2738099992275238,rejected,412,0.38268736004829407,1.0,True
3,2,0.2738099992275238,rejected,413,0.3835254907608032,1.0,True
3,2,0.2738099992275238,rejected,414,0.37785106897354126,1.0,True
3,2,0.2738099992275238,rejected,415,0.3663977086544037,1.0,True
3,2,0.2738099992275238,rejected,416,0.38858407735824585,1.0,True
3,2,0.2738099992275238,rejected,417,0.3782195448875427,1.0,True
3,2,0.2738099992275238,rejected,418,0.3674362599849701,1.0,True
3,2,0.2738099992275238,rejected,419,0.3787197768688202,1.0,True
3,2,0.2738099992275238,rejected,420,0.36752739548683167,1.0,True
3,2,0.2738099992275238,rejected,421,0.37113410234451294,1.0,False
3,2,0.2738099992275238,rejected,422,0.3701373040676117,1.0,True
3,2,0.2738099992275238,rejected,423,0.38335657119750977,1.0,False
3,2,0.2738099992275238,rejected,424,0.36546453833580017,1.0,True
3,2,0.2738099992275238,rejected,425,0.37303465604782104,1.0,False
3,2,0.2738099992275238,rejected,426,0.3854152262210846,1.0,True
3,2,0.2738099992275238,rejected,427,0.3847886919975281,1.0,True
3,2,0.2738099992275238,rejected,428,0.38280779123306274,1.0,True
3,2,0.2738099992275238,rejected,429,0.3701147437095642,1.0,True
3,2,0.2738099992275238,rejected,430,0.37111711502075195,1.0,True
3,2,0.2738099992275238,rejected,431,0.38837364315986633,1.0,True
3,2,0.2738099992275238,rejected,432,0.3852638304233551,1.0,True
3,2,0.2738099992275238,rejected,433,0.37348031997680664,1.0,True
3,2,0.2738099992275238,rejected,434,0.3785710036754608,1.0,True
3,2,0.2738099992275238,rejected,435,0.36753159761428833,1.0,True
3,2,0.2738099992275238,rejected,436,0.37404921650886536,1.0,True
3,2,0.2738099992275238,rejected,437,0.3773936927318573,1.0,True
3,2,0.2738099992275238,rejected,438,0.380003422498703,1.0,True
3,2,0.2738099992275238,rejected,439,0.3781358599662781,1.0,True
3,2,0.2738099992275238,rejected,440,0.3856181800365448,1.0,True
3,2,0.2738099992275238,rejected,441,0.37621790170669556,1.0,True
3,2,0.2738099992275238,rejected,442,0.36903834342956543,1.0,True
3,2,0.2738099992275238,rejected,443,0.3920345902442932,1.0,True
3,2,0.2738099992275238,rejected,444,0.3801121413707733,1.0,True
3,2,0.2738099992275238,rejected,445,0.3705682158470154,1.0,True
3,2,0.2738099992275238,rejected,446,0.3778373897075653,1.0,True
3,2,0.2738099992275238,rejected,447,0.37144216895103455,1.0,True
3,2,0.2738099992275238,rejected,448,0.3863927125930786,1.0,True
3,2,0.2738099992275238,rejected,449,0.3880175054073334,1.0,True
3,2,0.2738099992275238,rejected,450,0.385964035987854,1.0,True
3,2,0.2738099992275238,rejected,451,0.37765365839004517,1.0,True
3,2,0.2738099992275238,rejected,452,0.366477370262146,1.0,True
3,2,0.2738099992275238,rejected,453,0.3837113380432129,1.0,True
3,2,0.2738099992275238,rejected,454,0.3704932928085327,1.0,True
3,2,0.2738099992275238,rejected,455,0.3689405024051666,1.0,True
3,2,0.2738099992275238,rejected,456,0.378805011510849,1.0,True
3,2,0.2738099992275238,rejected,457,0.37446609139442444,1.0,True
3,2,0.2738099992275238,rejected,458,0.3861134946346283,1.0,True
3,2,0.2738099992275238,rejected,459,0.38074633479118347,1.0,True
3,2,0.2738099992275238,rejected,460,0.37520748376846313,1.0,True
3,2,0.2738099992275238,rejected,461,0.3793385922908783,1.0,True
3,2,0.2738099992275238,rejected,462,0.3746704161167145,1.0,True
3,2,0.2738099992275238,rejected,463,0.35930135846138,1.0,True
3,2,0.2738099992275238,rejected,464,0.3826289772987366,1.0,True
3,2,0.2738099992275238,rejected,465,0.3672071695327759,1.0,True
3,2,0.2738099992275238,rejected,466,0.3836096227169037,1.0,True
3,2,0.2738099992275238,rejected,467,0.38424158096313477,1.0,True
3,2,0.2738099992275238,rejected,468,0.38029780983924866,1.0,True
3,2,0.2738099992275238,rejected,469,0.3990948498249054,1.0,False
3,2,0.2738099992275238,rejected,470,0.37753912806510925,1.0,True
3,2,0.2738099992275238,rejected,471,0.3595961332321167,1.0,True
3,2,0.2738099992275238,rejected,472,0.38285964727401733,1.0,True
3,2,0.2738099992275238,rejected,473,0.3765280246734619,1.0,True
3,2,0.2738099992275238,rejected,474,0.37773144245147705,1.0,True
3,2,0.2738099992275238,rejected,475,0.3880116045475006,1.0,True
3,2,0.2738099992275238,rejected,476,0.37599194049835205,1.0,True
3,2,0.2738099992275238,rejected,477,0.3788613975048065,1.0,True
3,2,0.2738099992275238,rejected,478,0.3777415454387665,1.0,True
3,2,0.2738099992275238,rejected,479,0.36597302556037903,1.0,True
3,2,0.2738099992275238,rejected,480,0.38776373863220215,1.0,True
3,2,0.2738099992275238,rejected,481,0.37351736426353455,1.0,True
3,2,0.2738099992275238,rejected,482,0.3906894624233246,1.0,True
3,2,0.2738099992275238,rejected,483,0.385392427444458,1.0,True
3,2,0.2738099992275238,rejected,484,0.38561081886291504,1.0,True
3,2,0.2738099992275238,rejected,485,0.37577757239341736,1.0,True
3,2,0.2738099992275238,rejected,486,0.3910234570503235,1.0,True
3,2,0.2738099992275238,rejected,487,0.3808480203151703,1.0,True
3,2,0.2738099992275238,rejected,488,0.37652087211608887,1.0,True
3,2,0.2738099992275238,rejected,489,0.3960646092891693,1.0,False
3,2,0.2738099992275238,rejected,490,0.3626280725002289,1.0,True
3,2,0.2738099992275238,rejected,491,0.39215949177742004,1.0,True
3,2,0.2738099992275238,rejected,492,0.3811023533344269,1.0,True
3,2,0.2738099992275238,rejected,493,0.3980093002319336,1.0,True
3,2,0.2738099992275238,rejected,494,0.38842329382896423,1.0,True
3,2,0.2738099992275238,rejected,495,0.3809134066104889,1.0,True
3,2,0.2738099992275238,rejected,496,0.39215874671936035,1.0,True
3,2,0.2738099992275238,rejected,497,0.369917094707489,1.0,False
3,2,0.2738099992275238,rejected,498,0.3827223777770996,1.0,True
3,2,0.2738099992275238,rejected,499,0.3746189773082733,1.0,True
3,2,0.2738099992275238,rejected,500,0.3785572946071625,1.0,True
3,3,0.2489670068025589,accepted,1,0.4070524275302887,1.0,False
3,3,0.2489670068025589,accepted,2,0.38314127922058105,1.0,True
3,3,0.2489670068025589,accepted,3,0.3959335684776306,1.0,True
3,3,0.2489670068025589,accepted,4,0.3794500529766083,1.0,True
3,3,0.2489670068025589,accepted,5,0.3973149359226227,1.0,True
3,3,0.2489670068025589,accepted,6,0.3940102756023407,1.0,True
3,3,0.2489670068025589,accepted,7,0.4011932909488678,1.0,True
3,3,0.2489670068025589,accepted,8,0.3994573652744293,1.0,True
3,3,0.2489670068025589,accepted,9,0.383762925863266,1.0,True
3,3,0.2489670068025589,accepted,10,0.36923089623451233,1.0,True
3,3,0.2489670068025589,accepted,11,0.36842575669288635,1.0,True
3,3,0.2489670068025589,accepted,12,0.3848888874053955,1.0,True
3,3,0.2489670068025589,accepted,13,0.3836805820465088,1.0,True
3,3,0.2489670068025589,accepted,14,0.40475618839263916,1.0,True
3,3,0.2489670068025589,accepted,15,0.41062742471694946,1.0,True
3,3,0.2489670068025589,accepted,16,0.4073196053504944,1.0,True
3,3,0.2489670068025589,accepted,17,0.42240461707115173,1.0,True
3,3,0.2489670068025589,accepted,18,0.42419862747192383,1.0,True
3,3,0.2489670068025589,accepted,19,0.43256068229675293,1.0,True
3,3,0.2489670068025589,accepted,20,0.43546339869499207,1.0,True
3,3,0.2489670068025589,accepted,21,0.4278564453125,1.0,True
3,3,0.2489670068025589,accepted,22,0.44558480381965637,1.0,True
3,3,0.2489670068025589,accepted,23,0.4478439688682556,1.0,True
3,3,0.2489670068025589,accepted,24,0.453983336687088,1.0,True
3,3,0.2489670068025589,accepted,25,0.45720332860946655,1.0,True
3,3,0.2489670068025589,accepted,26,0.4886465072631836,1.0,True
3,3,0.2489670068025589,accepted,27,0.49244141578674316,1.0,True
3,3,0.2489670068025589,accepted,28,0.49362069368362427,1.0,False
3,3,0.2489670068025589,accepted,29,0.4966806173324585,1.0,True
3,3,0.2489670068025589,accepted,30,0.4871608018875122,1.0,True
3,3,0.2489670068025589,accepted,31,0.49091842770576477,1.0,True
3,3,0.2489670068025589,accepted,32,0.49321457743644714,1.0,True
3,3,0.2489670068025589,accepted,33,0.4793437719345093,1.0,True
3,3,0.2489670068025589,accepted,34,0.48638832569122314,1.0,True
3,3,0.2489670068025589,accepted,35,0.49668392539024353,1.0,True
3,3,0.2489670068025589,accepted,36,0.4996985197067261,1.0,True
3,3,0.2489670068025589,accepted,37,0.4919795095920563,1.0,True
3,3,0.2489670068025589,accepted,38,0.5015619397163391,1.0,True
3,3,0.2489670068025589,accepted,39,0.5088068246841431,1.0,False
3,3,0.2489670068025589,accepted,40,0.5101259350776672,1.0,True
3,3,0.2489670068025589,accepted,41,0.4979155659675598,1.0,True
3,3,0.2489670068025589,accepted,42,0.5082922577857971,1.0,True
3,3,0.2489670068025589,accepted,43,0.5141568183898926,1.0,True
3,3,0.2489670068025589,accepted,44,0.5126957297325134,1.0,True
3,3,0.2489670068025589,accepted,45,0.5064728260040283,1.0,True
3,3,0.2489670068025589,accepted,46,0.5058467984199524,1.0,True
3,3,0.2489670068025589,accepted,47,0.5123506784439087,1.0,True
3,3,0.2489670068025589,accepted,48,0.5059022903442383,1.0,True
3,3,0.2489670068025589,accepted,49,0.5195235013961792,1.0,True
3,3,0.2489670068025589,accepted,50,0.5122959613800049,1.0,True
3,3,0.2489670068025589,accepted,51,0.5170845985412598,1.0,True
3,3,0.2489670068025589,accepted,52,0.5140788555145264,1.0,True
3,3,0.2489670068025589,accepted,53,0.5148035287857056,1.0,True
3,3,0.2489670068025589,accepted,54,0.532043993473053,1.0,True
3,3,0.2489670068025589,accepted,55,0.5134066939353943,1.0,True
3,3,0.2489670068025589,accepted,56,0.5199289321899414,1.0,True
3,3,0.2489670068025589,accepted,57,0.5163971781730652,1.0,True
3,3,0.2489670068025589,accepted,58,0.5187243819236755,1.0,True
3,3,0.2489670068025589,accepted,59,0.5289351344108582,1.0,True
3,3,0.2489670068025589,accepted,60,0.5202190279960632,1.0,True
3,3,0.2489670068025589,accepted,61,0.519675612449646,1.0,True
3,3,0.2489670068025589,accepted,62,0.5317842960357666,1.0,True
3,3,0.2489670068025589,accepted,63,0.5323058366775513,1.0,True
3,3,0.2489670068025589,accepted,64,0.5354467630386353,1.0,True
3,3,0.2489670068025589,accepted,65,0.5303276777267456,1.0,True
3,3,0.2489670068025589,accepted,66,0.5253437161445618,1.0,True
3,3,0.2489670068025589,accepted,67,0.5394579768180847,1.0,True
3,3,0.2489670068025589,accepted,68,0.5338289141654968,1.0,True
3,3,0.2489670068025589,accepted,69,0.527711808681488,1.0,True
3,3,0.2489670068025589,accepted,70,0.5342017412185669,1.0,True
3,3,0.2489670068025589,accepted,71,0.5384146571159363,1.0,True
3,3,0.2489670068025589,accepted,72,0.5260465741157532,1.0,True
3,3,0.2489670068025589,accepted,73,0.531305730342865,1.0,True
3,3,0.2489670068025589,accepted,74,0.5382087826728821,1.0,True
3,3,0.2489670068025589,accepted,75,0.5296999216079712,1.0,True
3,3,0.2489670068025589,accepted,76,0.5386077761650085,1.0,True
3,3,0.2489670068025589,accepted,77,0.5405260920524597,1.0,True
3,3,0.2489670068025589,accepted,78,0.5403910279273987,1.0,True
3,3,0.2489670068025589,accepted,79,0.5424501895904541,1.0,True
3,3,0.2489670068025589,accepted,80,0.5355677604675293,1.0,True
3,3,0.2489670068025589,accepted,81,0.53622967004776,1.0,True
3,3,0.2489670068025589,accepted,82,0.5421409606933594,1.0,True
3,3,0.2489670068025589,accepted,83,0.5394724011421204,1.0,True
3,3,0.2489670068025589,accepted,84,0.5485670566558838,1.0,True
3,3,0.2489670068025589,accepted,85,0.5347726345062256,1.0,True
3,3,0.2489670068025589,accepted,86,0.5313259959220886,1.0,True
3,3,0.2489670068025589,accepted,87,0.5368068218231201,1.0,True
3,3,0.2489670068025589,accepted,88,0.5410928726196289,1.0,True
3,3,0.2489670068025589,accepted,89,0.5458268523216248,1.0,True
3,3,0.2489670068025589,accepted,90,0.5457685589790344,1.0,True
3,3,0.2489670068025589,accepted,91,0.5453200936317444,1.0,True
3,3,0.2489670068025589,accepted,92,0.539913535118103,1.0,True
3,3,0.2489670068025589,accepted,93,0.5359979867935181,1.0,True
3,3,0.2489670068025589,accepted,94,0.5354238152503967,1.0,True
3,3,0.2489670068025589,accepted,95,0.5408586859703064,1.0,True
3,3,0.2489670068025589,accepted,96,0.5427844524383545,1.0,True
3,3,0.2489670068025589,accepted,97,0.5540660619735718,1.0,True
3,3,0.2489670068025589,accepted,98,0.5524799823760986,1.0,True
3,3,0.2489670068025589,accepted,99,0.5489768385887146,1.0,True
3,3,0.2489670068025589,accepted,100,0.5454797744750977,1.0,True
3,3,0.2489670068025589,accepted,101,0.5294620394706726,1.0,True
3,3,0.2489670068025589,accepted,102,0.5503869652748108,1.0,False
3,3,0.2489670068025589,accepted,103,0.545158326625824,1.0,True
3,3,0.2489670068025589,accepted,104,0.5489276051521301,1.0,True
3,3,0.2489670068025589,accepted,105,0.544348418712616,1.0,True
3,3,0.2489670068025589,accepted,106,0.5442160367965698,1.0,True
3,3,0.2489670068025589,accepted,107,0.5353972315788269,1.0,True
3,3,0.2489670068025589,accepted,108,0.5451297760009766,1.0,True
3,3,0.2489670068025589,accepted,109,0.5509084463119507,1.0,True
3,3,0.2489670068025589,accepted,110,0.5407348871231079,1.0,True
3,3,0.2489670068025589,accepted,111,0.5450517535209656,1.0,True
3,3,0.2489670068025589,accepted,112,0.5444698929786682,1.0,True
3,3,0.2489670068025589,accepted,113,0.5446205139160156,1.0,True
3,3,0.2489670068025589,accepted,114,0.5417941212654114,1.0,True
3,3,0.2489670068025589,accepted,115,0.5428590178489685,1.0,True
3,3,0.2489670068025589,accepted,116,0.5468710064888,1.0,False
3,3,0.2489670068025589,accepted,117,0.5308483839035034,1.0,True
3,3,0.2489670068025589,accepted,118,0.5382031202316284,1.0,True
3,3,0.2489670068025589,accepted,119,0.5474105477333069,1.0,True
3,3,0.2489670068025589,accepted,120,0.5433759689331055,1.0,True
3,3,0.2489670068025589,accepted,121,0.5555343627929688,1.0,True
3,3,0.2489670068025589,accepted,122,0.5395341515541077,1.0,True
3,3,0.2489670068025589,accepted,123,0.5572291016578674,1.0,True
3,3,0.2489670068025589,accepted,124,0.5493911504745483,1.0,True
3,3,0.2489670068025589,accepted,125,0.5465707182884216,1.0,True
3,3,0.2489670068025589,accepted,126,0.5511643290519714,1.0,True
3,3,0.2489670068025589,accepted,127,0.5374619364738464,1.0,True
3,3,0.2489670068025589,accepted,128,0.5465227365493774,1.0,True
3,3,0.2489670068025589,accepted,129,0.5537295937538147,1.0,True
3,3,0.2489670068025589,accepted,130,0.5497134327888489,1.0,True
3,3,0.2489670068025589,accepted,131,0.5506578683853149,1.0,True
3,3,0.2489670068025589,accepted,132,0.5496253967285156,1.0,False
3,3,0.2489670068025589,accepted,133,0.550737738609314,1.0,True
3,3,0.2489670068025589,accepted,134,0.5472148060798645,1.0,True
3,3,0.2489670068025589,accepted,135,0.551638126373291,1.0,True
3,3,0.2489670068025589,accepted,136,0.5520097017288208,1.0,True
3,3,0.2489670068025589,accepted,137,0.5616230964660645,1.0,True
3,3,0.2489670068025589,accepted,138,0.5456889271736145,1.0,True
3,3,0.2489670068025589,accepted,139,0.5562797784805298,1.0,True
3,3,0.2489670068025589,accepted,140,0.5505980253219604,1.0,True
3,3,0.2489670068025589,accepted,141,0.5471428036689758,1.0,True
3,3,0.2489670068025589,accepted,142,0.5484870076179504,1.0,True
3,3,0.2489670068025589,accepted,143,0.5444055199623108,1.0,True
3,3,0.2489670068025589,accepted,144,0.550560712814331,1.0,True
3,3,0.2489670068025589,accepted,145,0.5393211245536804,1.0,True
3,3,0.2489670068025589,accepted,146,0.5538964867591858,1.0,True
3,3,0.2489670068025589,accepted,147,0.544551432132721,1.0,True
3,3,0.2489670068025589,accepted,148,0.5538706183433533,1.0,True
3,3,0.2489670068025589,accepted,149,0.5519044399261475,1.0,True
3,3,0.2489670068025589,accepted,150,0.5597580075263977,1.0,True
3,3,0.2489670068025589,accepted,151,0.5565217137336731,1.0,True
3,3,0.2489670068025589,accepted,152,0.5602023005485535,1.0,True
3,3,0.2489670068025589,accepted,153,0.5488606095314026,1.0,True
3,3,0.2489670068025589,accepted,154,0.5652382373809814,1.0,True
3,3,0.2489670068025589,accepted,155,0.5411641001701355,1.0,True
3,3,0.2489670068025589,accepted,156,0.5610326528549194,1.0,True
3,3,0.2489670068025589,accepted,157,0.5604956746101379,1.0,True
3,3,0.2489670068025589,accepted,158,0.5576001405715942,1.0,False
3,3,0.2489670068025589,accepted,159,0.554030179977417,1.0,True
3,3,0.2489670068025589,accepted,160,0.5701964497566223,1.0,True
3,3,0.2489670068025589,accepted,161,0.5617676973342896,1.0,True
3,3,0.2489670068025589,accepted,162,0.556458592414856,1.0,True
3,3,0.2489670068025589,accepted,163,0.5519270896911621,1.0,True
3,3,0.2489670068025589,accepted,164,0.5558109879493713,1.0,True
3,3,0.2489670068025589,accepted,165,0.5528500080108643,1.0,True
3,3,0.2489670068025589,accepted,166,0.5619065165519714,1.0,True
3,3,0.2489670068025589,accepted,167,0.5713837146759033,1.0,True
3,3,0.2489670068025589,accepted,168,0.5592372417449951,1.0,True
3,3,0.2489670068025589,accepted,169,0.5535638332366943,1.0,True
3,3,0.2489670068025589,accepted,170,0.5476580262184143,1.0,True
3,3,0.2489670068025589,accepted,171,0.5500275492668152,1.0,True
3,3,0.2489670068025589,accepted,172,0.5562235116958618,1.0,True
3,3,0.2489670068025589,accepted,173,0.55304354429245,1.0,True
3,3,0.2489670068025589,accepted,174,0.5581886172294617,1.0,True
3,3,0.2489670068025589,accepted,175,0.5563206076622009,1.0,True
3,3,0.2489670068025589,accepted,176,0.5497580170631409,1.0,True
3,3,0.2489670068025589,accepted,177,0.5549349188804626,1.0,True
3,3,0.2489670068025589,accepted,178,0.5480075478553772,1.0,False
3,3,0.2489670068025589,accepted,179,0.5542457699775696,1.0,True
3,3,0.2489670068025589,accepted,180,0.5491548776626587,1.0,True
3,3,0.2489670068025589,accepted,181,0.5529676079750061,1.0,True
3,3,0.2489670068025589,accepted,182,0.5604246258735657,1.0,True
3,3,0.2489670068025589,accepted,183,0.5593428015708923,1.0,True
3,3,0.2489670068025589,accepted,184,0.5482689142227173,1.0,True
3,3,0.2489670068025589,accepted,185,0.5641148686408997,1.0,True
3,3,0.2489670068025589,accepted,186,0.5516024231910706,1.0,True
3,3,0.2489670068025589,accepted,187,0.5597355365753174,1.0,True
3,3,0.2489670068025589,accepted,188,0.5571695566177368,1.0,True
3,3,0.2489670068025589,accepted,189,0.549672544002533,1.0,True
3,3,0.2489670068025589,accepted,190,0.5695638656616211,1.0,True
3,3,0.2489670068025589,accepted,191,0.5603048801422119,1.0,True
3,3,0.2489670068025589,accepted,192,0.5588560104370117,1.0,True
3,3,0.2489670068025589,accepted,193,0.5606913566589355,1.0,True
3,3,0.2489670068025589,accepted,194,0.5543277263641357,1.0,True
3,3,0.2489670068025589,accepted,195,0.5377475619316101,1.0,True
3,3,0.2489670068025589,accepted,196,0.5576363205909729,1.0,True
3,3,0.2489670068025589,accepted,197,0.5539932250976562,1.0,True
3,3,0.2489670068025589,accepted,198,0.5687941908836365,1.0,True
3,3,0.2489670068025589,accepted,199,0.5543748140335083,1.0,True
3,3,0.2489670068025589,accepted,200,0.5562675595283508,1.0,True
3,3,0.2489670068025589,accepted,201,0.5646412968635559,1.0,True
3,3,0.2489670068025589,accepted,202,0.571830153465271,1.0,True
3,3,0.2489670068025589,accepted,203,0.5509189963340759,1.0,True
3,3,0.2489670068025589,accepted,204,0.5505943298339844,1.0,True
3,3,0.2489670068025589,accepted,205,0.5624008178710938,1.0,True
3,3,0.2489670068025589,accepted,206,0.5594276189804077,1.0,True
3,3,0.2489670068025589,accepted,207,0.5648362040519714,1.0,True
3,3,0.2489670068025589,accepted,208,0.5661607384681702,1.0,True
3,3,0.2489670068025589,accepted,209,0.5666901469230652,1.0,True
3,3,0.2489670068025589,accepted,210,0.5638825297355652,1.0,True
3,3,0.2489670068025589,accepted,211,0.5607448220252991,1.0,True
3,3,0.2489670068025589,accepted,212,0.5610871911048889,1.0,True
3,3,0.2489670068025589,accepted,213,0.564965546131134,1.0,True
3,3,0.2489670068025589,accepted,214,0.5598017573356628,1.0,True
3,3,0.2489670068025589,accepted,215,0.5644915699958801,1.0,True
3,3,0.2489670068025589,accepted,216,0.5654862523078918,1.0,True
3,3,0.2489670068025589,accepted,217,0.5616772174835205,1.0,False
3,3,0.2489670068025589,accepted,218,0.5633493065834045,1.0,True
3,3,0.2489670068025589,accepted,219,0.5511249303817749,1.0,True
3,3,0.2489670068025589,accepted,220,0.5579980611801147,1.0,True
3,3,0.2489670068025589,accepted,221,0.5593172311782837,1.0,True
3,3,0.2489670068025589,accepted,222,0.565056562423706,1.0,True
3,3,0.2489670068025589,accepted,223,0.550607442855835,1.0,True
3,3,0.2489670068025589,accepted,224,0.5568131804466248,1.0,True
3,3,0.2489670068025589,accepted,225,0.5632461905479431,1.0,True
3,3,0.2489670068025589,accepted,226,0.5554013848304749,1.0,True
3,3,0.2489670068025589,accepted,227,0.5640906691551208,1.0,True
3,3,0.2489670068025589,accepted,228,0.5740309953689575,1.0,True
3,3,0.2489670068025589,accepted,229,0.5594372749328613,1.0,True
3,3,0.2489670068025589,accepted,230,0.5635400414466858,1.0,True
3,3,0.2489670068025589,accepted,231,0.5650231838226318,1.0,True
3,3,0.2489670068025589,accepted,232,0.5617130398750305,1.0,True
3,3,0.2489670068025589,accepted,233,0.569176197052002,1.0,True
3,3,0.2489670068025589,accepted,234,0.5657052397727966,1.0,True
3,3,0.2489670068025589,accepted,235,0.5618990063667297,1.0,True
3,3,0.2489670068025589,accepted,236,0.5615288615226746,1.0,True
3,3,0.2489670068025589,accepted,237,0.5582290291786194,1.0,True
3,3,0.2489670068025589,accepted,238,0.5612771511077881,1.0,True
3,3,0.2489670068025589,accepted,239,0.5541992783546448,1.0,True
3,3,0.2489670068025589,accepted,240,0.5727607011795044,1.0,True
3,3,0.2489670068025589,accepted,241,0.5469711422920227,1.0,True
3,3,0.2489670068025589,accepted,242,0.5629696249961853,1.0,True
3,3,0.2489670068025589,accepted,243,0.5727088451385498,1.0,True
3,3,0.2489670068025589,accepted,244,0.5707693696022034,1.0,True
3,3,0.2489670068025589,accepted,245,0.564606785774231,1.0,True
3,3,0.2489670068025589,accepted,246,0.5702252984046936,1.0,True
3,3,0.2489670068025589,accepted,247,0.5684991478919983,1.0,True
3,3,0.2489670068025589,accepted,248,0.5559042692184448,1.0,True
3,3,0.2489670068025589,accepted,249,0.5669728517532349,1.0,True
3,3,0.2489670068025589,accepted,250,0.5684037208557129,1.0,False
3,3,0.2489670068025589,accepted,251,0.5720390677452087,1.0,True
3,3,0.2489670068025589,accepted,252,0.5669301152229309,1.0,True
3,3,0.2489670068025589,accepted,253,0.5685826539993286,1.0,True
3,3,0.2489670068025589,accepted,254,0.563535213470459,1.0,True
3,3,0.2489670068025589,accepted,255,0.5560400485992432,1.0,True
3,3,0.2489670068025589,accepted,256,0.573043167591095,1.0,True
3,3,0.2489670068025589,accepted,257,0.5577639937400818,1.0,True
3,3,0.2489670068025589,accepted,258,0.5746625661849976,1.0,True
3,3,0.2489670068025589,accepted,259,0.5659323930740356,1.0,True
3,3,0.2489670068025589,accepted,260,0.5738340020179749,1.0,True
3,3,0.2489670068025589,accepted,261,0.5804016590118408,1.0,True
3,3,0.2489670068025589,accepted,262,0.5721498131752014,1.0,True
3,3,0.2489670068025589,accepted,263,0.5685983896255493,1.0,True
3,3,0.2489670068025589,accepted,264,0.5695692896842957,1.0,True
3,3,0.2489670068025589,accepted,265,0.5651594996452332,1.0,True
3,3,0.2489670068025589,accepted,266,0.5634320378303528,1.0,True
3,3,0.2489670068025589,accepted,267,0.561018705368042,1.0,True
3,3,0.2489670068025589,accepted,268,0.5606774687767029,1.0,True
3,3,0.2489670068025589,accepted,269,0.5672610998153687,1.0,True
3,3,0.2489670068025589,accepted,270,0.5609694719314575,1.0,True
3,3,0.2489670068025589,accepted,271,0.5711096525192261,1.0,True
3,3,0.2489670068025589,accepted,272,0.5706654191017151,1.0,True
3,3,0.2489670068025589,accepted,273,0.5729787349700928,1.0,True
3,3,0.2489670068025589,accepted,274,0.5709751844406128,1.0,True
3,3,0.2489670068025589,accepted,275,0.5698550939559937,1.0,True
3,3,0.2489670068025589,accepted,276,0.571830153465271,1.0,True
3,3,0.2489670068025589,accepted,277,0.5605753660202026,1.0,True
3,3,0.2489670068025589,accepted,278,0.5707486867904663,1.0,False
3,3,0.2489670068025589,accepted,279,0.5712746977806091,1.0,True
3,3,0.2489670068025589,accepted,280,0.5664437413215637,1.0,True
3,3,0.2489670068025589,accepted,281,0.5604187250137329,1.0,True
3,3,0.2489670068025589,accepted,282,0.5605357885360718,1.0,False
3,3,0.2489670068025589,accepted,283,0.5727590918540955,1.0,True
3,3,0.2489670068025589,accepted,284,0.5678240060806274,1.0,True
3,3,0.2489670068025589,accepted,285,0.5673579573631287,1.0,True
3,3,0.2489670068025589,accepted,286,0.5660883784294128,1.0,True
3,3,0.2489670068025589,accepted,287,0.553913414478302,1.0,True
3,3,0.2489670068025589,accepted,288,0.5519270896911621,1.0,True
3,3,0.2489670068025589,accepted,289,0.5622410178184509,1.0,True
3,3,0.2489670068025589,accepted,290,0.5696997046470642,1.0,True
3,3,0.2489670068025589,accepted,291,0.5631511211395264,1.0,True
3,3,0.2489670068025589,accepted,292,0.5585454106330872,1.0,True
3,3,0.2489670068025589,accepted,293,0.5629749298095703,1.0,True
3,3,0.2489670068025589,accepted,294,0.5617007613182068,1.0,True
3,3,0.2489670068025589,accepted,295,0.554889976978302,1.0,True
3,3,0.2489670068025589,accepted,296,0.5569342374801636,1.0,True
3,3,0.2489670068025589,accepted,297,0.5606887340545654,1.0,True
3,3,0.2489670068025589,accepted,298,0.571662187576294,1.0,True
3,3,0.2489670068025589,accepted,299,0.5637986660003662,1.0,True
3,3,0.2489670068025589,accepted,300,0.5707018375396729,1.0,True
3,3,0.2489670068025589,accepted,301,0.5730831027030945,1.0,True
3,3,0.2489670068025589,accepted,302,0.5550879240036011,1.0,True
3,3,0.2489670068025589,accepted,303,0.5714300274848938,1.0,True
3,3,0.2489670068025589,accepted,304,0.5770883560180664,1.0,True
3,3,0.2489670068025589,accepted,305,0.5728306770324707,1.0,True
3,3,0.2489670068025589,accepted,306,0.5737524628639221,1.0,True
3,3,0.2489670068025589,accepted,307,0.5608053207397461,1.0,True
3,3,0.2489670068025589,accepted,308,0.5663313865661621,1.0,True
3,3,0.2489670068025589,accepted,309,0.5625510215759277,1.0,True
3,3,0.2489670068025589,accepted,310,0.5617918372154236,1.0,True
3,3,0.2489670068025589,accepted,311,0.5637298226356506,1.0,True
3,3,0.2489670068025589,accepted,312,0.5836042165756226,1.0,True
3,3,0.2489670068025589,accepted,313,0.5814182162284851,1.0,True
3,3,0.2489670068025589,accepted,314,0.5598583817481995,1.0,True
3,3,0.2489670068025589,accepted,315,0.5690231323242188,1.0,True
3,3,0.2489670068025589,accepted,316,0.5708461403846741,1.0,True
3,3,0.2489670068025589,accepted,317,0.568837583065033,1.0,True
3,3,0.2489670068025589,accepted,318,0.5655665993690491,1.0,True
3,3,0.2489670068025589,accepted,319,0.5842629671096802,1.0,True
3,3,0.2489670068025589,accepted,320,0.5687925219535828,1.0,True
3,3,0.2489670068025589,accepted,321,0.5643731355667114,1.0,True
3,3,0.2489670068025589,accepted,322,0.5549418330192566,1.0,True
3,3,0.2489670068025589,accepted,323,0.569247305393219,1.0,True
3,3,0.2489670068025589,accepted,324,0.5679610371589661,1.0,True
3,3,0.2489670068025589,accepted,325,0.5745442509651184,1.0,True
3,3,0.2489670068025589,accepted,326,0.5590772032737732,1.0,False
3,3,0.2489670068025589,accepted,327,0.5680249929428101,1.0,False
3,3,0.2489670068025589,accepted,328,0.5649515390396118,1.0,True
3,3,0.2489670068025589,accepted,329,0.5740759372711182,1.0,True
3,3,0.2489670068025589,accepted,330,0.5813277959823608,1.0,False
3,3,0.2489670068025589,accepted,331,0.5663352012634277,1.0,True
3,3,0.2489670068025589,accepted,332,0.5665139555931091,1.0,True
3,3,0.2489670068025589,accepted,333,0.5752311944961548,1.0,True
3,3,0.2489670068025589,accepted,334,0.5672487020492554,1.0,True
3,3,0.2489670068025589,accepted,335,0.5695090293884277,1.0,True
3,3,0.2489670068025589,accepted,336,0.5730558037757874,1.0,True
3,3,0.2489670068025589,accepted,337,0.5598893165588379,1.0,True
3,3,0.2489670068025589,accepted,338,0.5748423933982849,1.0,True
3,3,0.2489670068025589,accepted,339,0.5752267837524414,1.0,True
3,3,0.2489670068025589,accepted,340,0.5754704475402832,1.0,True
3,3,0.2489670068025589,accepted,341,0.566680908203125,1.0,True
3,3,0.2489670068025589,accepted,342,0.5667603611946106,1.0,True
3,3,0.2489670068025589,accepted,343,0.570220410823822,1.0,True
3,3,0.2489670068025589,accepted,344,0.5721432566642761,1.0,True
3,3,0.2489670068025589,accepted,345,0.5546000599861145,1.0,True
3,3,0.2489670068025589,accepted,346,0.5785514116287231,1.0,True
3,3,0.2489670068025589,accepted,347,0.5644258856773376,1.0,True
3,3,0.2489670068025589,accepted,348,0.5768099427223206,1.0,True
3,3,0.2489670068025589,accepted,349,0.5739954710006714,1.0,True
3,3,0.2489670068025589,accepted,350,0.5581875443458557,1.0,True
3,3,0.2489670068025589,accepted,351,0.5674386024475098,1.0,True
3,3,0.2489670068025589,accepted,352,0.5781570672988892,1.0,True
3,3,0.2489670068025589,accepted,353,0.5680655837059021,1.0,True
3,3,0.2489670068025589,accepted,354,0.5753195285797119,1.0,True
3,3,0.2489670068025589,accepted,355,0.5757037401199341,1.0,True
3,3,0.2489670068025589,accepted,356,0.5735090374946594,1.0,True
3,3,0.2489670068025589,accepted,357,0.5785773396492004,1.0,True
3,3,0.2489670068025589,accepted,358,0.569435179233551,1.0,True
3,3,0.2489670068025589,accepted,359,0.5594004392623901,1.0,True
3,3,0.2489670068025589,accepted,360,0.5686498880386353,1.0,True
3,3,0.2489670068025589,accepted,361,0.5678251385688782,1.0,True
3,3,0.2489670068025589,accepted,362,0.5592622756958008,1.0,True
3,3,0.2489670068025589,accepted,363,0.5703280568122864,1.0,True
3,3,0.2489670068025589,accepted,364,0.5814226269721985,1.0,True
3,3,0.2489670068025589,accepted,365,0.5738181471824646,1.0,True
3,3,0.2489670068025589,accepted,366,0.5732361674308777,1.0,True
3,3,0.2489670068025589,accepted,367,0.5664404630661011,1.0,True
3,3,0.2489670068025589,accepted,368,0.566826343536377,1.0,True
3,3,0.2489670068025589,accepted,369,0.5735495090484619,1.0,True
3,3,0.2489670068025589,accepted,370,0.5743618011474609,1.0,True
3,3,0.2489670068025589,accepted,371,0.5698828101158142,1.0,True
3,3,0.2489670068025589,accepted,372,0.5572546124458313,1.0,True
3,3,0.2489670068025589,accepted,373,0.5679826736450195,1.0,True
3,3,0.2489670068025589,accepted,374,0.566914439201355,1.0,True
3,3,0.2489670068025589,accepted,375,0.5474225282669067,1.0,True
3,3,0.2489670068025589,accepted,376,0.5788969397544861,1.0,True
3,3,0.2489670068025589,accepted,377,0.5697681903839111,1.0,True
3,3,0.2489670068025589,accepted,378,0.5707002878189087,1.0,True
3,3,0.2489670068025589,accepted,379,0.578502893447876,1.0,True
3,3,0.2489670068025589,accepted,380,0.5660484433174133,1.0,True
3,3,0.2489670068025589,accepted,381,0.5736014246940613,1.0,True
3,3,0.2489670068025589,accepted,382,0.5692152380943298,1.0,True
3,3,0.2489670068025589,accepted,383,0.5689786076545715,1.0,True
3,3,0.2489670068025589,accepted,384,0.5848249197006226,1.0,True
3,3,0.2489670068025589,accepted,385,0.5593780279159546,1.0,True
3,3,0.2489670068025589,accepted,386,0.5721482038497925,1.0,True
3,3,0.2489670068025589,accepted,387,0.5796183943748474,1.0,True
3,3,0.2489670068025589,accepted,388,0.5690361857414246,1.0,True
3,3,0.2489670068025589,accepted,389,0.5640255808830261,1.0,True
3,3,0.2489670068025589,accepted,390,0.5701970458030701,1.0,True
3,3,0.2489670068025589,accepted,391,0.5619579553604126,1.0,True
3,3,0.2489670068025589,accepted,392,0.5770597457885742,1.0,True
3,3,0.2489670068025589,accepted,393,0.5857140421867371,1.0,True
3,3,0.2489670068025589,accepted,394,0.5735856294631958,1.0,True
3,3,0.2489670068025589,accepted,395,0.5799169540405273,1.0,True
3,3,0.2489670068025589,accepted,396,0.5756992697715759,1.0,True
3,3,0.2489670068025589,accepted,397,0.5704782605171204,1.0,True
3,3,0.2489670068025589,accepted,398,0.5724009275436401,1.0,True
3,3,0.2489670068025589,accepted,399,0.5674418210983276,1.0,True
3,3,0.2489670068025589,accepted,400,0.574008584022522,1.0,True
3,3,0.2489670068025589,accepted,401,0.5693108439445496,1.0,True
3,3,0.2489670068025589,accepted,402,0.5678511261940002,1.0,True
3,3,0.2489670068025589,accepted,403,0.571560263633728,1.0,True
3,3,0.2489670068025589,accepted,404,0.5741268396377563,1.0,True
3,3,0.2489670068025589,accepted,405,0.5656777024269104,1.0,True
3,3,0.2489670068025589,accepted,406,0.5836058259010315,1.0,True
3,3,0.2489670068025589,accepted,407,0.573162317276001,1.0,True
3,3,0.2489670068025589,accepted,408,0.5806401968002319,1.0,True
3,3,0.2489670068025589,accepted,409,0.5777789354324341,1.0,True
3,3,0.2489670068025589,accepted,410,0.5785277485847473,1.0,True
3,3,0.2489670068025589,accepted,411,0.5638588666915894,1.0,True
3,3,0.2489670068025589,accepted,412,0.5833426713943481,1.0,True
3,3,0.2489670068025589,accepted,413,0.5806850790977478,1.0,True
3,3,0.2489670068025589,accepted,414,0.5688669085502625,1.0,True
3,3,0.2489670068025589,accepted,415,0.5810246467590332,1.0,True
3,3,0.2489670068025589,accepted,416,0.5682075619697571,1.0,True
3,3,0.2489670068025589,accepted,417,0.5693444609642029,1.0,True
3,3,0.2489670068025589,accepted,418,0.5749350190162659,1.0,True
3,3,0.2489670068025589,accepted,419,0.5712671279907227,1.0,True
3,3,0.2489670068025589,accepted,420,0.5761755108833313,1.0,True
3,3,0.2489670068025589,accepted,421,0.5739856362342834,1.0,True
3,3,0.2489670068025589,accepted,422,0.5783682465553284,1.0,True
3,3,0.2489670068025589,accepted,423,0.5774555802345276,1.0,True
3,3,0.2489670068025589,accepted,424,0.5828971862792969,1.0,True
3,3,0.2489670068025589,accepted,425,0.5700975656509399,1.0,True
3,3,0.2489670068025589,accepted,426,0.5773218274116516,1.0,True
3,3,0.2489670068025589,accepted,427,0.5698931217193604,1.0,True
3,3,0.2489670068025589,accepted,428,0.576873242855072,1.0,True
3,3,0.2489670068025589,accepted,429,0.565125584602356,1.0,False
3,3,0.2489670068025589,accepted,430,0.5780258774757385,1.0,True
3,3,0.2489670068025589,accepted,431,0.5818709135055542,1.0,True
3,3,0.2489670068025589,accepted,432,0.5783875584602356,1.0,True
3,3,0.2489670068025589,accepted,433,0.5753853917121887,1.0,True
3,3,0.2489670068025589,accepted,434,0.5662811994552612,1.0,True
3,3,0.2489670068025589,accepted,435,0.5878629684448242,1.0,True
3,3,0.2489670068025589,accepted,436,0.5579528212547302,1.0,True
3,3,0.2489670068025589,accepted,437,0.5821061730384827,1.0,True
3,3,0.2489670068025589,accepted,438,0.5857151746749878,1.0,True
3,3,0.2489670068025589,accepted,439,0.5747020840644836,1.0,True
3,3,0.2489670068025589,accepted,440,0.5754275918006897,1.0,True
3,3,0.2489670068025589,accepted,441,0.5794917941093445,1.0,True
3,3,0.2489670068025589,accepted,442,0.5757173895835876,1.0,True
3,3,0.2489670068025589,accepted,443,0.5671539902687073,1.0,True
3,3,0.2489670068025589,accepted,444,0.5665847659111023,1.0,True
3,3,0.2489670068025589,accepted,445,0.576882541179657,1.0,True
3,3,0.2489670068025589,accepted,446,0.581574559211731,1.0,True
3,3,0.2489670068025589,accepted,447,0.5777469873428345,1.0,True
3,3,0.2489670068025589,accepted,448,0.5733078122138977,1.0,True
3,3,0.2489670068025589,accepted,449,0.5790128707885742,1.0,True
3,3,0.2489670068025589,accepted,450,0.5719228982925415,1.0,True
3,3,0.2489670068025589,accepted,451,0.5760200619697571,1.0,True
3,3,0.2489670068025589,accepted,452,0.5722725987434387,1.0,True
3,3,0.2489670068025589,accepted,453,0.5834183096885681,1.0,True
3,3,0.2489670068025589,accepted,454,0.5878394246101379,1.0,True
3,3,0.2489670068025589,accepted,455,0.5659971833229065,1.0,True
3,3,0.2489670068025589,accepted,456,0.5684026479721069,1.0,False
3,3,0.2489670068025589,accepted,457,0.591801643371582,1.0,True
3,3,0.2489670068025589,accepted,458,0.5869319438934326,1.0,True
3,3,0.2489670068025589,accepted,459,0.5805079340934753,1.0,True
3,3,0.2489670068025589,accepted,460,0.5774633288383484,1.0,True
3,3,0.2489670068025589,accepted,461,0.5755890011787415,1.0,True
3,3,0.2489670068025589,accepted,462,0.5865838527679443,1.0,True
3,3,0.2489670068025589,accepted,463,0.5636593699455261,1.0,True
3,3,0.2489670068025589,accepted,464,0.5850179195404053,1.0,True
3,3,0.2489670068025589,accepted,465,0.5594217777252197,1.0,True
3,3,0.2489670068025589,accepted,466,0.575066089630127,1.0,True
3,3,0.2489670068025589,accepted,467,0.5794863104820251,1.0,True
3,3,0.2489670068025589,accepted,468,0.5812125205993652,1.0,True
3,3,0.2489670068025589,accepted,469,0.5788764953613281,1.0,True
3,3,0.2489670068025589,accepted,470,0.5838073492050171,1.0,True
3,3,0.2489670068025589,accepted,471,0.5813999176025391,1.0,True
3,3,0.2489670068025589,accepted,472,0.5889296531677246,1.0,True
3,3,0.2489670068025589,accepted,473,0.5822861194610596,1.0,True
3,3,0.2489670068025589,accepted,474,0.5769541263580322,1.0,True
3,3,0.2489670068025589,accepted,475,0.5735648274421692,1.0,True
3,3,0.2489670068025589,accepted,476,0.5684243440628052,1.0,False
3,3,0.2489670068025589,accepted,477,0.5917598605155945,1.0,True
3,3,0.2489670068025589,accepted,478,0.5758146047592163,1.0,True
3,3,0.2489670068025589,accepted,479,0.5820823311805725,1.0,True
3,3,0.2489670068025589,accepted,480,0.5758640170097351,1.0,False
3,3,0.2489670068025589,accepted,481,0.5831207633018494,1.0,True
3,3,0.2489670068025589,accepted,482,0.5840752720832825,1.0,True
3,3,0.2489670068025589,accepted,483,0.5771538615226746,1.0,True
3,3,0.2489670068025589,accepted,484,0.5766983032226562,1.0,True
3,3,0.2489670068025589,accepted,485,0.5790647864341736,1.0,True
3,3,0.2489670068025589,accepted,486,0.5711222290992737,1.0,True
3,3,0.2489670068025589,accepted,487,0.5782193541526794,1.0,True
3,3,0.2489670068025589,accepted,488,0.5782866477966309,1.0,True
3,3,0.2489670068025589,accepted,489,0.5680097937583923,1.0,True
3,3,0.2489670068025589,accepted,490,0.589306652545929,1.0,True
3,3,0.2489670068025589,accepted,491,0.5792900919914246,1.0,True
3,3,0.2489670068025589,accepted,492,0.5802140235900879,1.0,True
3,3,0.2489670068025589,accepted,493,0.5731044411659241,1.0,True
3,3,0.2489670068025589,accepted,494,0.5747244954109192,1.0,True
3,3,0.2489670068025589,accepted,495,0.5777332186698914,1.0,True
3,3,0.2489670068025589,accepted,496,0.5730754137039185,1.0,True
3,3,0.2489670068025589,accepted,497,0.5856084823608398,1.0,True
3,3,0.2489670068025589,accepted,498,0.5781328082084656,1.0,True
3,3,0.2489670068025589,accepted,499,0.5861627459526062,1.0,True
3,3,0.2489670068025589,accepted,500,0.5847189426422119,1.0,True
4,1,0.3243241012096405,accepted,1,0.28268176317214966,1.0,False
4,1,0.3243241012096405,accepted,2,0.2819174826145172,1.0,False
4,1,0.3243241012096405,accepted,3,0.27590182423591614,1.0,True
4,1,0.3243241012096405,accepted,4,0.27514246106147766,1.0,True
4,1,0.3243241012096405,accepted,5,0.28869709372520447,1.0,True
4,1,0.3243241012096405,accepted,6,0.29139289259910583,1.0,True
4,1,0.3243241012096405,accepted,7,0.2899605631828308,1.0,True
4,1,0.3243241012096405,accepted,8,0.2909389138221741,1.0,True
4,1,0.3243241012096405,accepted,9,0.2976057827472687,1.0,True
4,1,0.3243241012096405,accepted,10,0.2917190492153168,1.0,True
4,1,0.3243241012096405,accepted,11,0.28704825043678284,1.0,True
4,1,0.3243241012096405,accepted,12,0.2751222252845764,1.0,True
4,1,0.3243241012096405,accepted,13,0.27005472779273987,1.0,True
4,1,0.3243241012096405,accepted,14,0.28011971712112427,1.0,True
4,1,0.3243241012096405,accepted,15,0.29191330075263977,1.0,True
4,1,0.3243241012096405,accepted,16,0.3029070496559143,1.0,True
4,1,0.3243241012096405,accepted,17,0.31552907824516296,1.0,True
4,1,0.3243241012096405,accepted,18,0.31805628538131714,1.0,True
4,1,0.3243241012096405,accepted,19,0.3295423984527588,1.0,True
4,1,0.3243241012096405,accepted,20,0.3350861668586731,1.0,True
4,1,0.3243241012096405,accepted,21,0.3307962417602539,1.0,True
4,1,0.3243241012096405,accepted,22,0.3285815119743347,1.0,True
4,1,0.3243241012096405,accepted,23,0.3310960531234741,1.0,True
4,1,0.3243241012096405,accepted,24,0.33362382650375366,1.0,True
4,1,0.3243241012096405,accepted,25,0.32847028970718384,1.0,True
4,1,0.3243241012096405,accepted,26,0.33703988790512085,1.0,True
4,1,0.3243241012096405,accepted,27,0.3472796678543091,1.0,True
4,1,0.3243241012096405,accepted,28,0.35773470997810364,1.0,True
4,1,0.3243241012096405,accepted,29,0.3569464683532715,1.0,True
4,1,0.3243241012096405,accepted,30,0.365970253944397,1.0,True
4,1,0.3243241012096405,accepted,31,0.36839377880096436,1.0,True
4,1,0.3243241012096405,accepted,32,0.37464576959609985,1.0,True
4,1,0.3243241012096405,accepted,33,0.37167108058929443,1.0,True
4,1,0.3243241012096405,accepted,34,0.3777393698692322,1.0,True
4,1,0.3243241012096405,accepted,35,0.3791303038597107,1.0,True
4,1,0.3243241012096405,accepted,36,0.38212648034095764,1.0,True
4,1,0.3243241012096405,accepted,37,0.3828655183315277,1.0,True
4,1,0.3243241012096405,accepted,38,0.38064393401145935,1.0,True
4,1,0.3243241012096405,accepted,39,0.3817217946052551,1.0,True
4,1,0.3243241012096405,accepted,40,0.3867514133453369,1.0,True
4,1,0.3243241012096405,accepted,41,0.3902757465839386,1.0,True
4,1,0.3243241012096405,accepted,42,0.39165937900543213,1.0,True
4,1,0.3243241012096405,accepted,43,0.3926635980606079,1.0,True
4,1,0.3243241012096405,accepted,44,0.40140455961227417,1.0,True
4,1,0.3243241012096405,accepted,45,0.39129501581192017,1.0,True
4,1,0.3243241012096405,accepted,46,0.39626145362854004,1.0,True
4,1,0.3243241012096405,accepted,47,0.3961907923221588,1.0,True
4,1,0.3243241012096405,accepted,48,0.3983089029788971,1.0,True
4,1,0.3243241012096405,accepted,49,0.39960211515426636,1.0,True
4,1,0.3243241012096405,accepted,50,0.4067598581314087,1.0,True
4,1,0.3243241012096405,accepted,51,0.40133604407310486,1.0,True
4,1,0.3243241012096405,accepted,52,0.40373533964157104,1.0,True
4,1,0.3243241012096405,accepted,53,0.40799760818481445,1.0,True
4,1,0.3243241012096405,accepted,54,0.4040742814540863,1.0,True
4,1,0.3243241012096405,accepted,55,0.40010663866996765,1.0,True
4,1,0.3243241012096405,accepted,56,0.4086381793022156,1.0,True
4,1,0.3243241012096405,accepted,57,0.41063252091407776,1.0,True
4,1,0.3243241012096405,accepted,58,0.41078606247901917,1.0,True
4,1,0.3243241012096405,accepted,59,0.4101123809814453,1.0,True
4,1,0.3243241012096405,accepted,60,0.4147808849811554,1.0,True
4,1,0.3243241012096405,accepted,61,0.4210251569747925,1.0,True
4,1,0.3243241012096405,accepted,62,0.41380226612091064,1.0,True
4,1,0.3243241012096405,accepted,63,0.42172518372535706,1.0,True
4,1,0.3243241012096405,accepted,64,0.41837865114212036,1.0,True
4,1,0.3243241012096405,accepted,65,0.4173680245876312,1.0,True
4,1,0.3243241012096405,accepted,66,0.4071308672428131,1.0,True
4,1,0.3243241012096405,accepted,67,0.4155482351779938,1.0,True
4,1,0.3243241012096405,accepted,68,0.41583481431007385,1.0,True
4,1,0.3243241012096405,accepted,69,0.4201771914958954,1.0,True
4,1,0.3243241012096405,accepted,70,0.4207490086555481,1.0,True
4,1,0.3243241012096405,accepted,71,0.4176785945892334,1.0,True
4,1,0.3243241012096405,accepted,72,0.4109608232975006,1.0,True
4,1,0.3243241012096405,accepted,73,0.4216958284378052,1.0,True
4,1,0.3243241012096405,accepted,74,0.4242289662361145,1.0,True
4,1,0.3243241012096405,accepted,75,0.4206811785697937,1.0,True
4,1,0.3243241012096405,accepted,76,0.4299834966659546,1.0,True
4,1,0.3243241012096405,accepted,77,0.42164355516433716,1.0,True
4,1,0.3243241012096405,accepted,78,0.4186304807662964,1.0,True
4,1,0.3243241012096405,accepted,79,0.426133930683136,1.0,True
4,1,0.3243241012096405,accepted,80,0.42886918783187866,1.0,True
4,1,0.3243241012096405,accepted,81,0.42480751872062683,1.0,True
4,1,0.3243241012096405,accepted,82,0.4260497987270355,1.0,True
4,1,0.3243241012096405,accepted,83,0.4297502338886261,1.0,True
4,1,0.3243241012096405,accepted,84,0.42789849638938904,1.0,True
4,1,0.3243241012096405,accepted,85,0.4254123866558075,1.0,True
4,1,0.3243241012096405,accepted,86,0.4238375425338745,1.0,True
4,1,0.3243241012096405,accepted,87,0.42433175444602966,1.0,True
4,1,0.3243241012096405,accepted,88,0.4259064197540283,1.0,True
4,1,0.3243241012096405,accepted,89,0.4269987940788269,1.0,True
4,1,0.3243241012096405,accepted,90,0.4291739761829376,1.0,True
4,1,0.3243241012096405,accepted,91,0.4267057180404663,1.0,True
4,1,0.3243241012096405,accepted,92,0.43008604645729065,1.0,True
4,1,0.3243241012096405,accepted,93,0.42920878529548645,1.0,True
4,1,0.3243241012096405,accepted,94,0.4333769977092743,1.0,True
4,1,0.3243241012096405,accepted,95,0.4299076497554779,1.0,True
4,1,0.3243241012096405,accepted,96,0.428493857383728,1.0,True
4,1,0.3243241012096405,accepted,97,0.43069925904273987,1.0,True
4,1,0.3243241012096405,accepted,98,0.43492385745048523,1.0,True
4,1,0.3243241012096405,accepted,99,0.4245697557926178,1.0,True
4,1,0.3243241012096405,accepted,100,0.4343045651912689,1.0,True
4,1,0.3243241012096405,accepted,101,0.4324224889278412,1.0,True
4,1,0.3243241012096405,accepted,102,0.4330415427684784,1.0,True
4,1,0.3243241012096405,accepted,103,0.4343315362930298,1.0,True
4,1,0.3243241012096405,accepted,104,0.42860791087150574,1.0,True
4,1,0.3243241012096405,accepted,105,0.42835742235183716,1.0,True
4,1,0.3243241012096405,accepted,106,0.4363347291946411,1.0,True
4,1,0.3243241012096405,accepted,107,0.42922553420066833,1.0,True
4,1,0.3243241012096405,accepted,108,0.43481558561325073,1.0,True
4,1,0.3243241012096405,accepted,109,0.4444296061992645,1.0,True
4,1,0.3243241012096405,accepted,110,0.4333348274230957,1.0,True
4,1,0.3243241012096405,accepted,111,0.4369839131832123,1.0,True
4,1,0.3243241012096405,accepted,112,0.43719401955604553,1.0,True
4,1,0.3243241012096405,accepted,113,0.44030454754829407,1.0,True
4,1,0.3243241012096405,accepted,114,0.43190112709999084,1.0,True
4,1,0.3243241012096405,accepted,115,0.43644165992736816,1.0,True
4,1,0.3243241012096405,accepted,116,0.44589000940322876,1.0,True
4,1,0.3243241012096405,accepted,117,0.4385682940483093,1.0,True
4,1,0.3243241012096405,accepted,118,0.42712950706481934,1.0,True
4,1,0.3243241012096405,accepted,119,0.43850600719451904,1.0,True
4,1,0.3243241012096405,accepted,120,0.4352242648601532,1.0,True
4,1,0.3243241012096405,accepted,121,0.437473863363266,1.0,True
4,1,0.3243241012096405,accepted,122,0.44641464948654175,1.0,True
4,1,0.3243241012096405,accepted,123,0.44050362706184387,1.0,True
4,1,0.3243241012096405,accepted,124,0.4437045753002167,1.0,True
4,1,0.3243241012096405,accepted,125,0.4460103511810303,1.0,True
4,1,0.3243241012096405,accepted,126,0.4466693103313446,1.0,True
4,1,0.3243241012096405,accepted,127,0.4390742778778076,1.0,True
4,1,0.3243241012096405,accepted,128,0.4456723630428314,1.0,True
4,1,0.3243241012096405,accepted,129,0.4345971345901489,1.0,True
4,1,0.3243241012096405,accepted,130,0.4413547217845917,1.0,True
4,1,0.3243241012096405,accepted,131,0.4437181055545807,1.0,True
4,1,0.3243241012096405,accepted,132,0.444746732711792,1.0,True
4,1,0.3243241012096405,accepted,133,0.44606268405914307,1.0,True
4,1,0.3243241012096405,accepted,134,0.44419530034065247,1.0,True
4,1,0.3243241012096405,accepted,135,0.4419393241405487,1.0,True
4,1,0.3243241012096405,accepted,136,0.4503481984138489,1.0,True
4,1,0.3243241012096405,accepted,137,0.444774329662323,1.0,True
4,1,0.3243241012096405,accepted,138,0.4396931827068329,1.0,True
4,1,0.3243241012096405,accepted,139,0.45183148980140686,1.0,True
4,1,0.3243241012096405,accepted,140,0.43914294242858887,1.0,True
4,1,0.3243241012096405,accepted,141,0.44485196471214294,1.0,True
4,1,0.3243241012096405,accepted,142,0.4368176758289337,1.0,True
4,1,0.3243241012096405,accepted,143,0.44476118683815,1.0,True
4,1,0.3243241012096405,accepted,144,0.44267454743385315,1.0,True
4,1,0.3243241012096405,accepted,145,0.4406048655509949,1.0,True
4,1,0.3243241012096405,accepted,146,0.4425588846206665,1.0,True
4,1,0.3243241012096405,accepted,147,0.4331005811691284,1.0,True
4,1,0.3243241012096405,accepted,148,0.4465619623661041,1.0,True
4,1,0.3243241012096405,accepted,149,0.4434566795825958,1.0,True
4,1,0.3243241012096405,accepted,150,0.44386839866638184,1.0,True
4,1,0.3243241012096405,accepted,151,0.4497310221195221,1.0,True
4,1,0.3243241012096405,accepted,152,0.4423626661300659,1.0,True
4,1,0.3243241012096405,accepted,153,0.4405183494091034,1.0,True
4,1,0.3243241012096405,accepted,154,0.44582751393318176,1.0,True
4,1,0.3243241012096405,accepted,155,0.4533196687698364,1.0,True
4,1,0.3243241012096405,accepted,156,0.44820544123649597,1.0,True
4,1,0.3243241012096405,accepted,157,0.44962120056152344,1.0,True
4,1,0.3243241012096405,accepted,158,0.43956276774406433,1.0,True
4,1,0.3243241012096405,accepted,159,0.44895753264427185,1.0,True
4,1,0.3243241012096405,accepted,160,0.45223328471183777,1.0,True
4,1,0.3243241012096405,accepted,161,0.4452556073665619,1.0,True
4,1,0.3243241012096405,accepted,162,0.4422740936279297,1.0,True
4,1,0.3243241012096405,accepted,163,0.4495299160480499,1.0,True
4,1,0.3243241012096405,accepted,164,0.4507688581943512,1.0,True
4,1,0.3243241012096405,accepted,165,0.4562685489654541,1.0,True
4,1,0.3243241012096405,accepted,166,0.442223459482193,1.0,True
4,1,0.3243241012096405,accepted,167,0.4519081711769104,1.0,True
4,1,0.3243241012096405,accepted,168,0.46136829257011414,1.0,True
4,1,0.3243241012096405,accepted,169,0.4470144510269165,1.0,True
4,1,0.3243241012096405,accepted,170,0.4476889967918396,1.0,True
4,1,0.3243241012096405,accepted,171,0.46182307600975037,1.0,True
4,1,0.3243241012096405,accepted,172,0.4567265510559082,1.0,True
4,1,0.3243241012096405,accepted,173,0.457757830619812,1.0,True
4,1,0.3243241012096405,accepted,174,0.45311957597732544,1.0,True
4,1,0.3243241012096405,accepted,175,0.4499274790287018,1.0,True
4,1,0.3243241012096405,accepted,176,0.454664021730423,1.0,True
4,1,0.3243241012096405,accepted,177,0.44366776943206787,1.0,True
4,1,0.3243241012096405,accepted,178,0.45362588763237,1.0,True
4,1,0.3243241012096405,accepted,179,0.4448986053466797,1.0,True
4,1,0.3243241012096405,accepted,180,0.44959935545921326,1.0,True
4,1,0.3243241012096405,accepted,181,0.4533637762069702,1.0,True
4,1,0.3243241012096405,accepted,182,0.4503052532672882,1.0,True
4,1,0.3243241012096405,accepted,183,0.44935843348503113,1.0,True
4,1,0.3243241012096405,accepted,184,0.4488329589366913,1.0,True
4,1,0.3243241012096405,accepted,185,0.45509395003318787,1.0,True
4,1,0.3243241012096405,accepted,186,0.4398038983345032,1.0,True
4,1,0.3243241012096405,accepted,187,0.4502446949481964,1.0,True
4,1,0.3243241012096405,accepted,188,0.45245498418807983,1.0,True
4,1,0.3243241012096405,accepted,189,0.4476611912250519,1.0,True
4,1,0.3243241012096405,accepted,190,0.44482481479644775,1.0,True
4,1,0.3243241012096405,accepted,191,0.4514731466770172,1.0,True
4,1,0.3243241012096405,accepted,192,0.4512815773487091,1.0,True
4,1,0.3243241012096405,accepted,193,0.4545842409133911,1.0,True
4,1,0.3243241012096405,accepted,194,0.4475937783718109,1.0,True
4,1,0.3243241012096405,accepted,195,0.45884090662002563,1.0,True
4,1,0.3243241012096405,accepted,196,0.45852288603782654,1.0,True
4,1,0.3243241012096405,accepted,197,0.44956162571907043,1.0,True
4,1,0.3243241012096405,accepted,198,0.4507727324962616,1.0,True
4,1,0.3243241012096405,accepted,199,0.4517500698566437,1.0,True
4,1,0.3243241012096405,accepted,200,0.45410415530204773,1.0,True
4,1,0.3243241012096405,accepted,201,0.44792643189430237,1.0,True
4,1,0.3243241012096405,accepted,202,0.45501580834388733,1.0,True
4,1,0.3243241012096405,accepted,203,0.458658903837204,1.0,True
4,1,0.3243241012096405,accepted,204,0.4585714042186737,1.0,True
4,1,0.3243241012096405,accepted,205,0.4474853575229645,1.0,True
4,1,0.3243241012096405,accepted,206,0.4545777440071106,1.0,True
4,1,0.3243241012096405,accepted,207,0.45781198143959045,1.0,True
4,1,0.3243241012096405,accepted,208,0.44972071051597595,1.0,True
4,1,0.3243241012096405,accepted,209,0.4671430289745331,1.0,True
4,1,0.3243241012096405,accepted,210,0.4521409869194031,1.0,True
4,1,0.3243241012096405,accepted,211,0.4638371169567108,1.0,True
4,1,0.3243241012096405,accepted,212,0.4646987318992615,1.0,True
4,1,0.3243241012096405,accepted,213,0.4627930223941803,1.0,True
4,1,0.3243241012096405,accepted,214,0.46023231744766235,1.0,True
4,1,0.3243241012096405,accepted,215,0.45775651931762695,1.0,True
4,1,0.3243241012096405,accepted,216,0.45416954159736633,1.0,True
4,1,0.3243241012096405,accepted,217,0.4515079855918884,1.0,True
4,1,0.3243241012096405,accepted,218,0.4523928761482239,1.0,True
4,1,0.3243241012096405,accepted,219,0.45774737000465393,1.0,True
4,1,0.3243241012096405,accepted,220,0.45912453532218933,1.0,True
4,1,0.3243241012096405,accepted,221,0.45548123121261597,1.0,True
4,1,0.3243241012096405,accepted,222,0.45401495695114136,1.0,True
4,1,0.3243241012096405,accepted,223,0.45554858446121216,1.0,True
4,1,0.3243241012096405,accepted,224,0.4486056864261627,1.0,True
4,1,0.3243241012096405,accepted,225,0.45479023456573486,1.0,True
4,1,0.3243241012096405,accepted,226,0.4527355432510376,1.0,True
4,1,0.3243241012096405,accepted,227,0.45888814330101013,1.0,True
4,1,0.3243241012096405,accepted,228,0.46088895201683044,1.0,True
4,1,0.3243241012096405,accepted,229,0.46229323744773865,1.0,True
4,1,0.3243241012096405,accepted,230,0.4571187496185303,1.0,True
4,1,0.3243241012096405,accepted,231,0.4620005786418915,1.0,True
4,1,0.3243241012096405,accepted,232,0.45817098021507263,1.0,True
4,1,0.3243241012096405,accepted,233,0.45191943645477295,1.0,True
4,1,0.3243241012096405,accepted,234,0.45693960785865784,1.0,True
4,1,0.3243241012096405,accepted,235,0.4473940432071686,1.0,True
4,1,0.3243241012096405,accepted,236,0.4582754373550415,1.0,True
4,1,0.3243241012096405,accepted,237,0.45065149664878845,1.0,True
4,1,0.3243241012096405,accepted,238,0.46640583872795105,1.0,True
4,1,0.3243241012096405,accepted,239,0.45777660608291626,1.0,True
4,1,0.3243241012096405,accepted,240,0.4515730142593384,1.0,True
4,1,0.3243241012096405,accepted,241,0.45621633529663086,1.0,True
4,1,0.3243241012096405,accepted,242,0.45740044116973877,1.0,True
4,1,0.3243241012096405,accepted,243,0.45570456981658936,1.0,True
4,1,0.3243241012096405,accepted,244,0.45197930932044983,1.0,True
4,1,0.3243241012096405,accepted,245,0.4547433853149414,1.0,True
4,1,0.3243241012096405,accepted,246,0.45605626702308655,1.0,True
4,1,0.3243241012096405,accepted,247,0.461897075176239,1.0,True
4,1,0.3243241012096405,accepted,248,0.45357048511505127,1.0,True
4,1,0.3243241012096405,accepted,249,0.46406012773513794,1.0,True
4,1,0.3243241012096405,accepted,250,0.4637203514575958,1.0,True
4,1,0.3243241012096405,accepted,251,0.4618798792362213,1.0,True
4,1,0.3243241012096405,accepted,252,0.45421722531318665,1.0,True
4,1,0.3243241012096405,accepted,253,0.4643744230270386,1.0,True
4,1,0.3243241012096405,accepted,254,0.460660457611084,1.0,True
4,1,0.3243241012096405,accepted,255,0.4673693776130676,1.0,True
4,1,0.3243241012096405,accepted,256,0.46217069029808044,1.0,True
4,1,0.3243241012096405,accepted,257,0.4674282371997833,1.0,True
4,1,0.3243241012096405,accepted,258,0.46029993891716003,1.0,True
4,1,0.3243241012096405,accepted,259,0.4673497676849365,1.0,True
4,1,0.3243241012096405,accepted,260,0.4670049250125885,1.0,True
4,1,0.3243241012096405,accepted,261,0.4644842743873596,1.0,True
4,1,0.3243241012096405,accepted,262,0.4651123881340027,1.0,True
4,1,0.3243241012096405,accepted,263,0.47081494331359863,1.0,True
4,1,0.3243241012096405,accepted,264,0.4661177098751068,1.0,True
4,1,0.3243241012096405,accepted,265,0.4671982526779175,1.0,True
4,1,0.3243241012096405,accepted,266,0.46511903405189514,1.0,True
4,1,0.3243241012096405,accepted,267,0.4559005796909332,1.0,True
4,1,0.3243241012096405,accepted,268,0.46649301052093506,1.0,True
4,1,0.3243241012096405,accepted,269,0.46435096859931946,1.0,True
4,1,0.3243241012096405,accepted,270,0.4617393910884857,1.0,True
4,1,0.3243241012096405,accepted,271,0.46841397881507874,1.0,True
4,1,0.3243241012096405,accepted,272,0.45788446068763733,1.0,True
4,1,0.3243241012096405,accepted,273,0.4666523337364197,1.0,True
4,1,0.3243241012096405,accepted,274,0.4569609761238098,1.0,True
4,1,0.3243241012096405,accepted,275,0.46138766407966614,1.0,True
4,1,0.3243241012096405,accepted,276,0.47176599502563477,1.0,True
4,1,0.3243241012096405,accepted,277,0.46725574135780334,1.0,True
4,1,0.3243241012096405,accepted,278,0.4600142240524292,1.0,True
4,1,0.3243241012096405,accepted,279,0.46143078804016113,1.0,True
4,1,0.3243241012096405,accepted,280,0.46423232555389404,1.0,True
4,1,0.3243241012096405,accepted,281,0.4658803939819336,1.0,True
4,1,0.3243241012096405,accepted,282,0.46396806836128235,1.0,True
4,1,0.3243241012096405,accepted,283,0.45806658267974854,1.0,True
4,1,0.3243241012096405,accepted,284,0.4648192822933197,1.0,True
4,1,0.3243241012096405,accepted,285,0.462164968252182,1.0,True
4,1,0.3243241012096405,accepted,286,0.4684532582759857,1.0,True
4,1,0.3243241012096405,accepted,287,0.46370089054107666,1.0,True
4,1,0.3243241012096405,accepted,288,0.4719226062297821,1.0,True
4,1,0.3243241012096405,accepted,289,0.4652734398841858,1.0,True
4,1,0.3243241012096405,accepted,290,0.4643027186393738,1.0,True
4,1,0.3243241012096405,accepted,291,0.4633481502532959,1.0,True
4,1,0.3243241012096405,accepted,292,0.46208253502845764,1.0,True
4,1,0.3243241012096405,accepted,293,0.4615161716938019,1.0,True
4,1,0.3243241012096405,accepted,294,0.4606112539768219,1.0,True
4,1,0.3243241012096405,accepted,295,0.4712902307510376,1.0,True
4,1,0.3243241012096405,accepted,296,0.4612029194831848,1.0,True
4,1,0.3243241012096405,accepted,297,0.47057750821113586,1.0,True
4,1,0.3243241012096405,accepted,298,0.4603056311607361,1.0,True
4,1,0.3243241012096405,accepted,299,0.4640282392501831,1.0,True
4,1,0.3243241012096405,accepted,300,0.45869389176368713,1.0,True
4,1,0.3243241012096405,accepted,301,0.4667400121688843,1.0,True
4,1,0.3243241012096405,accepted,302,0.45919591188430786,1.0,True
4,1,0.3243241012096405,accepted,303,0.46106481552124023,1.0,True
4,1,0.3243241012096405,accepted,304,0.4607623815536499,1.0,True
4,1,0.3243241012096405,accepted,305,0.4642362594604492,1.0,True
4,1,0.3243241012096405,accepted,306,0.46116331219673157,1.0,True
4,1,0.3243241012096405,accepted,307,0.4653555154800415,1.0,True
4,1,0.3243241012096405,accepted,308,0.46686068177223206,1.0,True
4,1,0.3243241012096405,accepted,309,0.460580050945282,1.0,True
4,1,0.3243241012096405,accepted,310,0.4622284173965454,1.0,True
4,1,0.3243241012096405,accepted,311,0.4621230959892273,1.0,True
4,1,0.3243241012096405,accepted,312,0.4612772464752197,1.0,True
4,1,0.3243241012096405,accepted,313,0.454963743686676,1.0,True
4,1,0.3243241012096405,accepted,314,0.46885377168655396,1.0,True
4,1,0.3243241012096405,accepted,315,0.4693937301635742,1.0,True
4,1,0.3243241012096405,accepted,316,0.46849215030670166,1.0,True
4,1,0.3243241012096405,accepted,317,0.4667057394981384,1.0,True
4,1,0.3243241012096405,accepted,318,0.47019484639167786,1.0,True
4,1,0.3243241012096405,accepted,319,0.47774237394332886,1.0,True
4,1,0.3243241012096405,accepted,320,0.4703468680381775,1.0,True
4,1,0.3243241012096405,accepted,321,0.4627206325531006,1.0,True
4,1,0.3243241012096405,accepted,322,0.46804511547088623,1.0,True
4,1,0.3243241012096405,accepted,323,0.46452635526657104,1.0,True
4,1,0.3243241012096405,accepted,324,0.4680781662464142,1.0,True
4,1,0.3243241012096405,accepted,325,0.4586960971355438,1.0,True
4,1,0.3243241012096405,accepted,326,0.4617556631565094,1.0,True
4,1,0.3243241012096405,accepted,327,0.46915432810783386,1.0,True
4,1,0.3243241012096405,accepted,328,0.4694022834300995,1.0,True
4,1,0.3243241012096405,accepted,329,0.46759095788002014,1.0,True
4,1,0.3243241012096405,accepted,330,0.4680843949317932,1.0,True
4,1,0.3243241012096405,accepted,331,0.4696445167064667,1.0,True
4,1,0.3243241012096405,accepted,332,0.4630044996738434,1.0,True
4,1,0.3243241012096405,accepted,333,0.4657577574253082,1.0,True
4,1,0.3243241012096405,accepted,334,0.4567757844924927,1.0,True
4,1,0.3243241012096405,accepted,335,0.46496114134788513,1.0,True
4,1,0.3243241012096405,accepted,336,0.46643564105033875,1.0,True
4,1,0.3243241012096405,accepted,337,0.47025537490844727,1.0,True
4,1,0.3243241012096405,accepted,338,0.46627599000930786,1.0,True
4,1,0.3243241012096405,accepted,339,0.467835396528244,1.0,True
4,1,0.3243241012096405,accepted,340,0.47501108050346375,1.0,True
4,1,0.3243241012096405,accepted,341,0.45905622839927673,1.0,True
4,1,0.3243241012096405,accepted,342,0.4709160029888153,1.0,True
4,1,0.3243241012096405,accepted,343,0.459675669670105,1.0,True
4,1,0.3243241012096405,accepted,344,0.4726508855819702,1.0,True
4,1,0.3243241012096405,accepted,345,0.4656018614768982,1.0,True
4,1,0.3243241012096405,accepted,346,0.4655139744281769,1.0,True
4,1,0.3243241012096405,accepted,347,0.4664592146873474,1.0,True
4,1,0.3243241012096405,accepted,348,0.46907246112823486,1.0,True
4,1,0.3243241012096405,accepted,349,0.46945688128471375,1.0,True
4,1,0.3243241012096405,accepted,350,0.4714592695236206,1.0,True
4,1,0.3243241012096405,accepted,351,0.4770466983318329,1.0,True
4,1,0.3243241012096405,accepted,352,0.47654834389686584,1.0,True
4,1,0.3243241012096405,accepted,353,0.4712987542152405,1.0,True
4,1,0.3243241012096405,accepted,354,0.4640078842639923,1.0,True
4,1,0.3243241012096405,accepted,355,0.4681603014469147,1.0,True
4,1,0.3243241012096405,accepted,356,0.475145161151886,1.0,True
4,1,0.3243241012096405,accepted,357,0.466403603553772,1.0,True
4,1,0.3243241012096405,accepted,358,0.46687042713165283,1.0,True
4,1,0.3243241012096405,accepted,359,0.47886860370635986,1.0,True
4,1,0.3243241012096405,accepted,360,0.47062328457832336,1.0,True
4,1,0.3243241012096405,accepted,361,0.47232872247695923,1.0,True
4,1,0.3243241012096405,accepted,362,0.46926531195640564,1.0,True
4,1,0.3243241012096405,accepted,363,0.4660848081111908,1.0,True
4,1,0.3243241012096405,accepted,364,0.4686083197593689,1.0,True
4,1,0.3243241012096405,accepted,365,0.46933913230895996,1.0,True
4,1,0.3243241012096405,accepted,366,0.45816269516944885,1.0,True
4,1,0.3243241012096405,accepted,367,0.4664810299873352,1.0,True
4,1,0.3243241012096405,accepted,368,0.4745297431945801,1.0,True
4,1,0.3243241012096405,accepted,369,0.4650857746601105,1.0,True
4,1,0.3243241012096405,accepted,370,0.46134984493255615,1.0,True
4,1,0.3243241012096405,accepted,371,0.4638247489929199,1.0,True
4,1,0.3243241012096405,accepted,372,0.4651026129722595,1.0,True
4,1,0.3243241012096405,accepted,373,0.46835097670555115,1.0,True
4,1,0.3243241012096405,accepted,374,0.4707960784435272,1.0,True
4,1,0.3243241012096405,accepted,375,0.47652196884155273,1.0,True
4,1,0.3243241012096405,accepted,376,0.4757550060749054,1.0,True
4,1,0.3243241012096405,accepted,377,0.47441166639328003,1.0,True
4,1,0.3243241012096405,accepted,378,0.4572085440158844,1.0,True
4,1,0.3243241012096405,accepted,379,0.47017332911491394,1.0,True
4,1,0.3243241012096405,accepted,380,0.4664187431335449,1.0,True
4,1,0.3243241012096405,accepted,381,0.467468798160553,1.0,True
4,1,0.3243241012096405,accepted,382,0.46738409996032715,1.0,True
4,1,0.3243241012096405,accepted,383,0.4727604389190674,1.0,True
4,1,0.3243241012096405,accepted,384,0.4722372889518738,1.0,True
4,1,0.3243241012096405,accepted,385,0.4685538113117218,1.0,True
4,1,0.3243241012096405,accepted,386,0.4770630896091461,1.0,True
4,1,0.3243241012096405,accepted,387,0.4737461507320404,1.0,True
4,1,0.3243241012096405,accepted,388,0.4600124657154083,1.0,True
4,1,0.3243241012096405,accepted,389,0.4687120318412781,1.0,True
4,1,0.3243241012096405,accepted,390,0.47163912653923035,1.0,True
4,1,0.3243241012096405,accepted,391,0.46628087759017944,1.0,True
4,1,0.3243241012096405,accepted,392,0.4681665599346161,1.0,True
4,1,0.3243241012096405,accepted,393,0.45723646879196167,1.0,True
4,1,0.3243241012096405,accepted,394,0.47054025530815125,1.0,True
4,1,0.3243241012096405,accepted,395,0.4728794991970062,1.0,True
4,1,0.3243241012096405,accepted,396,0.47074535489082336,1.0,True
4,1,0.3243241012096405,accepted,397,0.4740941822528839,1.0,True
4,1,0.3243241012096405,accepted,398,0.4645325839519501,1.0,True
4,1,0.3243241012096405,accepted,399,0.47426554560661316,1.0,True
4,1,0.3243241012096405,accepted,400,0.4731505811214447,1.0,True
4,1,0.3243241012096405,accepted,401,0.4725242555141449,1.0,True
4,1,0.3243241012096405,accepted,402,0.46972471475601196,1.0,True
4,1,0.3243241012096405,accepted,403,0.47415563464164734,1.0,True
4,1,0.3243241012096405,accepted,404,0.4652308523654938,1.0,True
4,1,0.3243241012096405,accepted,405,0.4727189838886261,1.0,True
4,1,0.3243241012096405,accepted,406,0.47123631834983826,1.0,True
4,1,0.3243241012096405,accepted,407,0.4746103286743164,1.0,True
4,1,0.3243241012096405,accepted,408,0.4712156355381012,1.0,True
4,1,0.3243241012096405,accepted,409,0.4710107445716858,1.0,True
4,1,0.3243241012096405,accepted,410,0.47253867983818054,1.0,True
4,1,0.3243241012096405,accepted,411,0.470253586769104,1.0,True
4,1,0.3243241012096405,accepted,412,0.46966108679771423,1.0,True
4,1,0.3243241012096405,accepted,413,0.47985056042671204,1.0,True
4,1,0.3243241012096405,accepted,414,0.4789845943450928,1.0,True
4,1,0.3243241012096405,accepted,415,0.46586883068084717,1.0,True
4,1,0.3243241012096405,accepted,416,0.4777332544326782,1.0,True
4,1,0.3243241012096405,accepted,417,0.47370004653930664,1.0,True
4,1,0.3243241012096405,accepted,418,0.47966617345809937,1.0,True
4,1,0.3243241012096405,accepted,419,0.4798935651779175,1.0,True
4,1,0.3243241012096405,accepted,420,0.47258466482162476,1.0,True
4,1,0.3243241012096405,accepted,421,0.47262704372406006,1.0,True
4,1,0.3243241012096405,accepted,422,0.4726274609565735,1.0,True
4,1,0.3243241012096405,accepted,423,0.4623527526855469,1.0,True
4,1,0.3243241012096405,accepted,424,0.4662635326385498,1.0,True
4,1,0.3243241012096405,accepted,425,0.47578224539756775,1.0,True
4,1,0.3243241012096405,accepted,426,0.46717461943626404,1.0,True
4,1,0.3243241012096405,accepted,427,0.4698469936847687,1.0,True
4,1,0.3243241012096405,accepted,428,0.4672624170780182,1.0,True
4,1,0.3243241012096405,accepted,429,0.4760836362838745,1.0,True
4,1,0.3243241012096405,accepted,430,0.4751347601413727,1.0,True
4,1,0.3243241012096405,accepted,431,0.47809284925460815,1.0,True
4,1,0.3243241012096405,accepted,432,0.4688430428504944,1.0,True
4,1,0.3243241012096405,accepted,433,0.4633980691432953,1.0,True
4,1,0.3243241012096405,accepted,434,0.4602213501930237,1.0,True
4,1,0.3243241012096405,accepted,435,0.47288399934768677,1.0,True
4,1,0.3243241012096405,accepted,436,0.4568215310573578,1.0,True
4,1,0.3243241012096405,accepted,437,0.47118911147117615,1.0,True
4,1,0.3243241012096405,accepted,438,0.4701531231403351,1.0,True
4,1,0.3243241012096405,accepted,439,0.46669280529022217,1.0,True
4,1,0.3243241012096405,accepted,440,0.47180965542793274,1.0,True
4,1,0.3243241012096405,accepted,441,0.471036821603775,1.0,True
4,1,0.3243241012096405,accepted,442,0.4818315804004669,1.0,True
4,1,0.3243241012096405,accepted,443,0.46912434697151184,1.0,True
4,1,0.3243241012096405,accepted,444,0.4643159806728363,1.0,True
4,1,0.3243241012096405,accepted,445,0.4743347764015198,1.0,True
4,1,0.3243241012096405,accepted,446,0.4752580225467682,1.0,True
4,1,0.3243241012096405,accepted,447,0.4738880395889282,1.0,True
4,1,0.3243241012096405,accepted,448,0.46898120641708374,1.0,True
4,1,0.3243241012096405,accepted,449,0.4779793322086334,1.0,True
4,1,0.3243241012096405,accepted,450,0.4723174571990967,1.0,True
4,1,0.3243241012096405,accepted,451,0.46796703338623047,1.0,True
4,1,0.3243241012096405,accepted,452,0.4770011901855469,1.0,True
4,1,0.3243241012096405,accepted,453,0.46947476267814636,1.0,True
4,1,0.3243241012096405,accepted,454,0.4866722822189331,1.0,True
4,1,0.3243241012096405,accepted,455,0.4753754138946533,1.0,True
4,1,0.3243241012096405,accepted,456,0.47021323442459106,1.0,True
4,1,0.3243241012096405,accepted,457,0.47386181354522705,1.0,True
4,1,0.3243241012096405,accepted,458,0.4794384241104126,1.0,True
4,1,0.3243241012096405,accepted,459,0.46624040603637695,1.0,True
4,1,0.3243241012096405,accepted,460,0.465167373418808,1.0,True
4,1,0.3243241012096405,accepted,461,0.4721616506576538,1.0,True
4,1,0.3243241012096405,accepted,462,0.46383535861968994,1.0,True
4,1,0.3243241012096405,accepted,463,0.4741149842739105,1.0,True
4,1,0.3243241012096405,accepted,464,0.47377869486808777,1.0,True
4,1,0.3243241012096405,accepted,465,0.474970281124115,1.0,True
4,1,0.3243241012096405,accepted,466,0.46514785289764404,1.0,True
4,1,0.3243241012096405,accepted,467,0.4719734787940979,1.0,True
4,1,0.3243241012096405,accepted,468,0.46603989601135254,1.0,True
4,1,0.3243241012096405,accepted,469,0.471963107585907,1.0,True
4,1,0.3243241012096405,accepted,470,0.46908363699913025,1.0,True
4,1,0.3243241012096405,accepted,471,0.4756416082382202,1.0,True
4,1,0.3243241012096405,accepted,472,0.4680817425251007,1.0,True
4,1,0.3243241012096405,accepted,473,0.4711882174015045,1.0,True
4,1,0.3243241012096405,accepted,474,0.475620299577713,1.0,True
4,1,0.3243241012096405,accepted,475,0.46467745304107666,1.0,True
4,1,0.3243241012096405,accepted,476,0.4760831594467163,1.0,True
4,1,0.3243241012096405,accepted,477,0.47353699803352356,1.0,True
4,1,0.3243241012096405,accepted,478,0.47723597288131714,1.0,True
4,1,0.3243241012096405,accepted,479,0.4695535898208618,1.0,True
4,1,0.3243241012096405,accepted,480,0.46687668561935425,1.0,True
4,1,0.3243241012096405,accepted,481,0.47327467799186707,1.0,True
4,1,0.3243241012096405,accepted,482,0.4741615056991577,1.0,True
4,1,0.3243241012096405,accepted,483,0.4727122187614441,1.0,True
4,1,0.3243241012096405,accepted,484,0.47170618176460266,1.0,True
4,1,0.3243241012096405,accepted,485,0.4655681252479553,1.0,True
4,1,0.3243241012096405,accepted,486,0.46807238459587097,1.0,True
4,1,0.3243241012096405,accepted,487,0.4700428545475006,1.0,True
4,1,0.3243241012096405,accepted,488,0.46959570050239563,1.0,True
4,1,0.3243241012096405,accepted,489,0.4628455638885498,1.0,True
4,1,0.3243241012096405,accepted,490,0.46989181637763977,1.0,True
4,1,0.3243241012096405,accepted,491,0.4639446437358856,1.0,True
4,1,0.3243241012096405,accepted,492,0.4741235673427582,1.0,True
4,1,0.3243241012096405,accepted,493,0.479356586933136,1.0,True
4,1,0.3243241012096405,accepted,494,0.46924471855163574,1.0,True
4,1,0.3243241012096405,accepted,495,0.47525301575660706,1.0,True
4,1,0.3243241012096405,accepted,496,0.47137022018432617,1.0,True
4,1,0.3243241012096405,accepted,497,0.4723588824272156,1.0,True
4,1,0.3243241012096405,accepted,498,0.4668700098991394,1.0,True
4,1,0.3243241012096405,accepted,499,0.47309237718582153,1.0,True
4,1,0.3243241012096405,accepted,500,0.47107723355293274,1.0,True
5,1,0.42228832840919495,accepted,1,0.4321776330471039,1.0,True
5,1,0.42228832840919495,accepted,2,0.43172693252563477,1.0,True
5,1,0.42228832840919495,accepted,3,0.42880210280418396,1.0,True
5,1,0.42228832840919495,accepted,4,0.4388536512851715,1.0,True
5,1,0.42228832840919495,accepted,5,0.44467082619667053,1.0,True
5,1,0.42228832840919495,accepted,6,0.4511774182319641,1.0,True
5,1,0.42228832840919495,accepted,7,0.4491056799888611,1.0,True
5,1,0.42228832840919495,accepted,8,0.4598883390426636,1.0,True
5,1,0.42228832840919495,accepted,9,0.4624515473842621,1.0,True
5,1,0.42228832840919495,accepted,10,0.45888596773147583,1.0,True
5,1,0.42228832840919495,accepted,11,0.45902952551841736,1.0,True
5,1,0.42228832840919495,accepted,12,0.4659630358219147,1.0,True
5,1,0.42228832840919495,accepted,13,0.47806230187416077,1.0,True
5,1,0.42228832840919495,accepted,14,0.4907059073448181,1.0,True
5,1,0.42228832840919495,accepted,15,0.4977911710739136,1.0,True
5,1,0.42228832840919495,accepted,16,0.5095862150192261,1.0,True
5,1,0.42228832840919495,accepted,17,0.5147303342819214,1.0,True
5,1,0.42228832840919495,accepted,18,0.5257782936096191,1.0,True
5,1,0.42228832840919495,accepted,19,0.5259547829627991,1.0,True
5,1,0.42228832840919495,accepted,20,0.5251569151878357,1.0,True
5,1,0.42228832840919495,accepted,21,0.5343821048736572,1.0,True
5,1,0.42228832840919495,accepted,22,0.5333078503608704,1.0,True
5,1,0.42228832840919495,accepted,23,0.5361769795417786,1.0,True
5,1,0.42228832840919495,accepted,24,0.5435807108879089,1.0,True
5,1,0.42228832840919495,accepted,25,0.5387870669364929,1.0,True
5,1,0.42228832840919495,accepted,26,0.5371955037117004,1.0,True
5,1,0.42228832840919495,accepted,27,0.5439104437828064,1.0,True
5,1,0.42228832840919495,accepted,28,0.5554533004760742,1.0,True
5,1,0.42228832840919495,accepted,29,0.5524673461914062,1.0,True
5,1,0.42228832840919495,accepted,30,0.5643833875656128,1.0,True
5,1,0.42228832840919495,accepted,31,0.5646364092826843,1.0,True
5,1,0.42228832840919495,accepted,32,0.5718056559562683,1.0,True
5,1,0.42228832840919495,accepted,33,0.5714796185493469,1.0,True
5,1,0.42228832840919495,accepted,34,0.5732120871543884,1.0,True
5,1,0.42228832840919495,accepted,35,0.5756531953811646,1.0,True
5,1,0.42228832840919495,accepted,36,0.5828577876091003,1.0,True
5,1,0.42228832840919495,accepted,37,0.5791741609573364,1.0,True
5,1,0.42228832840919495,accepted,38,0.5821555852890015,1.0,True
5,1,0.42228832840919495,accepted,39,0.5782921314239502,1.0,True
5,1,0.42228832840919495,accepted,40,0.581182599067688,1.0,True
5,1,0.42228832840919495,accepted,41,0.5844775438308716,1.0,True
5,1,0.42228832840919495,accepted,42,0.5882533192634583,1.0,True
5,1,0.42228832840919495,accepted,43,0.5850574970245361,1.0,True
5,1,0.42228832840919495,accepted,44,0.5912555456161499,1.0,True
5,1,0.42228832840919495,accepted,45,0.5868188142776489,1.0,True
5,1,0.42228832840919495,accepted,46,0.5872219204902649,1.0,True
5,1,0.42228832840919495,accepted,47,0.5908395648002625,1.0,True
5,1,0.42228832840919495,accepted,48,0.5941371321678162,1.0,True
5,1,0.42228832840919495,accepted,49,0.5946143865585327,1.0,True
5,1,0.42228832840919495,accepted,50,0.6017302870750427,1.0,True
5,1,0.42228832840919495,accepted,51,0.5966365933418274,1.0,True
5,1,0.42228832840919495,accepted,52,0.5938606858253479,1.0,True
5,1,0.42228832840919495,accepted,53,0.5975271463394165,1.0,True
5,1,0.42228832840919495,accepted,54,0.6021424531936646,1.0,True
5,1,0.42228832840919495,accepted,55,0.5972867608070374,1.0,True
5,1,0.42228832840919495,accepted,56,0.6040346622467041,1.0,True
5,1,0.42228832840919495,accepted,57,0.6051439642906189,1.0,True
5,1,0.42228832840919495,accepted,58,0.6011566519737244,1.0,True
5,1,0.42228832840919495,accepted,59,0.6036362051963806,1.0,True
5,1,0.42228832840919495,accepted,60,0.6019954085350037,1.0,True
5,1,0.42228832840919495,accepted,61,0.6129526495933533,1.0,True
5,1,0.42228832840919495,accepted,62,0.6073966026306152,1.0,True
5,1,0.42228832840919495,accepted,63,0.6066336631774902,1.0,True
5,1,0.42228832840919495,accepted,64,0.6071765422821045,1.0,True
5,1,0.42228832840919495,accepted,65,0.612971305847168,1.0,True
5,1,0.42228832840919495,accepted,66,0.6087002158164978,1.0,True
5,1,0.42228832840919495,accepted,67,0.6155970096588135,1.0,True
5,1,0.42228832840919495,accepted,68,0.6104488372802734,1.0,True
5,1,0.42228832840919495,accepted,69,0.6107353568077087,1.0,True
5,1,0.42228832840919495,accepted,70,0.6125564575195312,1.0,True
5,1,0.42228832840919495,accepted,71,0.6094215512275696,1.0,True
5,1,0.42228832840919495,accepted,72,0.610800564289093,1.0,True
5,1,0.42228832840919495,accepted,73,0.6154397130012512,1.0,True
5,1,0.42228832840919495,accepted,74,0.6159493923187256,1.0,True
5,1,0.42228832840919495,accepted,75,0.615882396697998,1.0,True
5,1,0.42228832840919495,accepted,76,0.6172500848770142,1.0,True
5,1,0.42228832840919495,accepted,77,0.6181949973106384,1.0,True
5,1,0.42228832840919495,accepted,78,0.6175468564033508,1.0,True
5,1,0.42228832840919495,accepted,79,0.6196127533912659,1.0,True
5,1,0.42228832840919495,accepted,80,0.617982804775238,1.0,True
5,1,0.42228832840919495,accepted,81,0.6176741123199463,1.0,True
5,1,0.42228832840919495,accepted,82,0.6247190833091736,1.0,True
5,1,0.42228832840919495,accepted,83,0.6185370683670044,1.0,True
5,1,0.42228832840919495,accepted,84,0.6191591024398804,1.0,True
5,1,0.42228832840919495,accepted,85,0.6227679252624512,1.0,True
5,1,0.42228832840919495,accepted,86,0.6195123195648193,1.0,True
5,1,0.42228832840919495,accepted,87,0.6193410158157349,1.0,True
5,1,0.42228832840919495,accepted,88,0.6196706891059875,1.0,True
5,1,0.42228832840919495,accepted,89,0.6270517110824585,1.0,True
5,1,0.42228832840919495,accepted,90,0.6250157952308655,1.0,True
5,1,0.42228832840919495,accepted,91,0.6240152716636658,1.0,True
5,1,0.42228832840919495,accepted,92,0.6236404180526733,1.0,True
5,1,0.42228832840919495,accepted,93,0.6257243752479553,1.0,True
5,1,0.42228832840919495,accepted,94,0.621115505695343,1.0,True
5,1,0.42228832840919495,accepted,95,0.6262377500534058,1.0,True
5,1,0.42228832840919495,accepted,96,0.6167770028114319,1.0,True
5,1,0.42228832840919495,accepted,97,0.6243557333946228,1.0,True
5,1,0.42228832840919495,accepted,98,0.6237320303916931,1.0,True
5,1,0.42228832840919495,accepted,99,0.6262831687927246,1.0,True
5,1,0.42228832840919495,accepted,100,0.6244390606880188,1.0,True
5,1,0.42228832840919495,accepted,101,0.6279074549674988,1.0,True
5,1,0.42228832840919495,accepted,102,0.6234418153762817,1.0,True
5,1,0.42228832840919495,accepted,103,0.6285364627838135,1.0,True
5,1,0.42228832840919495,accepted,104,0.6266726851463318,1.0,True
5,1,0.42228832840919495,accepted,105,0.6221565008163452,1.0,True
5,1,0.42228832840919495,accepted,106,0.6305490136146545,1.0,True
5,1,0.42228832840919495,accepted,107,0.6314058899879456,1.0,True
5,1,0.42228832840919495,accepted,108,0.6308966279029846,1.0,True
5,1,0.42228832840919495,accepted,109,0.6292153596878052,1.0,True
5,1,0.42228832840919495,accepted,110,0.6321481466293335,1.0,True
5,1,0.42228832840919495,accepted,111,0.6269799470901489,1.0,True
5,1,0.42228832840919495,accepted,112,0.6313456892967224,1.0,True
5,1,0.42228832840919495,accepted,113,0.6303000450134277,1.0,True
5,1,0.42228832840919495,accepted,114,0.6325377225875854,1.0,True
5,1,0.42228832840919495,accepted,115,0.6296572089195251,1.0,True
5,1,0.42228832840919495,accepted,116,0.6232813000679016,1.0,True
5,1,0.42228832840919495,accepted,117,0.6281278133392334,1.0,True
5,1,0.42228832840919495,accepted,118,0.6282081007957458,1.0,True
5,1,0.42228832840919495,accepted,119,0.6291506290435791,1.0,True
5,1,0.42228832840919495,accepted,120,0.6345158219337463,1.0,True
5,1,0.42228832840919495,accepted,121,0.6283626556396484,1.0,True
5,1,0.42228832840919495,accepted,122,0.6245939135551453,1.0,True
5,1,0.42228832840919495,accepted,123,0.6323109269142151,1.0,True
5,1,0.42228832840919495,accepted,124,0.6318142414093018,1.0,True
5,1,0.42228832840919495,accepted,125,0.6306030750274658,1.0,True
5,1,0.42228832840919495,accepted,126,0.6365340352058411,1.0,True
5,1,0.42228832840919495,accepted,127,0.6285113096237183,1.0,True
5,1,0.42228832840919495,accepted,128,0.6297905445098877,1.0,True
5,1,0.42228832840919495,accepted,129,0.6307835578918457,1.0,True
5,1,0.42228832840919495,accepted,130,0.6317479610443115,1.0,True
5,1,0.42228832840919495,accepted,131,0.6346767544746399,1.0,True
5,1,0.42228832840919495,accepted,132,0.6291998028755188,1.0,True
5,1,0.42228832840919495,accepted,133,0.6316407322883606,1.0,True
5,1,0.42228832840919495,accepted,134,0.6306692361831665,1.0,True
5,1,0.42228832840919495,accepted,135,0.6311541795730591,1.0,True
5,1,0.42228832840919495,accepted,136,0.6329311728477478,1.0,True
5,1,0.42228832840919495,accepted,137,0.634432315826416,1.0,True
5,1,0.42228832840919495,accepted,138,0.634250819683075,1.0,True
5,1,0.42228832840919495,accepted,139,0.6306198835372925,1.0,True
5,1,0.42228832840919495,accepted,140,0.6307281851768494,1.0,True
5,1,0.42228832840919495,accepted,141,0.6349164843559265,1.0,True
5,1,0.42228832840919495,accepted,142,0.6325823664665222,1.0,True
5,1,0.42228832840919495,accepted,143,0.6362390518188477,1.0,True
5,1,0.42228832840919495,accepted,144,0.6356362700462341,1.0,True
5,1,0.42228832840919495,accepted,145,0.6350618004798889,1.0,True
5,1,0.42228832840919495,accepted,146,0.6366785168647766,1.0,True
5,1,0.42228832840919495,accepted,147,0.6353429555892944,1.0,True
5,1,0.42228832840919495,accepted,148,0.6322048306465149,1.0,True
5,1,0.42228832840919495,accepted,149,0.636297345161438,1.0,True
5,1,0.42228832840919495,accepted,150,0.6335858106613159,1.0,True
5,1,0.42228832840919495,accepted,151,0.641984224319458,1.0,True
5,1,0.42228832840919495,accepted,152,0.6354568004608154,1.0,True
5,1,0.42228832840919495,accepted,153,0.6363470554351807,1.0,True
5,1,0.42228832840919495,accepted,154,0.6335567831993103,1.0,True
5,1,0.42228832840919495,accepted,155,0.6415876150131226,1.0,True
5,1,0.42228832840919495,accepted,156,0.6323350667953491,1.0,True
5,1,0.42228832840919495,accepted,157,0.6408367156982422,1.0,True
5,1,0.42228832840919495,accepted,158,0.6379658579826355,1.0,True
5,1,0.42228832840919495,accepted,159,0.6362681984901428,1.0,True
5,1,0.42228832840919495,accepted,160,0.6341081261634827,1.0,True
5,1,0.42228832840919495,accepted,161,0.6374465227127075,1.0,True
5,1,0.42228832840919495,accepted,162,0.6346416473388672,1.0,True
5,1,0.42228832840919495,accepted,163,0.6393850445747375,1.0,True
5,1,0.42228832840919495,accepted,164,0.6372021436691284,1.0,True
5,1,0.42228832840919495,accepted,165,0.6414970755577087,1.0,True
5,1,0.42228832840919495,accepted,166,0.6388718485832214,1.0,True
5,1,0.42228832840919495,accepted,167,0.6404677033424377,1.0,True
5,1,0.42228832840919495,accepted,168,0.6356738209724426,1.0,True
5,1,0.42228832840919495,accepted,169,0.6336680054664612,1.0,True
5,1,0.42228832840919495,accepted,170,0.6374136209487915,1.0,True
5,1,0.42228832840919495,accepted,171,0.6359273195266724,1.0,True
5,1,0.42228832840919495,accepted,172,0.6347082257270813,1.0,True
5,1,0.42228832840919495,accepted,173,0.6397815346717834,1.0,True
5,1,0.42228832840919495,accepted,174,0.6364575624465942,1.0,True
5,1,0.42228832840919495,accepted,175,0.6387695074081421,1.0,True
5,1,0.42228832840919495,accepted,176,0.6398608088493347,1.0,True
5,1,0.42228832840919495,accepted,177,0.6374695897102356,1.0,True
5,1,0.42228832840919495,accepted,178,0.6359466910362244,1.0,True
5,1,0.42228832840919495,accepted,179,0.6401623487472534,1.0,True
5,1,0.42228832840919495,accepted,180,0.6373273730278015,1.0,True
5,1,0.42228832840919495,accepted,181,0.6345242261886597,1.0,True
5,1,0.42228832840919495,accepted,182,0.6383699774742126,1.0,True
5,1,0.42228832840919495,accepted,183,0.6413698196411133,1.0,True
5,1,0.42228832840919495,accepted,184,0.633117139339447,1.0,True
5,1,0.42228832840919495,accepted,185,0.6386805772781372,1.0,True
5,1,0.42228832840919495,accepted,186,0.6301137208938599,1.0,True
5,1,0.42228832840919495,accepted,187,0.6364272236824036,1.0,True
5,1,0.42228832840919495,accepted,188,0.6393240690231323,1.0,True
5,1,0.42228832840919495,accepted,189,0.635352611541748,1.0,True
5,1,0.42228832840919495,accepted,190,0.6389291286468506,1.0,True
5,1,0.42228832840919495,accepted,191,0.6382835507392883,1.0,True
5,1,0.42228832840919495,accepted,192,0.637952446937561,1.0,True
5,1,0.42228832840919495,accepted,193,0.6398596167564392,1.0,True
5,1,0.42228832840919495,accepted,194,0.6441183686256409,1.0,True
5,1,0.42228832840919495,accepted,195,0.6417944431304932,1.0,True
5,1,0.42228832840919495,accepted,196,0.6417308449745178,1.0,True
5,1,0.42228832840919495,accepted,197,0.6387718915939331,1.0,True
5,1,0.42228832840919495,accepted,198,0.6373565196990967,1.0,True
5,1,0.42228832840919495,accepted,199,0.639707088470459,1.0,True
5,1,0.42228832840919495,accepted,200,0.6388962268829346,1.0,True
5,1,0.42228832840919495,accepted,201,0.6386281251907349,1.0,True
5,1,0.42228832840919495,accepted,202,0.6421728730201721,1.0,True
5,1,0.42228832840919495,accepted,203,0.6368194222450256,1.0,True
5,1,0.42228832840919495,accepted,204,0.6447354555130005,1.0,True
5,1,0.42228832840919495,accepted,205,0.6389034986495972,1.0,True
5,1,0.42228832840919495,accepted,206,0.6473835706710815,1.0,True
5,1,0.42228832840919495,accepted,207,0.6392192244529724,1.0,True
5,1,0.42228832840919495,accepted,208,0.6449974179267883,1.0,True
5,1,0.42228832840919495,accepted,209,0.6461030840873718,1.0,True
5,1,0.42228832840919495,accepted,210,0.6426948308944702,1.0,True
5,1,0.42228832840919495,accepted,211,0.6420859098434448,1.0,True
5,1,0.42228832840919495,accepted,212,0.6494105458259583,1.0,True
5,1,0.42228832840919495,accepted,213,0.6408782601356506,1.0,True
5,1,0.42228832840919495,accepted,214,0.6479209065437317,1.0,True
5,1,0.42228832840919495,accepted,215,0.6390753984451294,1.0,True
5,1,0.42228832840919495,accepted,216,0.6439722180366516,1.0,True
5,1,0.42228832840919495,accepted,217,0.6384576559066772,1.0,True
5,1,0.42228832840919495,accepted,218,0.649398148059845,1.0,True
5,1,0.42228832840919495,accepted,219,0.6421679258346558,1.0,True
5,1,0.42228832840919495,accepted,220,0.6372811198234558,1.0,True
5,1,0.42228832840919495,accepted,221,0.6379220485687256,1.0,True
5,1,0.42228832840919495,accepted,222,0.6424840688705444,1.0,True
5,1,0.42228832840919495,accepted,223,0.6391399502754211,1.0,True
5,1,0.42228832840919495,accepted,224,0.6407535672187805,1.0,True
5,1,0.42228832840919495,accepted,225,0.6424447894096375,1.0,True
5,1,0.42228832840919495,accepted,226,0.6399548053741455,1.0,True
5,1,0.42228832840919495,accepted,227,0.6434577703475952,1.0,True
5,1,0.42228832840919495,accepted,228,0.6454811096191406,1.0,True
5,1,0.42228832840919495,accepted,229,0.6433890461921692,1.0,True
5,1,0.42228832840919495,accepted,230,0.6420503258705139,1.0,True
5,1,0.42228832840919495,accepted,231,0.647097110748291,1.0,True
5,1,0.42228832840919495,accepted,232,0.6435670256614685,1.0,True
5,1,0.42228832840919495,accepted,233,0.6419193148612976,1.0,True
5,1,0.42228832840919495,accepted,234,0.6424619555473328,1.0,True
5,1,0.42228832840919495,accepted,235,0.6442241072654724,1.0,True
5,1,0.42228832840919495,accepted,236,0.642726719379425,1.0,True
5,1,0.42228832840919495,accepted,237,0.6401147842407227,1.0,True
5,1,0.42228832840919495,accepted,238,0.6408024430274963,1.0,True
5,1,0.42228832840919495,accepted,239,0.6452681422233582,1.0,True
5,1,0.42228832840919495,accepted,240,0.6362912654876709,1.0,True
5,1,0.42228832840919495,accepted,241,0.6458012461662292,1.0,True
5,1,0.42228832840919495,accepted,242,0.6436148881912231,1.0,True
5,1,0.42228832840919495,accepted,243,0.6476392149925232,1.0,True
5,1,0.42228832840919495,accepted,244,0.6433350443840027,1.0,True
5,1,0.42228832840919495,accepted,245,0.6434184908866882,1.0,True
5,1,0.42228832840919495,accepted,246,0.6425146460533142,1.0,True
5,1,0.42228832840919495,accepted,247,0.6428443789482117,1.0,True
5,1,0.42228832840919495,accepted,248,0.6439672708511353,1.0,True
5,1,0.42228832840919495,accepted,249,0.648455023765564,1.0,True
5,1,0.42228832840919495,accepted,250,0.644814133644104,1.0,True
5,1,0.42228832840919495,accepted,251,0.6396107077598572,1.0,True
5,1,0.42228832840919495,accepted,252,0.6411007642745972,1.0,True
5,1,0.42228832840919495,accepted,253,0.6409344673156738,1.0,True
5,1,0.42228832840919495,accepted,254,0.6466529965400696,1.0,True
5,1,0.42228832840919495,accepted,255,0.6475638747215271,1.0,True
5,1,0.42228832840919495,accepted,256,0.6491615772247314,1.0,True
5,1,0.42228832840919495,accepted,257,0.6464766263961792,1.0,True
5,1,0.42228832840919495,accepted,258,0.6406533718109131,1.0,True
5,1,0.42228832840919495,accepted,259,0.6458727121353149,1.0,True
5,1,0.42228832840919495,accepted,260,0.644932210445404,1.0,True
5,1,0.42228832840919495,accepted,261,0.6475614309310913,1.0,True
5,1,0.42228832840919495,accepted,262,0.6526688933372498,1.0,True
5,1,0.42228832840919495,accepted,263,0.6455205082893372,1.0,True
5,1,0.42228832840919495,accepted,264,0.6457052230834961,1.0,True
5,1,0.42228832840919495,accepted,265,0.6432639360427856,1.0,True
5,1,0.42228832840919495,accepted,266,0.6519970297813416,1.0,True
5,1,0.42228832840919495,accepted,267,0.6437536478042603,1.0,True
5,1,0.42228832840919495,accepted,268,0.6405665874481201,1.0,True
5,1,0.42228832840919495,accepted,269,0.6465888619422913,1.0,True
5,1,0.42228832840919495,accepted,270,0.642248809337616,1.0,True
5,1,0.42228832840919495,accepted,271,0.6486095786094666,1.0,True
5,1,0.42228832840919495,accepted,272,0.6484847068786621,1.0,True
5,1,0.42228832840919495,accepted,273,0.6460661292076111,1.0,True
5,1,0.42228832840919495,accepted,274,0.6493386626243591,1.0,True
5,1,0.42228832840919495,accepted,275,0.6484661102294922,1.0,True
5,1,0.42228832840919495,accepted,276,0.645526647567749,1.0,True
5,1,0.42228832840919495,accepted,277,0.6456953287124634,1.0,True
5,1,0.42228832840919495,accepted,278,0.6405825614929199,1.0,True
5,1,0.42228832840919495,accepted,279,0.6484661102294922,1.0,True
5,1,0.42228832840919495,accepted,280,0.6445435881614685,1.0,True
5,1,0.42228832840919495,accepted,281,0.6505548357963562,1.0,True
5,1,0.42228832840919495,accepted,282,0.6461352109909058,1.0,True
5,1,0.42228832840919495,accepted,283,0.6405006647109985,1.0,True
5,1,0.42228832840919495,accepted,284,0.6459663510322571,1.0,True
5,1,0.42228832840919495,accepted,285,0.6437155604362488,1.0,True
5,1,0.42228832840919495,accepted,286,0.6471711993217468,1.0,True
5,1,0.42228832840919495,accepted,287,0.6477392911911011,1.0,True
5,1,0.42228832840919495,accepted,288,0.6444674134254456,1.0,True
5,1,0.42228832840919495,accepted,289,0.6458727121353149,1.0,True
5,1,0.42228832840919495,accepted,290,0.6482287049293518,1.0,True
5,1,0.42228832840919495,accepted,291,0.6443051695823669,1.0,True
5,1,0.42228832840919495,accepted,292,0.6476688385009766,1.0,True
5,1,0.42228832840919495,accepted,293,0.6437597274780273,1.0,True
5,1,0.42228832840919495,accepted,294,0.649757444858551,1.0,True
5,1,0.42228832840919495,accepted,295,0.6471711993217468,1.0,True
5,1,0.42228832840919495,accepted,296,0.6475279927253723,1.0,True
5,1,0.42228832840919495,accepted,297,0.6426188349723816,1.0,True
5,1,0.42228832840919495,accepted,298,0.6438408493995667,1.0,True
5,1,0.42228832840919495,accepted,299,0.6464149951934814,1.0,True
5,1,0.42228832840919495,accepted,300,0.6464272737503052,1.0,True
5,1,0.42228832840919495,accepted,301,0.6430111527442932,1.0,True
5,1,0.42228832840919495,accepted,302,0.6429989337921143,1.0,True
5,1,0.42228832840919495,accepted,303,0.6399987936019897,1.0,True
5,1,0.42228832840919495,accepted,304,0.6450466513633728,1.0,True
5,1,0.42228832840919495,accepted,305,0.6401355266571045,1.0,True
5,1,0.42228832840919495,accepted,306,0.6461437940597534,1.0,True
5,1,0.42228832840919495,accepted,307,0.6500400304794312,1.0,True
5,1,0.42228832840919495,accepted,308,0.6453850865364075,1.0,True
5,1,0.42228832840919495,accepted,309,0.6460993885993958,1.0,True
5,1,0.42228832840919495,accepted,310,0.6468182802200317,1.0,True
5,1,0.42228832840919495,accepted,311,0.6466813087463379,1.0,True
5,1,0.42228832840919495,accepted,312,0.643650472164154,1.0,True
5,1,0.42228832840919495,accepted,313,0.6421312093734741,1.0,True
5,1,0.42228832840919495,accepted,314,0.6426114439964294,1.0,True
5,1,0.42228832840919495,accepted,315,0.6463015675544739,1.0,True
5,1,0.42228832840919495,accepted,316,0.6508104801177979,1.0,True
5,1,0.42228832840919495,accepted,317,0.6455524563789368,1.0,True
5,1,0.42228832840919495,accepted,318,0.643538773059845,1.0,True
5,1,0.42228832840919495,accepted,319,0.6494749188423157,1.0,True
5,1,0.42228832840919495,accepted,320,0.6413992047309875,1.0,True
5,1,0.42228832840919495,accepted,321,0.6471909880638123,1.0,True
5,1,0.42228832840919495,accepted,322,0.6469552516937256,1.0,True
5,1,0.42228832840919495,accepted,323,0.6502124071121216,1.0,True
5,1,0.42228832840919495,accepted,324,0.6427291631698608,1.0,True
5,1,0.42228832840919495,accepted,325,0.6499322056770325,1.0,True
5,1,0.42228832840919495,accepted,326,0.6446149349212646,1.0,True
5,1,0.42228832840919495,accepted,327,0.6485242247581482,1.0,True
5,1,0.42228832840919495,accepted,328,0.647537887096405,1.0,True
5,1,0.42228832840919495,accepted,329,0.6495331525802612,1.0,True
5,1,0.42228832840919495,accepted,330,0.6491826772689819,1.0,True
5,1,0.42228832840919495,accepted,331,0.6435019969940186,1.0,True
5,1,0.42228832840919495,accepted,332,0.6458332538604736,1.0,True
5,1,0.42228832840919495,accepted,333,0.6468885540962219,1.0,True
5,1,0.42228832840919495,accepted,334,0.6486467123031616,1.0,True
5,1,0.42228832840919495,accepted,335,0.6497227549552917,1.0,True
5,1,0.42228832840919495,accepted,336,0.6461364030838013,1.0,True
5,1,0.42228832840919495,accepted,337,0.6503872871398926,1.0,True
5,1,0.42228832840919495,accepted,338,0.6504828333854675,1.0,True
5,1,0.42228832840919495,accepted,339,0.6480420231819153,1.0,True
5,1,0.42228832840919495,accepted,340,0.6476985216140747,1.0,True
5,1,0.42228832840919495,accepted,341,0.6434184908866882,1.0,True
5,1,0.42228832840919495,accepted,342,0.6492395997047424,1.0,True
5,1,0.42228832840919495,accepted,343,0.644696056842804,1.0,True
5,1,0.42228832840919495,accepted,344,0.6451266407966614,1.0,True
5,1,0.42228832840919495,accepted,345,0.6492507457733154,1.0,True
5,1,0.42228832840919495,accepted,346,0.6533626317977905,1.0,True
5,1,0.42228832840919495,accepted,347,0.6496161818504333,1.0,True
5,1,0.42228832840919495,accepted,348,0.6471773982048035,1.0,True
5,1,0.42228832840919495,accepted,349,0.6448313593864441,1.0,True
5,1,0.42228832840919495,accepted,350,0.6445485949516296,1.0,True
5,1,0.42228832840919495,accepted,351,0.644696056842804,1.0,True
5,1,0.42228832840919495,accepted,352,0.6478924751281738,1.0,True
5,1,0.42228832840919495,accepted,353,0.6479554772377014,1.0,True
5,1,0.42228832840919495,accepted,354,0.6465900540351868,1.0,True
5,1,0.42228832840919495,accepted,355,0.6471526622772217,1.0,True
5,1,0.42228832840919495,accepted,356,0.6463521122932434,1.0,True
5,1,0.42228832840919495,accepted,357,0.6536967158317566,1.0,True
5,1,0.42228832840919495,accepted,358,0.6489783525466919,1.0,True
5,1,0.42228832840919495,accepted,359,0.6497375965118408,1.0,True
5,1,0.42228832840919495,accepted,360,0.649353563785553,1.0,True
5,1,0.42228832840919495,accepted,361,0.6506528258323669,1.0,True
5,1,0.42228832840919495,accepted,362,0.6515134572982788,1.0,True
5,1,0.42228832840919495,accepted,363,0.6506230235099792,1.0,True
5,1,0.42228832840919495,accepted,364,0.6529502868652344,1.0,True
5,1,0.42228832840919495,accepted,365,0.6491999626159668,1.0,True
5,1,0.42228832840919495,accepted,366,0.6522781252861023,1.0,True
5,1,0.42228832840919495,accepted,367,0.6502397060394287,1.0,True
5,1,0.42228832840919495,accepted,368,0.6481025815010071,1.0,True
5,1,0.42228832840919495,accepted,369,0.6503067016601562,1.0,True
5,1,0.42228832840919495,accepted,370,0.6482015252113342,1.0,True
5,1,0.42228832840919495,accepted,371,0.6518863439559937,1.0,True
5,1,0.42228832840919495,accepted,372,0.6583024859428406,1.0,True
5,1,0.42228832840919495,accepted,373,0.6471835374832153,1.0,True
5,1,0.42228832840919495,accepted,374,0.6435744166374207,1.0,True
5,1,0.42228832840919495,accepted,375,0.6509830355644226,1.0,True
5,1,0.42228832840919495,accepted,376,0.6545863151550293,1.0,True
5,1,0.42228832840919495,accepted,377,0.643953800201416,1.0,True
5,1,0.42228832840919495,accepted,378,0.6515420079231262,1.0,True
5,1,0.42228832840919495,accepted,379,0.6507012844085693,1.0,True
5,1,0.42228832840919495,accepted,380,0.6472378969192505,1.0,True
5,1,0.42228832840919495,accepted,381,0.6539473533630371,1.0,True
5,1,0.42228832840919495,accepted,382,0.6489214301109314,1.0,True
5,1,0.42228832840919495,accepted,383,0.6536418795585632,1.0,True
5,1,0.42228832840919495,accepted,384,0.6494253873825073,1.0,True
5,1,0.42228832840919495,accepted,385,0.6536344289779663,1.0,True
5,1,0.42228832840919495,accepted,386,0.6531994342803955,1.0,True
5,1,0.42228832840919495,accepted,387,0.6547998189926147,1.0,True
5,1,0.42228832840919495,accepted,388,0.6528008580207825,1.0,True
5,1,0.42228832840919495,accepted,389,0.6472440361976624,1.0,True
5,1,0.42228832840919495,accepted,390,0.6516103744506836,1.0,True
5,1,0.42228832840919495,accepted,391,0.6478467583656311,1.0,True
5,1,0.42228832840919495,accepted,392,0.6500214338302612,1.0,True
5,1,0.42228832840919495,accepted,393,0.6465604901313782,1.0,True
5,1,0.42228832840919495,accepted,394,0.6485885977745056,1.0,True
5,1,0.42228832840919495,accepted,395,0.6492346525192261,1.0,True
5,1,0.42228832840919495,accepted,396,0.6459355354309082,1.0,True
5,1,0.42228832840919495,accepted,397,0.6511954069137573,1.0,True
5,1,0.42228832840919495,accepted,398,0.6485032439231873,1.0,True
5,1,0.42228832840919495,accepted,399,0.647925853729248,1.0,True
5,1,0.42228832840919495,accepted,400,0.6462103724479675,1.0,True
5,1,0.42228832840919495,accepted,401,0.6425771713256836,1.0,True
5,1,0.42228832840919495,accepted,402,0.6485959887504578,1.0,True
5,1,0.42228832840919495,accepted,403,0.6513580679893494,1.0,True
5,1,0.42228832840919495,accepted,404,0.6515792608261108,1.0,True
5,1,0.42228832840919495,accepted,405,0.6495715975761414,1.0,True
5,1,0.42228832840919495,accepted,406,0.6479097604751587,1.0,True
5,1,0.42228832840919495,accepted,407,0.65499347448349,1.0,True
5,1,0.42228832840919495,accepted,408,0.6503537893295288,1.0,True
5,1,0.42228832840919495,accepted,409,0.6461352109909058,1.0,True
5,1,0.42228832840919495,accepted,410,0.6515631079673767,1.0,True
5,1,0.42228832840919495,accepted,411,0.650362491607666,1.0,True
5,1,0.42228832840919495,accepted,412,0.6502359509468079,1.0,True
5,1,0.42228832840919495,accepted,413,0.6523427963256836,1.0,True
5,1,0.42228832840919495,accepted,414,0.6508849859237671,1.0,True
5,1,0.42228832840919495,accepted,415,0.6485885977745056,1.0,True
5,1,0.42228832840919495,accepted,416,0.6484636068344116,1.0,True
5,1,0.42228832840919495,accepted,417,0.6518055200576782,1.0,True
5,1,0.42228832840919495,accepted,418,0.6534361839294434,1.0,True
5,1,0.42228832840919495,accepted,419,0.6556059122085571,1.0,True
5,1,0.42228832840919495,accepted,420,0.6500350832939148,1.0,True
5,1,0.42228832840919495,accepted,421,0.6510028839111328,1.0,True
5,1,0.42228832840919495,accepted,422,0.6464568972587585,1.0,True
5,1,0.42228832840919495,accepted,423,0.6538363695144653,1.0,True
5,1,0.42228832840919495,accepted,424,0.6523079872131348,1.0,True
5,1,0.42228832840919495,accepted,425,0.6512612104415894,1.0,True
5,1,0.42228832840919495,accepted,426,0.64667147397995,1.0,True
5,1,0.42228832840919495,accepted,427,0.6489845514297485,1.0,True
5,1,0.42228832840919495,accepted,428,0.6564780473709106,1.0,True
5,1,0.42228832840919495,accepted,429,0.6565819978713989,1.0,True
5,1,0.42228832840919495,accepted,430,0.650641679763794,1.0,True
5,1,0.42228832840919495,accepted,431,0.6586353182792664,1.0,True
5,1,0.42228832840919495,accepted,432,0.6481952667236328,1.0,True
5,1,0.42228832840919495,accepted,433,0.6478579044342041,1.0,True
5,1,0.42228832840919495,accepted,434,0.6569753289222717,1.0,True
5,1,0.42228832840919495,accepted,435,0.6490563750267029,1.0,True
5,1,0.42228832840919495,accepted,436,0.6575319766998291,1.0,True
5,1,0.42228832840919495,accepted,437,0.6504145860671997,1.0,True
5,1,0.42228832840919495,accepted,438,0.6519808173179626,1.0,True
5,1,0.42228832840919495,accepted,439,0.6518204212188721,1.0,True
5,1,0.42228832840919495,accepted,440,0.6509966850280762,1.0,True
5,1,0.42228832840919495,accepted,441,0.6521499752998352,1.0,True
5,1,0.42228832840919495,accepted,442,0.6483511328697205,1.0,True
5,1,0.42228832840919495,accepted,443,0.6550384163856506,1.0,True
5,1,0.42228832840919495,accepted,444,0.6526489853858948,1.0,True
5,1,0.42228832840919495,accepted,445,0.6531259417533875,1.0,True
5,1,0.42228832840919495,accepted,446,0.6465666890144348,1.0,True
5,1,0.42228832840919495,accepted,447,0.6524149775505066,1.0,True
5,1,0.42228832840919495,accepted,448,0.6452964544296265,1.0,True
5,1,0.42228832840919495,accepted,449,0.6478603482246399,1.0,True
5,1,0.42228832840919495,accepted,450,0.6458098888397217,1.0,True
5,1,0.42228832840919495,accepted,451,0.656927764415741,1.0,True
5,1,0.42228832840919495,accepted,452,0.6555095911026001,1.0,True
5,1,0.42228832840919495,accepted,453,0.6517856121063232,1.0,True
5,1,0.42228832840919495,accepted,454,0.6541831493377686,1.0,True
5,1,0.42228832840919495,accepted,455,0.6546175479888916,1.0,True
5,1,0.42228832840919495,accepted,456,0.6514773964881897,1.0,True
5,1,0.42228832840919495,accepted,457,0.6454589366912842,1.0,True
5,1,0.42228832840919495,accepted,458,0.6494897603988647,1.0,True
5,1,0.42228832840919495,accepted,459,0.6495306491851807,1.0,True
5,1,0.42228832840919495,accepted,460,0.6505932807922363,1.0,True
5,1,0.42228832840919495,accepted,461,0.653119683265686,1.0,True
5,1,0.42228832840919495,accepted,462,0.6528369784355164,1.0,True
5,1,0.42228832840919495,accepted,463,0.6476540565490723,1.0,True
5,1,0.42228832840919495,accepted,464,0.6518975496292114,1.0,True
5,1,0.42228832840919495,accepted,465,0.6540384292602539,1.0,True
5,1,0.42228832840919495,accepted,466,0.6452422738075256,1.0,True
5,1,0.42228832840919495,accepted,467,0.6513829827308655,1.0,True
5,1,0.42228832840919495,accepted,468,0.6533015966415405,1.0,True
5,1,0.42228832840919495,accepted,469,0.6573337912559509,1.0,True
5,1,0.42228832840919495,accepted,470,0.6525768041610718,1.0,True
5,1,0.42228832840919495,accepted,471,0.6505312323570251,1.0,True
5,1,0.42228832840919495,accepted,472,0.6497636437416077,1.0,True
5,1,0.42228832840919495,accepted,473,0.6492346525192261,1.0,True
5,1,0.42228832840919495,accepted,474,0.6546562314033508,1.0,True
5,1,0.42228832840919495,accepted,475,0.6484129428863525,1.0,True
5,1,0.42228832840919495,accepted,476,0.6506602764129639,1.0,True
5,1,0.42228832840919495,accepted,477,0.6483758687973022,1.0,True
5,1,0.42228832840919495,accepted,478,0.6479048728942871,1.0,True
5,1,0.42228832840919495,accepted,479,0.6520915627479553,1.0,True
5,1,0.42228832840919495,accepted,480,0.649945855140686,1.0,True
5,1,0.42228832840919495,accepted,481,0.6492891311645508,1.0,True
5,1,0.42228832840919495,accepted,482,0.6511370539665222,1.0,True
5,1,0.42228832840919495,accepted,483,0.643634557723999,1.0,True
5,1,0.42228832840919495,accepted,484,0.6513084173202515,1.0,True
5,1,0.42228832840919495,accepted,485,0.6531496047973633,1.0,True
5,1,0.42228832840919495,accepted,486,0.6487407684326172,1.0,True
5,1,0.42228832840919495,accepted,487,0.6504815816879272,1.0,True
5,1,0.42228832840919495,accepted,488,0.6489771604537964,1.0,True
5,1,0.42228832840919495,accepted,489,0.6466159820556641,1.0,True
5,1,0.42228832840919495,accepted,490,0.6520517468452454,1.0,True
5,1,0.42228832840919495,accepted,491,0.652432382106781,1.0,True
5,1,0.42228832840919495,accepted,492,0.6495715975761414,1.0,True
5,1,0.42228832840919495,accepted,493,0.6550909280776978,1.0,True
5,1,0.42228832840919495,accepted,494,0.6557784676551819,1.0,True
5,1,0.42228832840919495,accepted,495,0.6565907597541809,1.0,True
5,1,0.42228832840919495,accepted,496,0.652944028377533,1.0,True
5,1,0.42228832840919495,accepted,497,0.654349148273468,1.0,True
5,1,0.42228832840919495,accepted,498,0.6494600176811218,1.0,True
5,1,0.42228832840919495,accepted,499,0.6540122628211975,1.0,True
5,1,0.42228832840919495,accepted,500,0.6504940390586853,1.0,True
6,1,0.5496418476104736,accepted,1,0.5905410051345825,1.0,True
6,1,0.5496418476104736,accepted,2,0.5947176218032837,1.0,True
6,1,0.5496418476104736,accepted,3,0.5988575220108032,1.0,True
6,1,0.5496418476104736,accepted,4,0.606926441192627,1.0,True
6,1,0.5496418476104736,accepted,5,0.6172842383384705,1.0,True
6,1,0.5496418476104736,accepted,6,0.6215717792510986,1.0,True
6,1,0.5496418476104736,accepted,7,0.6315600275993347,1.0,True
6,1,0.5496418476104736,accepted,8,0.6364685297012329,1.0,True
6,1,0.5496418476104736,accepted,9,0.6513705253601074,1.0,True
6,1,0.5496418476104736,accepted,10,0.6513121128082275,1.0,True
6,1,0.5496418476104736,accepted,11,0.6581166386604309,1.0,True
6,1,0.5496418476104736,accepted,12,0.6693965792655945,1.0,True
6,1,0.5496418476104736,accepted,13,0.6826044321060181,1.0,True
6,1,0.5496418476104736,accepted,14,0.6945875287055969,1.0,True
6,1,0.5496418476104736,accepted,15,0.7060506939888,1.0,True
6,1,0.5496418476104736,accepted,16,0.7067391872406006,1.0,True
6,1,0.5496418476104736,accepted,17,0.7138517498970032,1.0,True
6,1,0.5496418476104736,accepted,18,0.7139797806739807,1.0,True
6,1,0.5496418476104736,accepted,19,0.7197360396385193,1.0,True
6,1,0.5496418476104736,accepted,20,0.7279409170150757,1.0,True
6,1,0.5496418476104736,accepted,21,0.73248690366745,1.0,True
6,1,0.5496418476104736,accepted,22,0.7407636642456055,1.0,True
6,1,0.5496418476104736,accepted,23,0.7340617775917053,1.0,True
6,1,0.5496418476104736,accepted,24,0.7414845824241638,1.0,True
6,1,0.5496418476104736,accepted,25,0.7468669414520264,1.0,True
6,1,0.5496418476104736,accepted,26,0.7437949180603027,1.0,True
6,1,0.5496418476104736,accepted,27,0.7478219866752625,1.0,True
6,1,0.5496418476104736,accepted,28,0.7554113864898682,1.0,True
6,1,0.5496418476104736,accepted,29,0.7604131698608398,1.0,True
6,1,0.5496418476104736,accepted,30,0.7650715112686157,1.0,True
6,1,0.5496418476104736,accepted,31,0.7639603614807129,1.0,True
6,1,0.5496418476104736,accepted,32,0.7664722204208374,1.0,True
6,1,0.5496418476104736,accepted,33,0.7724350690841675,1.0,True
6,1,0.5496418476104736,accepted,34,0.7781668305397034,1.0,True
6,1,0.5496418476104736,accepted,35,0.776149332523346,1.0,True
6,1,0.5496418476104736,accepted,36,0.7753710746765137,1.0,True
6,1,0.5496418476104736,accepted,37,0.7785319685935974,1.0,True
6,1,0.5496418476104736,accepted,38,0.7802608609199524,1.0,True
6,1,0.5496418476104736,accepted,39,0.7846006155014038,1.0,True
6,1,0.5496418476104736,accepted,40,0.7880141735076904,1.0,True
6,1,0.5496418476104736,accepted,41,0.7839170098304749,1.0,True
6,1,0.5496418476104736,accepted,42,0.7869717478752136,1.0,True
6,1,0.5496418476104736,accepted,43,0.7925058603286743,1.0,True
6,1,0.5496418476104736,accepted,44,0.7897264361381531,1.0,True
6,1,0.5496418476104736,accepted,45,0.7921885251998901,1.0,True
6,1,0.5496418476104736,accepted,46,0.7908146977424622,1.0,True
6,1,0.5496418476104736,accepted,47,0.7926358580589294,1.0,True
6,1,0.5496418476104736,accepted,48,0.7961525917053223,1.0,True
6,1,0.5496418476104736,accepted,49,0.8009458780288696,1.0,True
6,1,0.5496418476104736,accepted,50,0.7945006489753723,1.0,True
6,1,0.5496418476104736,accepted,51,0.7977258563041687,1.0,True
6,1,0.5496418476104736,accepted,52,0.7947506904602051,1.0,True
6,1,0.5496418476104736,accepted,53,0.7987717986106873,1.0,True
6,1,0.5496418476104736,accepted,54,0.7997124195098877,1.0,True
6,1,0.5496418476104736,accepted,55,0.79982990026474,1.0,True
6,1,0.5496418476104736,accepted,56,0.8004952669143677,1.0,True
6,1,0.5496418476104736,accepted,57,0.8044717907905579,1.0,True
6,1,0.5496418476104736,accepted,58,0.8005807995796204,1.0,True
6,1,0.5496418476104736,accepted,59,0.8040438294410706,1.0,True
6,1,0.5496418476104736,accepted,60,0.8031165599822998,1.0,True
6,1,0.5496418476104736,accepted,61,0.8038552403450012,1.0,True
6,1,0.5496418476104736,accepted,62,0.8075511455535889,1.0,True
6,1,0.5496418476104736,accepted,63,0.8036743402481079,1.0,True
6,1,0.5496418476104736,accepted,64,0.8043122887611389,1.0,True
6,1,0.5496418476104736,accepted,65,0.8046482801437378,1.0,True
6,1,0.5496418476104736,accepted,66,0.8067905902862549,1.0,True
6,1,0.5496418476104736,accepted,67,0.808505117893219,1.0,True
6,1,0.5496418476104736,accepted,68,0.8063567280769348,1.0,True
6,1,0.5496418476104736,accepted,69,0.805280864238739,1.0,True
6,1,0.5496418476104736,accepted,70,0.812950849533081,1.0,True
6,1,0.5496418476104736,accepted,71,0.8139919638633728,1.0,True
6,1,0.5496418476104736,accepted,72,0.812213122844696,1.0,True
6,1,0.5496418476104736,accepted,73,0.8144391775131226,1.0,True
6,1,0.5496418476104736,accepted,74,0.8132656812667847,1.0,True
6,1,0.5496418476104736,accepted,75,0.8115704655647278,1.0,True
6,1,0.5496418476104736,accepted,76,0.8114203214645386,1.0,True
6,1,0.5496418476104736,accepted,77,0.8094077706336975,1.0,True
6,1,0.5496418476104736,accepted,78,0.8136566877365112,1.0,True
6,1,0.5496418476104736,accepted,79,0.8130501508712769,1.0,True
6,1,0.5496418476104736,accepted,80,0.8154914975166321,1.0,True
6,1,0.5496418476104736,accepted,81,0.8144624829292297,1.0,True
6,1,0.5496418476104736,accepted,82,0.8149799704551697,1.0,True
6,1,0.5496418476104736,accepted,83,0.8109128475189209,1.0,True
6,1,0.5496418476104736,accepted,84,0.8154883980751038,1.0,True
6,1,0.5496418476104736,accepted,85,0.8155459761619568,1.0,True
6,1,0.5496418476104736,accepted,86,0.8128345608711243,1.0,True
6,1,0.5496418476104736,accepted,87,0.8155117034912109,1.0,True
6,1,0.5496418476104736,accepted,88,0.8149504065513611,1.0,True
6,1,0.5496418476104736,accepted,89,0.8169954419136047,1.0,True
6,1,0.5496418476104736,accepted,90,0.8179309368133545,1.0,True
6,1,0.5496418476104736,accepted,91,0.8153359889984131,1.0,True
6,1,0.5496418476104736,accepted,92,0.8216758966445923,1.0,True
6,1,0.5496418476104736,accepted,93,0.8163956999778748,1.0,True
6,1,0.5496418476104736,accepted,94,0.8195973038673401,1.0,True
6,1,0.5496418476104736,accepted,95,0.8200711011886597,1.0,True
6,1,0.5496418476104736,accepted,96,0.8234220743179321,1.0,True
6,1,0.5496418476104736,accepted,97,0.8180417418479919,1.0,True
6,1,0.5496418476104736,accepted,98,0.8224489092826843,1.0,True
6,1,0.5496418476104736,accepted,99,0.8236262798309326,1.0,True
6,1,0.5496418476104736,accepted,100,0.8163007497787476,1.0,True
6,1,0.5496418476104736,accepted,101,0.8236561417579651,1.0,True
6,1,0.5496418476104736,accepted,102,0.8201696276664734,1.0,True
6,1,0.5496418476104736,accepted,103,0.8197739124298096,1.0,True
6,1,0.5496418476104736,accepted,104,0.8214267492294312,1.0,True
6,1,0.5496418476104736,accepted,105,0.8204763531684875,1.0,True
6,1,0.5496418476104736,accepted,106,0.8223046660423279,1.0,True
6,1,0.5496418476104736,accepted,107,0.8247204422950745,1.0,True
6,1,0.5496418476104736,accepted,108,0.8231567144393921,1.0,True
6,1,0.5496418476104736,accepted,109,0.8266180753707886,1.0,True
6,1,0.5496418476104736,accepted,110,0.8209208250045776,1.0,True
6,1,0.5496418476104736,accepted,111,0.8235477805137634,1.0,True
6,1,0.5496418476104736,accepted,112,0.8243146538734436,1.0,True
6,1,0.5496418476104736,accepted,113,0.8239185214042664,1.0,True
6,1,0.5496418476104736,accepted,114,0.8245379328727722,1.0,True
6,1,0.5496418476104736,accepted,115,0.8232241868972778,1.0,True
6,1,0.5496418476104736,accepted,116,0.8283668756484985,1.0,True
6,1,0.5496418476104736,accepted,117,0.826033353805542,1.0,True
6,1,0.5496418476104736,accepted,118,0.8244546055793762,1.0,True
6,1,0.5496418476104736,accepted,119,0.8233137130737305,1.0,True
6,1,0.5496418476104736,accepted,120,0.8267615437507629,1.0,True
6,1,0.5496418476104736,accepted,121,0.8252302408218384,1.0,True
6,1,0.5496418476104736,accepted,122,0.8214784860610962,1.0,True
6,1,0.5496418476104736,accepted,123,0.8221415281295776,1.0,True
6,1,0.5496418476104736,accepted,124,0.8243823051452637,1.0,True
6,1,0.5496418476104736,accepted,125,0.8271006345748901,1.0,True
6,1,0.5496418476104736,accepted,126,0.8245237469673157,1.0,True
6,1,0.5496418476104736,accepted,127,0.8226591944694519,1.0,True
6,1,0.5496418476104736,accepted,128,0.8250225186347961,1.0,True
6,1,0.5496418476104736,accepted,129,0.826993465423584,1.0,True
6,1,0.5496418476104736,accepted,130,0.8261058330535889,1.0,True
6,1,0.5496418476104736,accepted,131,0.8232462406158447,1.0,True
6,1,0.5496418476104736,accepted,132,0.8273846507072449,1.0,True
6,1,0.5496418476104736,accepted,133,0.8259010314941406,1.0,True
6,1,0.5496418476104736,accepted,134,0.8242942094802856,1.0,True
6,1,0.5496418476104736,accepted,135,0.8260160088539124,1.0,True
6,1,0.5496418476104736,accepted,136,0.8261436820030212,1.0,True
6,1,0.5496418476104736,accepted,137,0.8257529139518738,1.0,True
6,1,0.5496418476104736,accepted,138,0.8292948603630066,1.0,True
6,1,0.5496418476104736,accepted,139,0.8291919827461243,1.0,True
6,1,0.5496418476104736,accepted,140,0.8263028264045715,1.0,True
6,1,0.5496418476104736,accepted,141,0.8262901902198792,1.0,True
6,1,0.5496418476104736,accepted,142,0.8285738825798035,1.0,True
6,1,0.5496418476104736,accepted,143,0.8286402225494385,1.0,True
6,1,0.5496418476104736,accepted,144,0.8254569172859192,1.0,True
6,1,0.5496418476104736,accepted,145,0.8316723704338074,1.0,True
6,1,0.5496418476104736,accepted,146,0.8264304995536804,1.0,True
6,1,0.5496418476104736,accepted,147,0.8304044008255005,1.0,True
6,1,0.5496418476104736,accepted,148,0.8280903697013855,1.0,True
6,1,0.5496418476104736,accepted,149,0.830413818359375,1.0,True
6,1,0.5496418476104736,accepted,150,0.827635645866394,1.0,True
6,1,0.5496418476104736,accepted,151,0.8296619057655334,1.0,True
6,1,0.5496418476104736,accepted,152,0.8269082307815552,1.0,True
6,1,0.5496418476104736,accepted,153,0.8289026618003845,1.0,True
6,1,0.5496418476104736,accepted,154,0.8301922082901001,1.0,True
6,1,0.5496418476104736,accepted,155,0.8291287422180176,1.0,True
6,1,0.5496418476104736,accepted,156,0.8299103379249573,1.0,True
6,1,0.5496418476104736,accepted,157,0.8318929672241211,1.0,True
6,1,0.5496418476104736,accepted,158,0.8317152857780457,1.0,True
6,1,0.5496418476104736,accepted,159,0.832783579826355,1.0,True
6,1,0.5496418476104736,accepted,160,0.8298138380050659,1.0,True
6,1,0.5496418476104736,accepted,161,0.8325533270835876,1.0,True
6,1,0.5496418476104736,accepted,162,0.8337689638137817,1.0,True
6,1,0.5496418476104736,accepted,163,0.8303346633911133,1.0,True
6,1,0.5496418476104736,accepted,164,0.8323182463645935,1.0,True
6,1,0.5496418476104736,accepted,165,0.8304392695426941,1.0,True
6,1,0.5496418476104736,accepted,166,0.8322294354438782,1.0,True
6,1,0.5496418476104736,accepted,167,0.8360190987586975,1.0,True
6,1,0.5496418476104736,accepted,168,0.8310365676879883,1.0,True
6,1,0.5496418476104736,accepted,169,0.8322579860687256,1.0,True
6,1,0.5496418476104736,accepted,170,0.8337196707725525,1.0,True
6,1,0.5496418476104736,accepted,171,0.8344021439552307,1.0,True
6,1,0.5496418476104736,accepted,172,0.8355854749679565,1.0,True
6,1,0.5496418476104736,accepted,173,0.8282894492149353,1.0,True
6,1,0.5496418476104736,accepted,174,0.8363667726516724,1.0,True
6,1,0.5496418476104736,accepted,175,0.8317580819129944,1.0,True
6,1,0.5496418476104736,accepted,176,0.8339200615882874,1.0,True
6,1,0.5496418476104736,accepted,177,0.8329376578330994,1.0,True
6,1,0.5496418476104736,accepted,178,0.831810474395752,1.0,True
6,1,0.5496418476104736,accepted,179,0.8344180583953857,1.0,True
6,1,0.5496418476104736,accepted,180,0.8332252502441406,1.0,True
6,1,0.5496418476104736,accepted,181,0.8342254757881165,1.0,True
6,1,0.5496418476104736,accepted,182,0.8304154872894287,1.0,True
6,1,0.5496418476104736,accepted,183,0.8318802118301392,1.0,True
6,1,0.5496418476104736,accepted,184,0.8353543877601624,1.0,True
6,1,0.5496418476104736,accepted,185,0.8340043425559998,1.0,True
6,1,0.5496418476104736,accepted,186,0.8309605121612549,1.0,True
6,1,0.5496418476104736,accepted,187,0.8343002796173096,1.0,True
6,1,0.5496418476104736,accepted,188,0.8319469094276428,1.0,True
6,1,0.5496418476104736,accepted,189,0.8277256488800049,1.0,True
6,1,0.5496418476104736,accepted,190,0.8333460688591003,1.0,True
6,1,0.5496418476104736,accepted,191,0.8341221213340759,1.0,True
6,1,0.5496418476104736,accepted,192,0.8304234147071838,1.0,True
6,1,0.5496418476104736,accepted,193,0.8321817517280579,1.0,True
6,1,0.5496418476104736,accepted,194,0.8369221091270447,1.0,True
6,1,0.5496418476104736,accepted,195,0.8325533270835876,1.0,True
6,1,0.5496418476104736,accepted,196,0.8341507315635681,1.0,True
6,1,0.5496418476104736,accepted,197,0.8294862508773804,1.0,True
6,1,0.5496418476104736,accepted,198,0.8379396200180054,1.0,True
6,1,0.5496418476104736,accepted,199,0.8368598222732544,1.0,True
6,1,0.5496418476104736,accepted,200,0.8354707360267639,1.0,True
6,1,0.5496418476104736,accepted,201,0.8379731178283691,1.0,True
6,1,0.5496418476104736,accepted,202,0.8374810218811035,1.0,True
6,1,0.5496418476104736,accepted,203,0.8335145711898804,1.0,True
6,1,0.5496418476104736,accepted,204,0.8363922834396362,1.0,True
6,1,0.5496418476104736,accepted,205,0.8361594080924988,1.0,True
6,1,0.5496418476104736,accepted,206,0.8325374126434326,1.0,True
6,1,0.5496418476104736,accepted,207,0.8375545144081116,1.0,True
6,1,0.5496418476104736,accepted,208,0.8327454924583435,1.0,True
6,1,0.5496418476104736,accepted,209,0.8326438069343567,1.0,True
6,1,0.5496418476104736,accepted,210,0.8353337049484253,1.0,True
6,1,0.5496418476104736,accepted,211,0.8340043425559998,1.0,True
6,1,0.5496418476104736,accepted,212,0.8341443538665771,1.0,True
6,1,0.5496418476104736,accepted,213,0.8361466526985168,1.0,True
6,1,0.5496418476104736,accepted,214,0.837073802947998,1.0,True
6,1,0.5496418476104736,accepted,215,0.8351695537567139,1.0,True
6,1,0.5496418476104736,accepted,216,0.8344164490699768,1.0,True
6,1,0.5496418476104736,accepted,217,0.8334541916847229,1.0,True
6,1,0.5496418476104736,accepted,218,0.8350182771682739,1.0,True
6,1,0.5496418476104736,accepted,219,0.8388062715530396,1.0,True
6,1,0.5496418476104736,accepted,220,0.834704577922821,1.0,True
6,1,0.5496418476104736,accepted,221,0.8342223167419434,1.0,True
6,1,0.5496418476104736,accepted,222,0.8362758755683899,1.0,True
6,1,0.5496418476104736,accepted,223,0.8350756168365479,1.0,True
6,1,0.5496418476104736,accepted,224,0.8380114436149597,1.0,True
6,1,0.5496418476104736,accepted,225,0.833616316318512,1.0,True
6,1,0.5496418476104736,accepted,226,0.834909975528717,1.0,True
6,1,0.5496418476104736,accepted,227,0.8333714604377747,1.0,True
6,1,0.5496418476104736,accepted,228,0.8329614996910095,1.0,True
6,1,0.5496418476104736,accepted,229,0.8353512287139893,1.0,True
6,1,0.5496418476104736,accepted,230,0.8362519145011902,1.0,True
6,1,0.5496418476104736,accepted,231,0.8335336446762085,1.0,True
6,1,0.5496418476104736,accepted,232,0.8384000062942505,1.0,True
6,1,0.5496418476104736,accepted,233,0.8340823650360107,1.0,True
6,1,0.5496418476104736,accepted,234,0.8332507014274597,1.0,True
6,1,0.5496418476104736,accepted,235,0.8323135375976562,1.0,True
6,1,0.5496418476104736,accepted,236,0.8371392488479614,1.0,True
6,1,0.5496418476104736,accepted,237,0.8358994722366333,1.0,True
6,1,0.5496418476104736,accepted,238,0.8382928371429443,1.0,True
6,1,0.5496418476104736,accepted,239,0.8402121663093567,1.0,True
6,1,0.5496418476104736,accepted,240,0.8370961546897888,1.0,True
6,1,0.5496418476104736,accepted,241,0.8372462391853333,1.0,True
6,1,0.5496418476104736,accepted,242,0.8383088707923889,1.0,True
6,1,0.5496418476104736,accepted,243,0.8358118534088135,1.0,True
6,1,0.5496418476104736,accepted,244,0.8412015438079834,1.0,True
6,1,0.5496418476104736,accepted,245,0.832686722278595,1.0,True
6,1,0.5496418476104736,accepted,246,0.8377829194068909,1.0,True
6,1,0.5496418476104736,accepted,247,0.8376822471618652,1.0,True
6,1,0.5496418476104736,accepted,248,0.837011456489563,1.0,True
6,1,0.5496418476104736,accepted,249,0.8361290693283081,1.0,True
6,1,0.5496418476104736,accepted,250,0.8412271738052368,1.0,True
6,1,0.5496418476104736,accepted,251,0.8373356461524963,1.0,True
6,1,0.5496418476104736,accepted,252,0.8419623374938965,1.0,True
6,1,0.5496418476104736,accepted,253,0.8385167717933655,1.0,True
6,1,0.5496418476104736,accepted,254,0.8400502800941467,1.0,True
6,1,0.5496418476104736,accepted,255,0.8421117663383484,1.0,True
6,1,0.5496418476104736,accepted,256,0.8409544825553894,1.0,True
6,1,0.5496418476104736,accepted,257,0.8367592692375183,1.0,True
6,1,0.5496418476104736,accepted,258,0.8412833213806152,1.0,True
6,1,0.5496418476104736,accepted,259,0.8416845798492432,1.0,True
6,1,0.5496418476104736,accepted,260,0.8408421277999878,1.0,True
6,1,0.5496418476104736,accepted,261,0.8374106884002686,1.0,True
6,1,0.5496418476104736,accepted,262,0.8393712043762207,1.0,True
6,1,0.5496418476104736,accepted,263,0.8402025103569031,1.0,True
6,1,0.5496418476104736,accepted,264,0.8417536020278931,1.0,True
6,1,0.5496418476104736,accepted,265,0.8418355584144592,1.0,True
6,1,0.5496418476104736,accepted,266,0.8402922749519348,1.0,True
6,1,0.5496418476104736,accepted,267,0.8388542532920837,1.0,True
6,1,0.5496418476104736,accepted,268,0.8411694169044495,1.0,True
6,1,0.5496418476104736,accepted,269,0.8407010436058044,1.0,True
6,1,0.5496418476104736,accepted,270,0.841484010219574,1.0,True
6,1,0.5496418476104736,accepted,271,0.8391343355178833,1.0,True
6,1,0.5496418476104736,accepted,272,0.8391423225402832,1.0,True
6,1,0.5496418476104736,accepted,273,0.8391727209091187,1.0,True
6,1,0.5496418476104736,accepted,274,0.8404589295387268,1.0,True
6,1,0.5496418476104736,accepted,275,0.841223955154419,1.0,True
6,1,0.5496418476104736,accepted,276,0.8376631140708923,1.0,True
6,1,0.5496418476104736,accepted,277,0.8414936065673828,1.0,True
6,1,0.5496418476104736,accepted,278,0.8427689075469971,1.0,True
6,1,0.5496418476104736,accepted,279,0.8422386646270752,1.0,True
6,1,0.5496418476104736,accepted,280,0.8417519927024841,1.0,True
6,1,0.5496418476104736,accepted,281,0.8406497240066528,1.0,True
6,1,0.5496418476104736,accepted,282,0.8409368395805359,1.0,True
6,1,0.5496418476104736,accepted,283,0.8382448554039001,1.0,True
6,1,0.5496418476104736,accepted,284,0.8405311107635498,1.0,True
6,1,0.5496418476104736,accepted,285,0.8386670351028442,1.0,True
6,1,0.5496418476104736,accepted,286,0.8372957110404968,1.0,True
6,1,0.5496418476104736,accepted,287,0.8384543061256409,1.0,True
6,1,0.5496418476104736,accepted,288,0.838679850101471,1.0,True
6,1,0.5496418476104736,accepted,289,0.8418901562690735,1.0,True
6,1,0.5496418476104736,accepted,290,0.8451271653175354,1.0,True
6,1,0.5496418476104736,accepted,291,0.8396915197372437,1.0,True
6,1,0.5496418476104736,accepted,292,0.8419591784477234,1.0,True
6,1,0.5496418476104736,accepted,293,0.8413539528846741,1.0,True
6,1,0.5496418476104736,accepted,294,0.8424780368804932,1.0,True
6,1,0.5496418476104736,accepted,295,0.8406561613082886,1.0,True
6,1,0.5496418476104736,accepted,296,0.8412529230117798,1.0,True
6,1,0.5496418476104736,accepted,297,0.8409304022789001,1.0,True
6,1,0.5496418476104736,accepted,298,0.8392896056175232,1.0,True
6,1,0.5496418476104736,accepted,299,0.8429441452026367,1.0,True
6,1,0.5496418476104736,accepted,300,0.8425535559654236,1.0,True
6,1,0.5496418476104736,accepted,301,0.8425840735435486,1.0,True
6,1,0.5496418476104736,accepted,302,0.8437355756759644,1.0,True
6,1,0.5496418476104736,accepted,303,0.8420233726501465,1.0,True
6,1,0.5496418476104736,accepted,304,0.8399413824081421,1.0,True
6,1,0.5496418476104736,accepted,305,0.8432416319847107,1.0,True
6,1,0.5496418476104736,accepted,306,0.8445518612861633,1.0,True
6,1,0.5496418476104736,accepted,307,0.8412303924560547,1.0,True
6,1,0.5496418476104736,accepted,308,0.8415513634681702,1.0,True
6,1,0.5496418476104736,accepted,309,0.8434218168258667,1.0,True
6,1,0.5496418476104736,accepted,310,0.8409416079521179,1.0,True
6,1,0.5496418476104736,accepted,311,0.8416589498519897,1.0,True
6,1,0.5496418476104736,accepted,312,0.8450755476951599,1.0,True
6,1,0.5496418476104736,accepted,313,0.8404622077941895,1.0,True
6,1,0.5496418476104736,accepted,314,0.8395152688026428,1.0,True
6,1,0.5496418476104736,accepted,315,0.8408036828041077,1.0,True
6,1,0.5496418476104736,accepted,316,0.8420009016990662,1.0,True
6,1,0.5496418476104736,accepted,317,0.8426483869552612,1.0,True
6,1,0.5496418476104736,accepted,318,0.8441283106803894,1.0,True
6,1,0.5496418476104736,accepted,319,0.8404381275177002,1.0,True
6,1,0.5496418476104736,accepted,320,0.8440591096878052,1.0,True
6,1,0.5496418476104736,accepted,321,0.8423462510108948,1.0,True
6,1,0.5496418476104736,accepted,322,0.8431065082550049,1.0,True
6,1,0.5496418476104736,accepted,323,0.843970537185669,1.0,True
6,1,0.5496418476104736,accepted,324,0.8418564200401306,1.0,True
6,1,0.5496418476104736,accepted,325,0.8416171669960022,1.0,True
6,1,0.5496418476104736,accepted,326,0.8445824980735779,1.0,True
6,1,0.5496418476104736,accepted,327,0.8430438041687012,1.0,True
6,1,0.5496418476104736,accepted,328,0.8417054414749146,1.0,True
6,1,0.5496418476104736,accepted,329,0.8443553447723389,1.0,True
6,1,0.5496418476104736,accepted,330,0.8399364948272705,1.0,True
6,1,0.5496418476104736,accepted,331,0.8427271246910095,1.0,True
6,1,0.5496418476104736,accepted,332,0.8402153849601746,1.0,True
6,1,0.5496418476104736,accepted,333,0.8445454239845276,1.0,True
6,1,0.5496418476104736,accepted,334,0.8404237031936646,1.0,True
6,1,0.5496418476104736,accepted,335,0.8432609438896179,1.0,True
6,1,0.5496418476104736,accepted,336,0.8419607281684875,1.0,True
6,1,0.5496418476104736,accepted,337,0.8407588005065918,1.0,True
6,1,0.5496418476104736,accepted,338,0.8410667777061462,1.0,True
6,1,0.5496418476104736,accepted,339,0.8427207469940186,1.0,True
6,1,0.5496418476104736,accepted,340,0.837268590927124,1.0,True
6,1,0.5496418476104736,accepted,341,0.8410411477088928,1.0,True
6,1,0.5496418476104736,accepted,342,0.8412560820579529,1.0,True
6,1,0.5496418476104736,accepted,343,0.8421856164932251,1.0,True
6,1,0.5496418476104736,accepted,344,0.8399381041526794,1.0,True
6,1,0.5496418476104736,accepted,345,0.8437371850013733,1.0,True
6,1,0.5496418476104736,accepted,346,0.8456769585609436,1.0,True
6,1,0.5496418476104736,accepted,347,0.8438610434532166,1.0,True
6,1,0.5496418476104736,accepted,348,0.8422017097473145,1.0,True
6,1,0.5496418476104736,accepted,349,0.8442796468734741,1.0,True
6,1,0.5496418476104736,accepted,350,0.8431580066680908,1.0,True
6,1,0.5496418476104736,accepted,351,0.840484619140625,1.0,True
6,1,0.5496418476104736,accepted,352,0.8411999344825745,1.0,True
6,1,0.5496418476104736,accepted,353,0.8433670997619629,1.0,True
6,1,0.5496418476104736,accepted,354,0.8426017165184021,1.0,True
6,1,0.5496418476104736,accepted,355,0.8433542251586914,1.0,True
6,1,0.5496418476104736,accepted,356,0.8441492319107056,1.0,True
6,1,0.5496418476104736,accepted,357,0.8437210321426392,1.0,True
6,1,0.5496418476104736,accepted,358,0.8358165621757507,1.0,True
6,1,0.5496418476104736,accepted,359,0.8448805212974548,1.0,True
6,1,0.5496418476104736,accepted,360,0.8415208458900452,1.0,True
6,1,0.5496418476104736,accepted,361,0.8445550799369812,1.0,True
6,1,0.5496418476104736,accepted,362,0.8410860300064087,1.0,True
6,1,0.5496418476104736,accepted,363,0.8439319133758545,1.0,True
6,1,0.5496418476104736,accepted,364,0.8427078723907471,1.0,True
6,1,0.5496418476104736,accepted,365,0.844258725643158,1.0,True
6,1,0.5496418476104736,accepted,366,0.8400934934616089,1.0,True
6,1,0.5496418476104736,accepted,367,0.8451061844825745,1.0,True
6,1,0.5496418476104736,accepted,368,0.8442507386207581,1.0,True
6,1,0.5496418476104736,accepted,369,0.8452528715133667,1.0,True
6,1,0.5496418476104736,accepted,370,0.8417440056800842,1.0,True
6,1,0.5496418476104736,accepted,371,0.844603419303894,1.0,True
6,1,0.5496418476104736,accepted,372,0.844257116317749,1.0,True
6,1,0.5496418476104736,accepted,373,0.8418403267860413,1.0,True
6,1,0.5496418476104736,accepted,374,0.8418194651603699,1.0,True
6,1,0.5496418476104736,accepted,375,0.8461933135986328,1.0,True
6,1,0.5496418476104736,accepted,376,0.8439045548439026,1.0,True
6,1,0.5496418476104736,accepted,377,0.8424972891807556,1.0,True
6,1,0.5496418476104736,accepted,378,0.844738781452179,1.0,True
6,1,0.5496418476104736,accepted,379,0.8456640839576721,1.0,True
6,1,0.5496418476104736,accepted,380,0.8458544015884399,1.0,True
6,1,0.5496418476104736,accepted,381,0.844920814037323,1.0,True
6,1,0.5496418476104736,accepted,382,0.8456205129623413,1.0,True
6,1,0.5496418476104736,accepted,383,0.8465129137039185,1.0,True
6,1,0.5496418476104736,accepted,384,0.8444165587425232,1.0,True
6,1,0.5496418476104736,accepted,385,0.8454044461250305,1.0,True
6,1,0.5496418476104736,accepted,386,0.8463321328163147,1.0,True
6,1,0.5496418476104736,accepted,387,0.8483960628509521,1.0,True
6,1,0.5496418476104736,accepted,388,0.8433316946029663,1.0,True
6,1,0.5496418476104736,accepted,389,0.8409721255302429,1.0,True
6,1,0.5496418476104736,accepted,390,0.8473416566848755,1.0,True
6,1,0.5496418476104736,accepted,391,0.8441427946090698,1.0,True
6,1,0.5496418476104736,accepted,392,0.8447017073631287,1.0,True
6,1,0.5496418476104736,accepted,393,0.8468327522277832,1.0,True
6,1,0.5496418476104736,accepted,394,0.8478881120681763,1.0,True
6,1,0.5496418476104736,accepted,395,0.845436692237854,1.0,True
6,1,0.5496418476104736,accepted,396,0.8458657264709473,1.0,True
6,1,0.5496418476104736,accepted,397,0.84465491771698,1.0,True
6,1,0.5496418476104736,accepted,398,0.8493513464927673,1.0,True
6,1,0.5496418476104736,accepted,399,0.845725417137146,1.0,True
6,1,0.5496418476104736,accepted,400,0.8473238945007324,1.0,True
6,1,0.5496418476104736,accepted,401,0.8467568159103394,1.0,True
6,1,0.5496418476104736,accepted,402,0.8487310409545898,1.0,True
6,1,0.5496418476104736,accepted,403,0.8454092741012573,1.0,True
6,1,0.5496418476104736,accepted,404,0.8449321389198303,1.0,True
6,1,0.5496418476104736,accepted,405,0.8443102836608887,1.0,True
6,1,0.5496418476104736,accepted,406,0.8455092310905457,1.0,True
6,1,0.5496418476104736,accepted,407,0.8462836742401123,1.0,True
6,1,0.5496418476104736,accepted,408,0.8447693586349487,1.0,True
6,1,0.5496418476104736,accepted,409,0.8474628329277039,1.0,True
6,1,0.5496418476104736,accepted,410,0.848200261592865,1.0,True
6,1,0.5496418476104736,accepted,411,0.8449256420135498,1.0,True
6,1,0.5496418476104736,accepted,412,0.8491504788398743,1.0,True
6,1,0.5496418476104736,accepted,413,0.8482843637466431,1.0,True
6,1,0.5496418476104736,accepted,414,0.8465678691864014,1.0,True
6,1,0.5496418476104736,accepted,415,0.8491812348365784,1.0,True
6,1,0.5496418476104736,accepted,416,0.8479058742523193,1.0,True
6,1,0.5496418476104736,accepted,417,0.8466292023658752,1.0,True
6,1,0.5496418476104736,accepted,418,0.8462465405464172,1.0,True
6,1,0.5496418476104736,accepted,419,0.8483313322067261,1.0,True
6,1,0.5496418476104736,accepted,420,0.8478783369064331,1.0,True
6,1,0.5496418476104736,accepted,421,0.8442925810813904,1.0,True
6,1,0.5496418476104736,accepted,422,0.8458448052406311,1.0,True
6,1,0.5496418476104736,accepted,423,0.8472301363945007,1.0,True
6,1,0.5496418476104736,accepted,424,0.846383810043335,1.0,True
6,1,0.5496418476104736,accepted,425,0.8451432585716248,1.0,True
6,1,0.5496418476104736,accepted,426,0.8462191224098206,1.0,True
6,1,0.5496418476104736,accepted,427,0.8449836373329163,1.0,True
6,1,0.5496418476104736,accepted,428,0.8463273048400879,1.0,True
6,1,0.5496418476104736,accepted,429,0.8449128270149231,1.0,True
6,1,0.5496418476104736,accepted,430,0.844395637512207,1.0,True
6,1,0.5496418476104736,accepted,431,0.8465872406959534,1.0,True
6,1,0.5496418476104736,accepted,432,0.847136378288269,1.0,True
6,1,0.5496418476104736,accepted,433,0.8467212915420532,1.0,True
6,1,0.5496418476104736,accepted,434,0.8504357933998108,1.0,True
6,1,0.5496418476104736,accepted,435,0.8448128700256348,1.0,True
6,1,0.5496418476104736,accepted,436,0.8489868640899658,1.0,True
6,1,0.5496418476104736,accepted,437,0.8445228934288025,1.0,True
6,1,0.5496418476104736,accepted,438,0.8463870286941528,1.0,True
6,1,0.5496418476104736,accepted,439,0.8451529145240784,1.0,True
6,1,0.5496418476104736,accepted,440,0.8484187126159668,1.0,True
6,1,0.5496418476104736,accepted,441,0.8481290936470032,1.0,True
6,1,0.5496418476104736,accepted,442,0.8471235036849976,1.0,True
6,1,0.5496418476104736,accepted,443,0.849312424659729,1.0,True
6,1,0.5496418476104736,accepted,444,0.8450416922569275,1.0,True
6,1,0.5496418476104736,accepted,445,0.8493432402610779,1.0,True
6,1,0.5496418476104736,accepted,446,0.8477247953414917,1.0,True
6,1,0.5496418476104736,accepted,447,0.8428380489349365,1.0,True
6,1,0.5496418476104736,accepted,448,0.848114550113678,1.0,True
6,1,0.5496418476104736,accepted,449,0.8478606343269348,1.0,True
6,1,0.5496418476104736,accepted,450,0.8456979393959045,1.0,True
6,1,0.5496418476104736,accepted,451,0.8474645018577576,1.0,True
6,1,0.5496418476104736,accepted,452,0.847928524017334,1.0,True
6,1,0.5496418476104736,accepted,453,0.8474338054656982,1.0,True
6,1,0.5496418476104736,accepted,454,0.8492671251296997,1.0,True
6,1,0.5496418476104736,accepted,455,0.8490986227989197,1.0,True
6,1,0.5496418476104736,accepted,456,0.8454415202140808,1.0,True
6,1,0.5496418476104736,accepted,457,0.8459867238998413,1.0,True
6,1,0.5496418476104736,accepted,458,0.8463918566703796,1.0,True
6,1,0.5496418476104736,accepted,459,0.8439480066299438,1.0,True
6,1,0.5496418476104736,accepted,460,0.8496721982955933,1.0,True
6,1,0.5496418476104736,accepted,461,0.847458004951477,1.0,True
6,1,0.5496418476104736,accepted,462,0.8474790453910828,1.0,True
6,1,0.5496418476104736,accepted,463,0.8470540046691895,1.0,True
6,1,0.5496418476104736,accepted,464,0.8471331596374512,1.0,True
6,1,0.5496418476104736,accepted,465,0.8509971499443054,1.0,True
6,1,0.5496418476104736,accepted,466,0.84661465883255,1.0,True
6,1,0.5496418476104736,accepted,467,0.8455576300621033,1.0,True
6,1,0.5496418476104736,accepted,468,0.8507310748100281,1.0,True
6,1,0.5496418476104736,accepted,469,0.8489447832107544,1.0,True
6,1,0.5496418476104736,accepted,470,0.8494322896003723,1.0,True
6,1,0.5496418476104736,accepted,471,0.8456253409385681,1.0,True
6,1,0.5496418476104736,accepted,472,0.8478444814682007,1.0,True
6,1,0.5496418476104736,accepted,473,0.848807156085968,1.0,True
6,1,0.5496418476104736,accepted,474,0.8508576154708862,1.0,True
6,1,0.5496418476104736,accepted,475,0.8493610620498657,1.0,True
6,1,0.5496418476104736,accepted,476,0.8500319719314575,1.0,True
6,1,0.5496418476104736,accepted,477,0.8464871048927307,1.0,True
6,1,0.5496418476104736,accepted,478,0.8464822769165039,1.0,True
6,1,0.5496418476104736,accepted,479,0.8497905135154724,1.0,True
6,1,0.5496418476104736,accepted,480,0.8503158092498779,1.0,True
6,1,0.5496418476104736,accepted,481,0.8475340008735657,1.0,True
6,1,0.5496418476104736,accepted,482,0.8490451574325562,1.0,True
6,1,0.5496418476104736,accepted,483,0.8476859927177429,1.0,True
6,1,0.5496418476104736,accepted,484,0.8474144339561462,1.0,True
6,1,0.5496418476104736,accepted,485,0.8484268188476562,1.0,True
6,1,0.5496418476104736,accepted,486,0.8471413254737854,1.0,True
6,1,0.5496418476104736,accepted,487,0.8465436697006226,1.0,True
6,1,0.5496418476104736,accepted,488,0.8492881655693054,1.0,True
6,1,0.5496418476104736,accepted,489,0.8484915494918823,1.0,True
6,1,0.5496418476104736,accepted,490,0.8485433459281921,1.0,True
6,1,0.5496418476104736,accepted,491,0.8444890379905701,1.0,True
6,1,0.5496418476104736,accepted,492,0.8454044461250305,1.0,True
6,1,0.5496418476104736,accepted,493,0.8483458757400513,1.0,True
6,1,0.5496418476104736,accepted,494,0.8473190665245056,1.0,True
6,1,0.5496418476104736,accepted,495,0.8490791916847229,1.0,True
6,1,0.5496418476104736,accepted,496,0.8472091555595398,1.0,True
6,1,0.5496418476104736,accepted,497,0.8480013012886047,1.0,True
6,1,0.5496418476104736,accepted,498,0.8498423099517822,1.0,True
6,1,0.5496418476104736,accepted,499,0.8466033935546875,1.0,True
6,1,0.5496418476104736,accepted,500,0.8519114851951599,1.0,True
7,1,0.7152013778686523,accepted,1,0.6585510969161987,1.0,True
7,1,0.7152013778686523,accepted,2,0.6624362468719482,1.0,True
7,1,0.7152013778686523,accepted,3,0.6678687334060669,1.0,True
7,1,0.7152013778686523,accepted,4,0.6751178503036499,1.0,True
7,1,0.7152013778686523,accepted,5,0.6802570819854736,1.0,True
7,1,0.7152013778686523,accepted,6,0.6926612854003906,1.0,True
7,1,0.7152013778686523,accepted,7,0.7044311761856079,1.0,True
7,1,0.7152013778686523,accepted,8,0.7150658965110779,1.0,True
7,1,0.7152013778686523,accepted,9,0.7248927354812622,1.0,True
7,1,0.7152013778686523,accepted,10,0.7343530654907227,1.0,True
7,1,0.7152013778686523,accepted,11,0.7478775978088379,1.0,True
7,1,0.7152013778686523,accepted,12,0.7570139169692993,1.0,True
7,1,0.7152013778686523,accepted,13,0.7628667950630188,1.0,True
7,1,0.7152013778686523,accepted,14,0.7799781560897827,1.0,True
7,1,0.7152013778686523,accepted,15,0.7970870137214661,1.0,True
7,1,0.7152013778686523,accepted,16,0.7875903844833374,1.0,True
7,1,0.7152013778686523,accepted,17,0.8042156100273132,1.0,True
7,1,0.7152013778686523,accepted,18,0.8006036877632141,1.0,True
7,1,0.7152013778686523,accepted,19,0.8074063658714294,1.0,True
7,1,0.7152013778686523,accepted,20,0.8145681619644165,1.0,True
7,1,0.7152013778686523,accepted,21,0.8150032758712769,1.0,True
7,1,0.7152013778686523,accepted,22,0.8259261846542358,1.0,True
7,1,0.7152013778686523,accepted,23,0.8148384690284729,1.0,True
7,1,0.7152013778686523,accepted,24,0.826499879360199,1.0,True
7,1,0.7152013778686523,accepted,25,0.8259325623512268,1.0,True
7,1,0.7152013778686523,accepted,26,0.8347029685974121,1.0,True
7,1,0.7152013778686523,accepted,27,0.8395344614982605,1.0,True
7,1,0.7152013778686523,accepted,28,0.8451674580574036,1.0,True
7,1,0.7152013778686523,accepted,29,0.8485303521156311,1.0,True
7,1,0.7152013778686523,accepted,30,0.8482875823974609,1.0,True
7,1,0.7152013778686523,accepted,31,0.8531327247619629,1.0,True
7,1,0.7152013778686523,accepted,32,0.8540248274803162,1.0,True
7,1,0.7152013778686523,accepted,33,0.8563966155052185,1.0,True
7,1,0.7152013778686523,accepted,34,0.8581429719924927,1.0,True
7,1,0.7152013778686523,accepted,35,0.8609299659729004,1.0,True
7,1,0.7152013778686523,accepted,36,0.8626920580863953,1.0,True
7,1,0.7152013778686523,accepted,37,0.8636206388473511,1.0,True
7,1,0.7152013778686523,accepted,38,0.867361307144165,1.0,True
7,1,0.7152013778686523,accepted,39,0.8676095008850098,1.0,True
7,1,0.7152013778686523,accepted,40,0.8665807843208313,1.0,True
7,1,0.7152013778686523,accepted,41,0.8714838624000549,1.0,True
7,1,0.7152013778686523,accepted,42,0.8742508292198181,1.0,True
7,1,0.7152013778686523,accepted,43,0.874984860420227,1.0,True
7,1,0.7152013778686523,accepted,44,0.8701982498168945,1.0,True
7,1,0.7152013778686523,accepted,45,0.8779236674308777,1.0,True
7,1,0.7152013778686523,accepted,46,0.8756793737411499,1.0,True
7,1,0.7152013778686523,accepted,47,0.8789658546447754,1.0,True
7,1,0.7152013778686523,accepted,48,0.8793482184410095,1.0,True
7,1,0.7152013778686523,accepted,49,0.8793749809265137,1.0,True
7,1,0.7152013778686523,accepted,50,0.8799521923065186,1.0,True
7,1,0.7152013778686523,accepted,51,0.8799421191215515,1.0,True
7,1,0.7152013778686523,accepted,52,0.8809026479721069,1.0,True
7,1,0.7152013778686523,accepted,53,0.8834972977638245,1.0,True
7,1,0.7152013778686523,accepted,54,0.8828672766685486,1.0,True
7,1,0.7152013778686523,accepted,55,0.8852617144584656,1.0,True
7,1,0.7152013778686523,accepted,56,0.887506902217865,1.0,True
7,1,0.7152013778686523,accepted,57,0.8847553133964539,1.0,True
7,1,0.7152013778686523,accepted,58,0.8844448328018188,1.0,True
7,1,0.7152013778686523,accepted,59,0.8872394561767578,1.0,True
7,1,0.7152013778686523,accepted,60,0.8861063718795776,1.0,True
7,1,0.7152013778686523,accepted,61,0.8880724906921387,1.0,True
7,1,0.7152013778686523,accepted,62,0.888065755367279,1.0,True
7,1,0.7152013778686523,accepted,63,0.8885977864265442,1.0,True
7,1,0.7152013778686523,accepted,64,0.8916571140289307,1.0,True
7,1,0.7152013778686523,accepted,65,0.889421820640564,1.0,True
7,1,0.7152013778686523,accepted,66,0.8904334902763367,1.0,True
7,1,0.7152013778686523,accepted,67,0.8890860080718994,1.0,True
7,1,0.7152013778686523,accepted,68,0.8894862532615662,1.0,True
7,1,0.7152013778686523,accepted,69,0.8881944417953491,1.0,True
7,1,0.7152013778686523,accepted,70,0.8922457695007324,1.0,True
7,1,0.7152013778686523,accepted,71,0.8903316259384155,1.0,True
7,1,0.7152013778686523,accepted,72,0.8922662138938904,1.0,True
7,1,0.7152013778686523,accepted,73,0.8917999863624573,1.0,True
7,1,0.7152013778686523,accepted,74,0.8917965888977051,1.0,True
7,1,0.7152013778686523,accepted,75,0.8913034796714783,1.0,True
7,1,0.7152013778686523,accepted,76,0.8928961157798767,1.0,True
7,1,0.7152013778686523,accepted,77,0.892756462097168,1.0,True
7,1,0.7152013778686523,accepted,78,0.8939867615699768,1.0,True
7,1,0.7152013778686523,accepted,79,0.8924432396888733,1.0,True
7,1,0.7152013778686523,accepted,80,0.895392894744873,1.0,True
7,1,0.7152013778686523,accepted,81,0.893155038356781,1.0,True
7,1,0.7152013778686523,accepted,82,0.8969654440879822,1.0,True
7,1,0.7152013778686523,accepted,83,0.8969551920890808,1.0,True
7,1,0.7152013778686523,accepted,84,0.8950820565223694,1.0,True
7,1,0.7152013778686523,accepted,85,0.8948397636413574,1.0,True
7,1,0.7152013778686523,accepted,86,0.8967328071594238,1.0,True
7,1,0.7152013778686523,accepted,87,0.8978794813156128,1.0,True
7,1,0.7152013778686523,accepted,88,0.8970920443534851,1.0,True
7,1,0.7152013778686523,accepted,89,0.8952186703681946,1.0,True
7,1,0.7152013778686523,accepted,90,0.8991579413414001,1.0,True
7,1,0.7152013778686523,accepted,91,0.8953074812889099,1.0,True
7,1,0.7152013778686523,accepted,92,0.8975986838340759,1.0,True
7,1,0.7152013778686523,accepted,93,0.8964967727661133,1.0,True
7,1,0.7152013778686523,accepted,94,0.8978041410446167,1.0,True
7,1,0.7152013778686523,accepted,95,0.8988801836967468,1.0,True
7,1,0.7152013778686523,accepted,96,0.8995627760887146,1.0,True
7,1,0.7152013778686523,accepted,97,0.9014831185340881,1.0,True
7,1,0.7152013778686523,accepted,98,0.8988116383552551,1.0,True
7,1,0.7152013778686523,accepted,99,0.8997790813446045,1.0,True
7,1,0.7152013778686523,accepted,100,0.8978247046470642,1.0,True
7,1,0.7152013778686523,accepted,101,0.8995867967605591,1.0,True
7,1,0.7152013778686523,accepted,102,0.8967430591583252,1.0,True
7,1,0.7152013778686523,accepted,103,0.8977630734443665,1.0,True
7,1,0.7152013778686523,accepted,104,0.9014349579811096,1.0,True
7,1,0.7152013778686523,accepted,105,0.9004107713699341,1.0,True
7,1,0.7152013778686523,accepted,106,0.9021987318992615,1.0,True
7,1,0.7152013778686523,accepted,107,0.9016688466072083,1.0,True
7,1,0.7152013778686523,accepted,108,0.8983831405639648,1.0,True
7,1,0.7152013778686523,accepted,109,0.9020610451698303,1.0,True
7,1,0.7152013778686523,accepted,110,0.901641309261322,1.0,True
7,1,0.7152013778686523,accepted,111,0.9006409645080566,1.0,True
7,1,0.7152013778686523,accepted,112,0.8997481465339661,1.0,True
7,1,0.7152013778686523,accepted,113,0.9030870199203491,1.0,True
7,1,0.7152013778686523,accepted,114,0.8995662331581116,1.0,True
7,1,0.7152013778686523,accepted,115,0.9040694236755371,1.0,True
7,1,0.7152013778686523,accepted,116,0.9026152491569519,1.0,True
7,1,0.7152013778686523,accepted,117,0.8985648155212402,1.0,True
7,1,0.7152013778686523,accepted,118,0.9039521217346191,1.0,True
7,1,0.7152013778686523,accepted,119,0.9027426242828369,1.0,True
7,1,0.7152013778686523,accepted,120,0.9031732082366943,1.0,True
7,1,0.7152013778686523,accepted,121,0.9029354453086853,1.0,True
7,1,0.7152013778686523,accepted,122,0.9023329019546509,1.0,True
7,1,0.7152013778686523,accepted,123,0.9031352996826172,1.0,True
7,1,0.7152013778686523,accepted,124,0.9026255011558533,1.0,True
7,1,0.7152013778686523,accepted,125,0.9027219414710999,1.0,True
7,1,0.7152013778686523,accepted,126,0.9029423594474792,1.0,True
7,1,0.7152013778686523,accepted,127,0.9024327397346497,1.0,True
7,1,0.7152013778686523,accepted,128,0.9042211771011353,1.0,True
7,1,0.7152013778686523,accepted,129,0.9003764390945435,1.0,True
7,1,0.7152013778686523,accepted,130,0.9042866826057434,1.0,True
7,1,0.7152013778686523,accepted,131,0.9045109748840332,1.0,True
7,1,0.7152013778686523,accepted,132,0.9061548113822937,1.0,True
7,1,0.7152013778686523,accepted,133,0.9057090878486633,1.0,True
7,1,0.7152013778686523,accepted,134,0.9057539701461792,1.0,True
7,1,0.7152013778686523,accepted,135,0.9052047729492188,1.0,True
7,1,0.7152013778686523,accepted,136,0.9046800136566162,1.0,True
7,1,0.7152013778686523,accepted,137,0.9045040607452393,1.0,True
7,1,0.7152013778686523,accepted,138,0.9055190682411194,1.0,True
7,1,0.7152013778686523,accepted,139,0.9082555174827576,1.0,True
7,1,0.7152013778686523,accepted,140,0.9049319624900818,1.0,True
7,1,0.7152013778686523,accepted,141,0.905937135219574,1.0,True
7,1,0.7152013778686523,accepted,142,0.9055708646774292,1.0,True
7,1,0.7152013778686523,accepted,143,0.9077116847038269,1.0,True
7,1,0.7152013778686523,accepted,144,0.9068291783332825,1.0,True
7,1,0.7152013778686523,accepted,145,0.9080580472946167,1.0,True
7,1,0.7152013778686523,accepted,146,0.9053360223770142,1.0,True
7,1,0.7152013778686523,accepted,147,0.9042350053787231,1.0,True
7,1,0.7152013778686523,accepted,148,0.9082104563713074,1.0,True
7,1,0.7152013778686523,accepted,149,0.9071406126022339,1.0,True
7,1,0.7152013778686523,accepted,150,0.9079715013504028,1.0,True
7,1,0.7152013778686523,accepted,151,0.9063000082969666,1.0,True
7,1,0.7152013778686523,accepted,152,0.9075074195861816,1.0,True
7,1,0.7152013778686523,accepted,153,0.907985270023346,1.0,True
7,1,0.7152013778686523,accepted,154,0.9063380360603333,1.0,True
7,1,0.7152013778686523,accepted,155,0.9046075940132141,1.0,True
7,1,0.7152013778686523,accepted,156,0.9067668914794922,1.0,True
7,1,0.7152013778686523,accepted,157,0.9079471826553345,1.0,True
7,1,0.7152013778686523,accepted,158,0.9053428769111633,1.0,True
7,1,0.7152013778686523,accepted,159,0.9074035882949829,1.0,True
7,1,0.7152013778686523,accepted,160,0.9057988524436951,1.0,True
7,1,0.7152013778686523,accepted,161,0.9086263179779053,1.0,True
7,1,0.7152013778686523,accepted,162,0.9077185988426208,1.0,True
7,1,0.7152013778686523,accepted,163,0.903286874294281,1.0,True
7,1,0.7152013778686523,accepted,164,0.9072478413581848,1.0,True
7,1,0.7152013778686523,accepted,165,0.9084807634353638,1.0,True
7,1,0.7152013778686523,accepted,166,0.9058471918106079,1.0,True
7,1,0.7152013778686523,accepted,167,0.9062792658805847,1.0,True
7,1,0.7152013778686523,accepted,168,0.9089106321334839,1.0,True
7,1,0.7152013778686523,accepted,169,0.907774031162262,1.0,True
7,1,0.7152013778686523,accepted,170,0.9107013940811157,1.0,True
7,1,0.7152013778686523,accepted,171,0.9076493978500366,1.0,True
7,1,0.7152013778686523,accepted,172,0.9040487408638,1.0,True
7,1,0.7152013778686523,accepted,173,0.9101666212081909,1.0,True
7,1,0.7152013778686523,accepted,174,0.9092157483100891,1.0,True
7,1,0.7152013778686523,accepted,175,0.9102637767791748,1.0,True
7,1,0.7152013778686523,accepted,176,0.907836377620697,1.0,True
7,1,0.7152013778686523,accepted,177,0.9071059226989746,1.0,True
7,1,0.7152013778686523,accepted,178,0.9107326865196228,1.0,True
7,1,0.7152013778686523,accepted,179,0.9104374647140503,1.0,True
7,1,0.7152013778686523,accepted,180,0.9088066220283508,1.0,True
7,1,0.7152013778686523,accepted,181,0.909309446811676,1.0,True
7,1,0.7152013778686523,accepted,182,0.9121025204658508,1.0,True
7,1,0.7152013778686523,accepted,183,0.9102464914321899,1.0,True
7,1,0.7152013778686523,accepted,184,0.9080892205238342,1.0,True
7,1,0.7152013778686523,accepted,185,0.9093440771102905,1.0,True
7,1,0.7152013778686523,accepted,186,0.9100936651229858,1.0,True
7,1,0.7152013778686523,accepted,187,0.9102707505226135,1.0,True
7,1,0.7152013778686523,accepted,188,0.9104409217834473,1.0,True
7,1,0.7152013778686523,accepted,189,0.9108786582946777,1.0,True
7,1,0.7152013778686523,accepted,190,0.9099825620651245,1.0,True
7,1,0.7152013778686523,accepted,191,0.9102950692176819,1.0,True
7,1,0.7152013778686523,accepted,192,0.9098437428474426,1.0,True
7,1,0.7152013778686523,accepted,193,0.9109272360801697,1.0,True
7,1,0.7152013778686523,accepted,194,0.909305989742279,1.0,True
7,1,0.7152013778686523,accepted,195,0.9101006388664246,1.0,True
7,1,0.7152013778686523,accepted,196,0.9118937849998474,1.0,True
7,1,0.7152013778686523,accepted,197,0.9101561307907104,1.0,True
7,1,0.7152013778686523,accepted,198,0.909305989742279,1.0,True
7,1,0.7152013778686523,accepted,199,0.9106354117393494,1.0,True
7,1,0.7152013778686523,accepted,200,0.9140530824661255,1.0,True
7,1,0.7152013778686523,accepted,201,0.904735267162323,1.0,True
7,1,0.7152013778686523,accepted,202,0.9083768129348755,1.0,True
7,1,0.7152013778686523,accepted,203,0.9118555784225464,1.0,True
7,1,0.7152013778686523,accepted,204,0.9099027514457703,1.0,True
7,1,0.7152013778686523,accepted,205,0.9101839661598206,1.0,True
7,1,0.7152013778686523,accepted,206,0.9121721982955933,1.0,True
7,1,0.7152013778686523,accepted,207,0.9090111255645752,1.0,True
7,1,0.7152013778686523,accepted,208,0.9083871245384216,1.0,True
7,1,0.7152013778686523,accepted,209,0.9138404130935669,1.0,True
7,1,0.7152013778686523,accepted,210,0.9105173349380493,1.0,True
7,1,0.7152013778686523,accepted,211,0.9129031896591187,1.0,True
7,1,0.7152013778686523,accepted,212,0.9106041789054871,1.0,True
7,1,0.7152013778686523,accepted,213,0.9134326577186584,1.0,True
7,1,0.7152013778686523,accepted,214,0.9100034236907959,1.0,True
7,1,0.7152013778686523,accepted,215,0.9114972949028015,1.0,True
7,1,0.7152013778686523,accepted,216,0.9107604622840881,1.0,True
7,1,0.7152013778686523,accepted,217,0.9014727473258972,1.0,True
7,1,0.7152013778686523,accepted,218,0.9136521816253662,1.0,True
7,1,0.7152013778686523,accepted,219,0.9100520014762878,1.0,True
7,1,0.7152013778686523,accepted,220,0.9106284976005554,1.0,True
7,1,0.7152013778686523,accepted,221,0.9099478721618652,1.0,True
7,1,0.7152013778686523,accepted,222,0.9147018194198608,1.0,True
7,1,0.7152013778686523,accepted,223,0.9120398759841919,1.0,True
7,1,0.7152013778686523,accepted,224,0.911737322807312,1.0,True
7,1,0.7152013778686523,accepted,225,0.912026047706604,1.0,True
7,1,0.7152013778686523,accepted,226,0.912662923336029,1.0,True
7,1,0.7152013778686523,accepted,227,0.9126420021057129,1.0,True
7,1,0.7152013778686523,accepted,228,0.9085986018180847,1.0,True
7,1,0.7152013778686523,accepted,229,0.9117233753204346,1.0,True
7,1,0.7152013778686523,accepted,230,0.9101700782775879,1.0,True
7,1,0.7152013778686523,accepted,231,0.9127638936042786,1.0,True
7,1,0.7152013778686523,accepted,232,0.9111635684967041,1.0,True
7,1,0.7152013778686523,accepted,233,0.9093267917633057,1.0,True
7,1,0.7152013778686523,accepted,234,0.9120364189147949,1.0,True
7,1,0.7152013778686523,accepted,235,0.9122452139854431,1.0,True
7,1,0.7152013778686523,accepted,236,0.9124679565429688,1.0,True
7,1,0.7152013778686523,accepted,237,0.9120538234710693,1.0,True
7,1,0.7152013778686523,accepted,238,0.9142309427261353,1.0,True
7,1,0.7152013778686523,accepted,239,0.9147542119026184,1.0,True
7,1,0.7152013778686523,accepted,240,0.9142658710479736,1.0,True
7,1,0.7152013778686523,accepted,241,0.9125584363937378,1.0,True
7,1,0.7152013778686523,accepted,242,0.9117233753204346,1.0,True
7,1,0.7152013778686523,accepted,243,0.9128996729850769,1.0,True
7,1,0.7152013778686523,accepted,244,0.9136801362037659,1.0,True
7,1,0.7152013778686523,accepted,245,0.9135093688964844,1.0,True
7,1,0.7152013778686523,accepted,246,0.9138787388801575,1.0,True
7,1,0.7152013778686523,accepted,247,0.9128404855728149,1.0,True
7,1,0.7152013778686523,accepted,248,0.9112261533737183,1.0,True
7,1,0.7152013778686523,accepted,249,0.9142972230911255,1.0,True
7,1,0.7152013778686523,accepted,250,0.9153790473937988,1.0,True
7,1,0.7152013778686523,accepted,251,0.9132166504859924,1.0,True
7,1,0.7152013778686523,accepted,252,0.9143495559692383,1.0,True
7,1,0.7152013778686523,accepted,253,0.9128926992416382,1.0,True
7,1,0.7152013778686523,accepted,254,0.9137915968894958,1.0,True
7,1,0.7152013778686523,accepted,255,0.915529191493988,1.0,True
7,1,0.7152013778686523,accepted,256,0.9150717854499817,1.0,True
7,1,0.7152013778686523,accepted,257,0.9107326865196228,1.0,True
7,1,0.7152013778686523,accepted,258,0.9139205813407898,1.0,True
7,1,0.7152013778686523,accepted,259,0.9150857925415039,1.0,True
7,1,0.7152013778686523,accepted,260,0.9116920828819275,1.0,True
7,1,0.7152013778686523,accepted,261,0.9136417508125305,1.0,True
7,1,0.7152013778686523,accepted,262,0.9147053956985474,1.0,True
7,1,0.7152013778686523,accepted,263,0.9129937291145325,1.0,True
7,1,0.7152013778686523,accepted,264,0.9152044653892517,1.0,True
7,1,0.7152013778686523,accepted,265,0.9149880409240723,1.0,True
7,1,0.7152013778686523,accepted,266,0.9147611856460571,1.0,True
7,1,0.7152013778686523,accepted,267,0.91533362865448,1.0,True
7,1,0.7152013778686523,accepted,268,0.913362979888916,1.0,True
7,1,0.7152013778686523,accepted,269,0.9134745001792908,1.0,True
7,1,0.7152013778686523,accepted,270,0.914530873298645,1.0,True
7,1,0.7152013778686523,accepted,271,0.9142309427261353,1.0,True
7,1,0.7152013778686523,accepted,272,0.9152324199676514,1.0,True
7,1,0.7152013778686523,accepted,273,0.915127694606781,1.0,True
7,1,0.7152013778686523,accepted,274,0.9133246541023254,1.0,True
7,1,0.7152013778686523,accepted,275,0.9164132475852966,1.0,True
7,1,0.7152013778686523,accepted,276,0.9141297936439514,1.0,True
7,1,0.7152013778686523,accepted,277,0.9137846827507019,1.0,True
7,1,0.7152013778686523,accepted,278,0.915913462638855,1.0,True
7,1,0.7152013778686523,accepted,279,0.9158470630645752,1.0,True
7,1,0.7152013778686523,accepted,280,0.9172071814537048,1.0,True
7,1,0.7152013778686523,accepted,281,0.9165985584259033,1.0,True
7,1,0.7152013778686523,accepted,282,0.909694492816925,1.0,True
7,1,0.7152013778686523,accepted,283,0.9157353043556213,1.0,True
7,1,0.7152013778686523,accepted,284,0.9139519929885864,1.0,True
7,1,0.7152013778686523,accepted,285,0.9156584143638611,1.0,True
7,1,0.7152013778686523,accepted,286,0.9151031970977783,1.0,True
7,1,0.7152013778686523,accepted,287,0.9112748503684998,1.0,True
7,1,0.7152013778686523,accepted,288,0.9173645973205566,1.0,True
7,1,0.7152013778686523,accepted,289,0.9166998863220215,1.0,True
7,1,0.7152013778686523,accepted,290,0.9157876968383789,1.0,True
7,1,0.7152013778686523,accepted,291,0.9160252213478088,1.0,True
7,1,0.7152013778686523,accepted,292,0.9163922667503357,1.0,True
7,1,0.7152013778686523,accepted,293,0.915267288684845,1.0,True
7,1,0.7152013778686523,accepted,294,0.913470983505249,1.0,True
7,1,0.7152013778686523,accepted,295,0.9125097393989563,1.0,True
7,1,0.7152013778686523,accepted,296,0.9172911643981934,1.0,True
7,1,0.7152013778686523,accepted,297,0.9131712913513184,1.0,True
7,1,0.7152013778686523,accepted,298,0.9151590466499329,1.0,True
7,1,0.7152013778686523,accepted,299,0.916885256767273,1.0,True
7,1,0.7152013778686523,accepted,300,0.9158400893211365,1.0,True
7,1,0.7152013778686523,accepted,301,0.9126420021057129,1.0,True
7,1,0.7152013778686523,accepted,302,0.9167208671569824,1.0,True
7,1,0.7152013778686523,accepted,303,0.9169726967811584,1.0,True
7,1,0.7152013778686523,accepted,304,0.9148344993591309,1.0,True
7,1,0.7152013778686523,accepted,305,0.9153860211372375,1.0,True
7,1,0.7152013778686523,accepted,306,0.9185131788253784,1.0,True
7,1,0.7152013778686523,accepted,307,0.9165006279945374,1.0,True
7,1,0.7152013778686523,accepted,308,0.9159588813781738,1.0,True
7,1,0.7152013778686523,accepted,309,0.9193193912506104,1.0,True
7,1,0.7152013778686523,accepted,310,0.9161825180053711,1.0,True
7,1,0.7152013778686523,accepted,311,0.9159449338912964,1.0,True
7,1,0.7152013778686523,accepted,312,0.9154767990112305,1.0,True
7,1,0.7152013778686523,accepted,313,0.9154419302940369,1.0,True
7,1,0.7152013778686523,accepted,314,0.9196736812591553,1.0,True
7,1,0.7152013778686523,accepted,315,0.915312647819519,1.0,True
7,1,0.7152013778686523,accepted,316,0.9138056039810181,1.0,True
7,1,0.7152013778686523,accepted,317,0.9175466299057007,1.0,True
7,1,0.7152013778686523,accepted,318,0.9155990481376648,1.0,True
7,1,0.7152013778686523,accepted,319,0.9165285229682922,1.0,True
7,1,0.7152013778686523,accepted,320,0.9183204174041748,1.0,True
7,1,0.7152013778686523,accepted,321,0.9156374931335449,1.0,True
7,1,0.7152013778686523,accepted,322,0.9177846312522888,1.0,True
7,1,0.7152013778686523,accepted,323,0.9164307117462158,1.0,True
7,1,0.7152013778686523,accepted,324,0.9157072901725769,1.0,True
7,1,0.7152013778686523,accepted,325,0.9161056280136108,1.0,True
7,1,0.7152013778686523,accepted,326,0.9172176122665405,1.0,True
7,1,0.7152013778686523,accepted,327,0.9182993769645691,1.0,True
7,1,0.7152013778686523,accepted,328,0.9169272184371948,1.0,True
7,1,0.7152013778686523,accepted,329,0.9159413576126099,1.0,True
7,1,0.7152013778686523,accepted,330,0.9184465408325195,1.0,True
7,1,0.7152013778686523,accepted,331,0.9154000282287598,1.0,True
7,1,0.7152013778686523,accepted,332,0.9163258671760559,1.0,True
7,1,0.7152013778686523,accepted,333,0.9182328581809998,1.0,True
7,1,0.7152013778686523,accepted,334,0.9169377684593201,1.0,True
7,1,0.7152013778686523,accepted,335,0.9167418479919434,1.0,True
7,1,0.7152013778686523,accepted,336,0.9148483872413635,1.0,True
7,1,0.7152013778686523,accepted,337,0.918243408203125,1.0,True
7,1,0.7152013778686523,accepted,338,0.9171196222305298,1.0,True
7,1,0.7152013778686523,accepted,339,0.915700376033783,1.0,True
7,1,0.7152013778686523,accepted,340,0.9149985313415527,1.0,True
7,1,0.7152013778686523,accepted,341,0.916685938835144,1.0,True
7,1,0.7152013778686523,accepted,342,0.9165146350860596,1.0,True
7,1,0.7152013778686523,accepted,343,0.9148938655853271,1.0,True
7,1,0.7152013778686523,accepted,344,0.9156934022903442,1.0,True
7,1,0.7152013778686523,accepted,345,0.9147437214851379,1.0,True
7,1,0.7152013778686523,accepted,346,0.9195052981376648,1.0,True
7,1,0.7152013778686523,accepted,347,0.9187829494476318,1.0,True
7,1,0.7152013778686523,accepted,348,0.9153371453285217,1.0,True
7,1,0.7152013778686523,accepted,349,0.9167138934135437,1.0,True
7,1,0.7152013778686523,accepted,350,0.916364312171936,1.0,True
7,1,0.7152013778686523,accepted,351,0.9162000417709351,1.0,True
7,1,0.7152013778686523,accepted,352,0.9174625873565674,1.0,True
7,1,0.7152013778686523,accepted,353,0.9178931713104248,1.0,True
7,1,0.7152013778686523,accepted,354,0.9185271263122559,1.0,True
7,1,0.7152013778686523,accepted,355,0.9155012369155884,1.0,True
7,1,0.7152013778686523,accepted,356,0.9174416065216064,1.0,True
7,1,0.7152013778686523,accepted,357,0.9170147180557251,1.0,True
7,1,0.7152013778686523,accepted,358,0.9153790473937988,1.0,True
7,1,0.7152013778686523,accepted,359,0.9178056120872498,1.0,True
7,1,0.7152013778686523,accepted,360,0.9162489175796509,1.0,True
7,1,0.7152013778686523,accepted,361,0.9150787591934204,1.0,True
7,1,0.7152013778686523,accepted,362,0.9161161184310913,1.0,True
7,1,0.7152013778686523,accepted,363,0.9181277751922607,1.0,True
7,1,0.7152013778686523,accepted,364,0.9198245406150818,1.0,True
7,1,0.7152013778686523,accepted,365,0.9171441793441772,1.0,True
7,1,0.7152013778686523,accepted,366,0.918695330619812,1.0,True
7,1,0.7152013778686523,accepted,367,0.9183413982391357,1.0,True
7,1,0.7152013778686523,accepted,368,0.9177706241607666,1.0,True
7,1,0.7152013778686523,accepted,369,0.9158610701560974,1.0,True
7,1,0.7152013778686523,accepted,370,0.9175185561180115,1.0,True
7,1,0.7152013778686523,accepted,371,0.917315661907196,1.0,True
7,1,0.7152013778686523,accepted,372,0.915176510810852,1.0,True
7,1,0.7152013778686523,accepted,373,0.9157736897468567,1.0,True
7,1,0.7152013778686523,accepted,374,0.9182083606719971,1.0,True
7,1,0.7152013778686523,accepted,375,0.9169272184371948,1.0,True
7,1,0.7152013778686523,accepted,376,0.9190949201583862,1.0,True
7,1,0.7152013778686523,accepted,377,0.9161650538444519,1.0,True
7,1,0.7152013778686523,accepted,378,0.9190388917922974,1.0,True
7,1,0.7152013778686523,accepted,379,0.9174906015396118,1.0,True
7,1,0.7152013778686523,accepted,380,0.9188039898872375,1.0,True
7,1,0.7152013778686523,accepted,381,0.9187198281288147,1.0,True
7,1,0.7152013778686523,accepted,382,0.920179009437561,1.0,True
7,1,0.7152013778686523,accepted,383,0.918828547000885,1.0,True
7,1,0.7152013778686523,accepted,384,0.9199648499488831,1.0,True
7,1,0.7152013778686523,accepted,385,0.9180822372436523,1.0,True
7,1,0.7152013778686523,accepted,386,0.9163712859153748,1.0,True
7,1,0.7152013778686523,accepted,387,0.9184780716896057,1.0,True
7,1,0.7152013778686523,accepted,388,0.9206318855285645,1.0,True
7,1,0.7152013778686523,accepted,389,0.9213134050369263,1.0,True
7,1,0.7152013778686523,accepted,390,0.917147696018219,1.0,True
7,1,0.7152013778686523,accepted,391,0.9204913973808289,1.0,True
7,1,0.7152013778686523,accepted,392,0.921099066734314,1.0,True
7,1,0.7152013778686523,accepted,393,0.9172596335411072,1.0,True
7,1,0.7152013778686523,accepted,394,0.9186918139457703,1.0,True
7,1,0.7152013778686523,accepted,395,0.9187759757041931,1.0,True
7,1,0.7152013778686523,accepted,396,0.915131151676178,1.0,True
7,1,0.7152013778686523,accepted,397,0.9209725856781006,1.0,True
7,1,0.7152013778686523,accepted,398,0.9180822372436523,1.0,True
7,1,0.7152013778686523,accepted,399,0.9175011515617371,1.0,True
7,1,0.7152013778686523,accepted,400,0.919870138168335,1.0,True
7,1,0.7152013778686523,accepted,401,0.9209445118904114,1.0,True
7,1,0.7152013778686523,accepted,402,0.9194245934486389,1.0,True
7,1,0.7152013778686523,accepted,403,0.9172806143760681,1.0,True
7,1,0.7152013778686523,accepted,404,0.9165600538253784,1.0,True
7,1,0.7152013778686523,accepted,405,0.9219849705696106,1.0,True
7,1,0.7152013778686523,accepted,406,0.9187198281288147,1.0,True
7,1,0.7152013778686523,accepted,407,0.9190738797187805,1.0,True
7,1,0.7152013778686523,accepted,408,0.9212045073509216,1.0,True
7,1,0.7152013778686523,accepted,409,0.9188075065612793,1.0,True
7,1,0.7152013778686523,accepted,410,0.9221889972686768,1.0,True
7,1,0.7152013778686523,accepted,411,0.9194666743278503,1.0,True
7,1,0.7152013778686523,accepted,412,0.920561671257019,1.0,True
7,1,0.7152013778686523,accepted,413,0.9198595285415649,1.0,True
7,1,0.7152013778686523,accepted,414,0.9200631380081177,1.0,True
7,1,0.7152013778686523,accepted,415,0.918828547000885,1.0,True
7,1,0.7152013778686523,accepted,416,0.918351948261261,1.0,True
7,1,0.7152013778686523,accepted,417,0.9189687371253967,1.0,True
7,1,0.7152013778686523,accepted,418,0.9187724590301514,1.0,True
7,1,0.7152013778686523,accepted,419,0.9182503819465637,1.0,True
7,1,0.7152013778686523,accepted,420,0.9190037846565247,1.0,True
7,1,0.7152013778686523,accepted,421,0.9172596335411072,1.0,True
7,1,0.7152013778686523,accepted,422,0.9197227358818054,1.0,True
7,1,0.7152013778686523,accepted,423,0.9184395670890808,1.0,True
7,1,0.7152013778686523,accepted,424,0.9189897775650024,1.0,True
7,1,0.7152013778686523,accepted,425,0.917525589466095,1.0,True
7,1,0.7152013778686523,accepted,426,0.9198911786079407,1.0,True
7,1,0.7152013778686523,accepted,427,0.9209234118461609,1.0,True
7,1,0.7152013778686523,accepted,428,0.9198279976844788,1.0,True
7,1,0.7152013778686523,accepted,429,0.9184991121292114,1.0,True
7,1,0.7152013778686523,accepted,430,0.9227343797683716,1.0,True
7,1,0.7152013778686523,accepted,431,0.9200561046600342,1.0,True
7,1,0.7152013778686523,accepted,432,0.9198771119117737,1.0,True
7,1,0.7152013778686523,accepted,433,0.9210112690925598,1.0,True
7,1,0.7152013778686523,accepted,434,0.9200526475906372,1.0,True
7,1,0.7152013778686523,accepted,435,0.9192562699317932,1.0,True
7,1,0.7152013778686523,accepted,436,0.918369472026825,1.0,True
7,1,0.7152013778686523,accepted,437,0.9190037846565247,1.0,True
7,1,0.7152013778686523,accepted,438,0.9199999570846558,1.0,True
7,1,0.7152013778686523,accepted,439,0.9163922667503357,1.0,True
7,1,0.7152013778686523,accepted,440,0.9183765053749084,1.0,True
7,1,0.7152013778686523,accepted,441,0.9194280505180359,1.0,True
7,1,0.7152013778686523,accepted,442,0.9194140434265137,1.0,True
7,1,0.7152013778686523,accepted,443,0.9207863807678223,1.0,True
7,1,0.7152013778686523,accepted,444,0.9212572574615479,1.0,True
7,1,0.7152013778686523,accepted,445,0.9201964735984802,1.0,True
7,1,0.7152013778686523,accepted,446,0.9190879464149475,1.0,True
7,1,0.7152013778686523,accepted,447,0.9189547300338745,1.0,True
7,1,0.7152013778686523,accepted,448,0.9171196222305298,1.0,True
7,1,0.7152013778686523,accepted,449,0.920336902141571,1.0,True
7,1,0.7152013778686523,accepted,450,0.9227731227874756,1.0,True
7,1,0.7152013778686523,accepted,451,0.9196069240570068,1.0,True
7,1,0.7152013778686523,accepted,452,0.9211236834526062,1.0,True
7,1,0.7152013778686523,accepted,453,0.9212466478347778,1.0,True
7,1,0.7152013778686523,accepted,454,0.9164971113204956,1.0,True
7,1,0.7152013778686523,accepted,455,0.9185587167739868,1.0,True
7,1,0.7152013778686523,accepted,456,0.9186603426933289,1.0,True
7,1,0.7152013778686523,accepted,457,0.9194105267524719,1.0,True
7,1,0.7152013778686523,accepted,458,0.918965220451355,1.0,True
7,1,0.7152013778686523,accepted,459,0.91997891664505,1.0,True
7,1,0.7152013778686523,accepted,460,0.9215243458747864,1.0,True
7,1,0.7152013778686523,accepted,461,0.9203158617019653,1.0,True
7,1,0.7152013778686523,accepted,462,0.9166264533996582,1.0,True
7,1,0.7152013778686523,accepted,463,0.9198279976844788,1.0,True
7,1,0.7152013778686523,accepted,464,0.9200701117515564,1.0,True
7,1,0.7152013778686523,accepted,465,0.9163118600845337,1.0,True
7,1,0.7152013778686523,accepted,466,0.9180718064308167,1.0,True
7,1,0.7152013778686523,accepted,467,0.9190563559532166,1.0,True
7,1,0.7152013778686523,accepted,468,0.9178196787834167,1.0,True
7,1,0.7152013778686523,accepted,469,0.9203720688819885,1.0,True
7,1,0.7152013778686523,accepted,470,0.9205580949783325,1.0,True
7,1,0.7152013778686523,accepted,471,0.9187794327735901,1.0,True
7,1,0.7152013778686523,accepted,472,0.9204071164131165,1.0,True
7,1,0.7152013778686523,accepted,473,0.9192667603492737,1.0,True
7,1,0.7152013778686523,accepted,474,0.9207020998001099,1.0,True
7,1,0.7152013778686523,accepted,475,0.9184885621070862,1.0,True
7,1,0.7152013778686523,accepted,476,0.9191650152206421,1.0,True
7,1,0.7152013778686523,accepted,477,0.9214610457420349,1.0,True
7,1,0.7152013778686523,accepted,478,0.9224036335945129,1.0,True
7,1,0.7152013778686523,accepted,479,0.9215208292007446,1.0,True
7,1,0.7152013778686523,accepted,480,0.9212888479232788,1.0,True
7,1,0.7152013778686523,accepted,481,0.9197332262992859,1.0,True
7,1,0.7152013778686523,accepted,482,0.9204878807067871,1.0,True
7,1,0.7152013778686523,accepted,483,0.9221256971359253,1.0,True
7,1,0.7152013778686523,accepted,484,0.9214083552360535,1.0,True
7,1,0.7152013778686523,accepted,485,0.9170112013816833,1.0,True
7,1,0.7152013778686523,accepted,486,0.9208250641822815,1.0,True
7,1,0.7152013778686523,accepted,487,0.9231041073799133,1.0,True
7,1,0.7152013778686523,accepted,488,0.9213345050811768,1.0,True
7,1,0.7152013778686523,accepted,489,0.9203053712844849,1.0,True
7,1,0.7152013778686523,accepted,490,0.9221081137657166,1.0,True
7,1,0.7152013778686523,accepted,491,0.9208285212516785,1.0,True
7,1,0.7152013778686523,accepted,492,0.9212325811386108,1.0,True
7,1,0.7152013778686523,accepted,493,0.9231921434402466,1.0,True
7,1,0.7152013778686523,accepted,494,0.9195789098739624,1.0,True
7,1,0.7152013778686523,accepted,495,0.9201263189315796,1.0,True
7,1,0.7152013778686523,accepted,496,0.9218513369560242,1.0,True
7,1,0.7152013778686523,accepted,497,0.922213613986969,1.0,True
7,1,0.7152013778686523,accepted,498,0.9221467971801758,1.0,True
7,1,0.7152013778686523,accepted,499,0.9226393699645996,1.0,True
7,1,0.7152013778686523,accepted,500,0.9224845767021179,1.0,True
8,1,0.9304288029670715,accepted,1,0.673147976398468,1.0,False
8,1,0.9304288029670715,accepted,2,0.6777006983757019,1.0,True
8,1,0.9304288029670715,accepted,3,0.6811841726303101,1.0,True
8,1,0.9304288029670715,accepted,4,0.6889902949333191,1.0,True
8,1,0.9304288029670715,accepted,5,0.6990051865577698,1.0,True
8,1,0.9304288029670715,accepted,6,0.7139784097671509,1.0,True
8,1,0.9304288029670715,accepted,7,0.7188182473182678,1.0,True
8,1,0.9304288029670715,accepted,8,0.7350733876228333,1.0,True
8,1,0.9304288029670715,accepted,9,0.7476779818534851,1.0,True
8,1,0.9304288029670715,accepted,10,0.7653239369392395,1.0,True
8,1,0.9304288029670715,accepted,11,0.7716796398162842,1.0,True
8,1,0.9304288029670715,accepted,12,0.7810976505279541,1.0,True
8,1,0.9304288029670715,accepted,13,0.7908689975738525,1.0,True
8,1,0.9304288029670715,accepted,14,0.8045408725738525,1.0,True
8,1,0.9304288029670715,accepted,15,0.8157590627670288,1.0,True
8,1,0.9304288029670715,accepted,16,0.8205592632293701,1.0,True
8,1,0.9304288029670715,accepted,17,0.8336178660392761,1.0,True
8,1,0.9304288029670715,accepted,18,0.8362614512443542,1.0,True
8,1,0.9304288029670715,accepted,19,0.8413812518119812,1.0,True
8,1,0.9304288029670715,accepted,20,0.8549440503120422,1.0,True
8,1,0.9304288029670715,accepted,21,0.8505817651748657,1.0,True
8,1,0.9304288029670715,accepted,22,0.8600010275840759,1.0,True
8,1,0.9304288029670715,accepted,23,0.8602142930030823,1.0,True
8,1,0.9304288029670715,accepted,24,0.8578287363052368,1.0,True
8,1,0.9304288029670715,accepted,25,0.8695976138114929,1.0,True
8,1,0.9304288029670715,accepted,26,0.8669015169143677,1.0,True
8,1,0.9304288029670715,accepted,27,0.8738640546798706,1.0,True
8,1,0.9304288029670715,accepted,28,0.8780341744422913,1.0,True
8,1,0.9304288029670715,accepted,29,0.8787077069282532,1.0,True
8,1,0.9304288029670715,accepted,30,0.8820122480392456,1.0,True
8,1,0.9304288029670715,accepted,31,0.8879945874214172,1.0,True
8,1,0.9304288029670715,accepted,32,0.8883740901947021,1.0,True
8,1,0.9304288029670715,accepted,33,0.8908854126930237,1.0,True
8,1,0.9304288029670715,accepted,34,0.8946178555488586,1.0,True
8,1,0.9304288029670715,accepted,35,0.8941060900688171,1.0,True
8,1,0.9304288029670715,accepted,36,0.8965070843696594,1.0,True
8,1,0.9304288029670715,accepted,37,0.8982974886894226,1.0,True
8,1,0.9304288029670715,accepted,38,0.8977150917053223,1.0,True
8,1,0.9304288029670715,accepted,39,0.8999232053756714,1.0,True
8,1,0.9304288029670715,accepted,40,0.8994976282119751,1.0,True
8,1,0.9304288029670715,accepted,41,0.9061410427093506,1.0,True
8,1,0.9304288029670715,accepted,42,0.9033247828483582,1.0,True
8,1,0.9304288029670715,accepted,43,0.9068187475204468,1.0,True
8,1,0.9304288029670715,accepted,44,0.9070055484771729,1.0,True
8,1,0.9304288029670715,accepted,45,0.9097882509231567,1.0,True
8,1,0.9304288029670715,accepted,46,0.910531222820282,1.0,True
8,1,0.9304288029670715,accepted,47,0.9119008183479309,1.0,True
8,1,0.9304288029670715,accepted,48,0.9099409580230713,1.0,True
8,1,0.9304288029670715,accepted,49,0.9093440771102905,1.0,True
8,1,0.9304288029670715,accepted,50,0.912979781627655,1.0,True
8,1,0.9304288029670715,accepted,51,0.9142972230911255,1.0,True
8,1,0.9304288029670715,accepted,52,0.91246098279953,1.0,True
8,1,0.9304288029670715,accepted,53,0.9124818444252014,1.0,True
8,1,0.9304288029670715,accepted,54,0.9186146855354309,1.0,True
8,1,0.9304288029670715,accepted,55,0.9173331260681152,1.0,True
8,1,0.9304288029670715,accepted,56,0.9143983721733093,1.0,True
8,1,0.9304288029670715,accepted,57,0.9177216291427612,1.0,True
8,1,0.9304288029670715,accepted,58,0.9191825985908508,1.0,True
8,1,0.9304288029670715,accepted,59,0.9194526076316833,1.0,True
8,1,0.9304288029670715,accepted,60,0.9170497059822083,1.0,True
8,1,0.9304288029670715,accepted,61,0.9167593121528625,1.0,True
8,1,0.9304288029670715,accepted,62,0.9215806126594543,1.0,True
8,1,0.9304288029670715,accepted,63,0.9190248250961304,1.0,True
8,1,0.9304288029670715,accepted,64,0.9198384881019592,1.0,True
8,1,0.9304288029670715,accepted,65,0.9218653440475464,1.0,True
8,1,0.9304288029670715,accepted,66,0.9202000498771667,1.0,True
8,1,0.9304288029670715,accepted,67,0.922283947467804,1.0,True
8,1,0.9304288029670715,accepted,68,0.9219814538955688,1.0,True
8,1,0.9304288029670715,accepted,69,0.9239813089370728,1.0,True
8,1,0.9304288029670715,accepted,70,0.9245736598968506,1.0,True
8,1,0.9304288029670715,accepted,71,0.9240236282348633,1.0,True
8,1,0.9304288029670715,accepted,72,0.9224810004234314,1.0,True
8,1,0.9304288029670715,accepted,73,0.9223895072937012,1.0,True
8,1,0.9304288029670715,accepted,74,0.9241681694984436,1.0,True
8,1,0.9304288029670715,accepted,75,0.9266640543937683,1.0,True
8,1,0.9304288029670715,accepted,76,0.9257312417030334,1.0,True
8,1,0.9304288029670715,accepted,77,0.9274207949638367,1.0,True
8,1,0.9304288029670715,accepted,78,0.9277462959289551,1.0,True
8,1,0.9304288029670715,accepted,79,0.9250816702842712,1.0,True
8,1,0.9304288029670715,accepted,80,0.9269468784332275,1.0,True
8,1,0.9304288029670715,accepted,81,0.925117015838623,1.0,True
8,1,0.9304288029670715,accepted,82,0.9242915511131287,1.0,True
8,1,0.9304288029670715,accepted,83,0.9286350607872009,1.0,True
8,1,0.9304288029670715,accepted,84,0.9273677468299866,1.0,True
8,1,0.9304288029670715,accepted,85,0.9258266091346741,1.0,True
8,1,0.9304288029670715,accepted,86,0.9268478155136108,1.0,True
8,1,0.9304288029670715,accepted,87,0.9301205277442932,1.0,True
8,1,0.9304288029670715,accepted,88,0.9298189878463745,1.0,True
8,1,0.9304288029670715,accepted,89,0.9270600080490112,1.0,True
8,1,0.9304288029670715,accepted,90,0.927052915096283,1.0,True
8,1,0.9304288029670715,accepted,91,0.930663526058197,1.0,True
8,1,0.9304288029670715,accepted,92,0.9279020428657532,1.0,True
8,1,0.9304288029670715,accepted,93,0.9297764301300049,1.0,True
8,1,0.9304288029670715,accepted,94,0.9282277226448059,1.0,True
8,1,0.9304288029670715,accepted,95,0.9300389289855957,1.0,True
8,1,0.9304288029670715,accepted,96,0.9297161102294922,1.0,True
8,1,0.9304288029670715,accepted,97,0.9304753541946411,1.0,True
8,1,0.9304288029670715,accepted,98,0.9285854697227478,1.0,True
8,1,0.9304288029670715,accepted,99,0.9313099384307861,1.0,True
8,1,0.9304288029670715,accepted,100,0.9304860830307007,1.0,True
8,1,0.9304288029670715,accepted,101,0.9286527633666992,1.0,True
8,1,0.9304288029670715,accepted,102,0.9307096600532532,1.0,True
8,1,0.9304288029670715,accepted,103,0.9334118962287903,1.0,True
8,1,0.9304288029670715,accepted,104,0.9306777715682983,1.0,True
8,1,0.9304288029670715,accepted,105,0.9284473061561584,1.0,True
8,1,0.9304288029670715,accepted,106,0.9275339841842651,1.0,True
8,1,0.9304288029670715,accepted,107,0.931157112121582,1.0,True
8,1,0.9304288029670715,accepted,108,0.9332873225212097,1.0,True
8,1,0.9304288029670715,accepted,109,0.9314484596252441,1.0,True
8,1,0.9304288029670715,accepted,110,0.9322909116744995,1.0,True
8,1,0.9304288029670715,accepted,111,0.9319318532943726,1.0,True
8,1,0.9304288029670715,accepted,112,0.9303440451622009,1.0,True
8,1,0.9304288029670715,accepted,113,0.9306173920631409,1.0,True
8,1,0.9304288029670715,accepted,114,0.9312636852264404,1.0,True
8,1,0.9304288029670715,accepted,115,0.9318536520004272,1.0,True
8,1,0.9304288029670715,accepted,116,0.9326573610305786,1.0,True
8,1,0.9304288029670715,accepted,117,0.9287448525428772,1.0,True
8,1,0.9304288029670715,accepted,118,0.9303440451622009,1.0,True
8,1,0.9304288029670715,accepted,119,0.9342027306556702,1.0,True
8,1,0.9304288029670715,accepted,120,0.9326751232147217,1.0,True
8,1,0.9304288029670715,accepted,121,0.930802047252655,1.0,True
8,1,0.9304288029670715,accepted,122,0.9351796507835388,1.0,True
8,1,0.9304288029670715,accepted,123,0.9342490434646606,1.0,True
8,1,0.9304288029670715,accepted,124,0.9319247007369995,1.0,True
8,1,0.9304288029670715,accepted,125,0.934220552444458,1.0,True
8,1,0.9304288029670715,accepted,126,0.9347909092903137,1.0,True
8,1,0.9304288029670715,accepted,127,0.9333905577659607,1.0,True
8,1,0.9304288029670715,accepted,128,0.9328139424324036,1.0,True
8,1,0.9304288029670715,accepted,129,0.9357506632804871,1.0,True
8,1,0.9304288029670715,accepted,130,0.933184027671814,1.0,True
8,1,0.9304288029670715,accepted,131,0.9337038993835449,1.0,True
8,1,0.9304288029670715,accepted,132,0.9339069724082947,1.0,True
8,1,0.9304288029670715,accepted,133,0.9345484375953674,1.0,True
8,1,0.9304288029670715,accepted,134,0.9348052144050598,1.0,True
8,1,0.9304288029670715,accepted,135,0.9347231388092041,1.0,True
8,1,0.9304288029670715,accepted,136,0.9339746832847595,1.0,True
8,1,0.9304288029670715,accepted,137,0.9369186162948608,1.0,True
8,1,0.9304288029670715,accepted,138,0.934220552444458,1.0,True
8,1,0.9304288029670715,accepted,139,0.935425877571106,1.0,True
8,1,0.9304288029670715,accepted,140,0.9359362125396729,1.0,True
8,1,0.9304288029670715,accepted,141,0.9340958595275879,1.0,True
8,1,0.9304288029670715,accepted,142,0.9363112449645996,1.0,True
8,1,0.9304288029670715,accepted,143,0.9340174198150635,1.0,True
8,1,0.9304288029670715,accepted,144,0.936332643032074,1.0,True
8,1,0.9304288029670715,accepted,145,0.934552013874054,1.0,True
8,1,0.9304288029670715,accepted,146,0.9371581077575684,1.0,True
8,1,0.9304288029670715,accepted,147,0.936036229133606,1.0,True
8,1,0.9304288029670715,accepted,148,0.935522198677063,1.0,True
8,1,0.9304288029670715,accepted,149,0.9362719058990479,1.0,True
8,1,0.9304288029670715,accepted,150,0.9366291761398315,1.0,True
8,1,0.9304288029670715,accepted,151,0.9362147450447083,1.0,True
8,1,0.9304288029670715,accepted,152,0.9369150400161743,1.0,True
8,1,0.9304288029670715,accepted,153,0.9329384565353394,1.0,True
8,1,0.9304288029670715,accepted,154,0.9356185793876648,1.0,True
8,1,0.9304288029670715,accepted,155,0.9327356219291687,1.0,True
8,1,0.9304288029670715,accepted,156,0.9359255433082581,1.0,True
8,1,0.9304288029670715,accepted,157,0.9373082518577576,1.0,True
8,1,0.9304288029670715,accepted,158,0.9363219141960144,1.0,True
8,1,0.9304288029670715,accepted,159,0.9368113875389099,1.0,True
8,1,0.9304288029670715,accepted,160,0.935650646686554,1.0,True
8,1,0.9304288029670715,accepted,161,0.935950517654419,1.0,True
8,1,0.9304288029670715,accepted,162,0.9347695112228394,1.0,True
8,1,0.9304288029670715,accepted,163,0.9365648627281189,1.0,True
8,1,0.9304288029670715,accepted,164,0.9368078112602234,1.0,True
8,1,0.9304288029670715,accepted,165,0.9360112547874451,1.0,True
8,1,0.9304288029670715,accepted,166,0.9358327388763428,1.0,True
8,1,0.9304288029670715,accepted,167,0.9384997487068176,1.0,True
8,1,0.9304288029670715,accepted,168,0.9354365468025208,1.0,True
8,1,0.9304288029670715,accepted,169,0.9347160458564758,1.0,True
8,1,0.9304288029670715,accepted,170,0.9347873330116272,1.0,True
8,1,0.9304288029670715,accepted,171,0.9355294108390808,1.0,True
8,1,0.9304288029670715,accepted,172,0.9367077350616455,1.0,True
8,1,0.9304288029670715,accepted,173,0.9363291263580322,1.0,True
8,1,0.9304288029670715,accepted,174,0.9366005659103394,1.0,True
8,1,0.9304288029670715,accepted,175,0.9375872015953064,1.0,True
8,1,0.9304288029670715,accepted,176,0.9363219141960144,1.0,True
8,1,0.9304288029670715,accepted,177,0.9365220069885254,1.0,True
8,1,0.9304288029670715,accepted,178,0.9349763989448547,1.0,True
8,1,0.9304288029670715,accepted,179,0.9377159476280212,1.0,True
8,1,0.9304288029670715,accepted,180,0.9372224807739258,1.0,True
8,1,0.9304288029670715,accepted,181,0.9372867941856384,1.0,True
8,1,0.9304288029670715,accepted,182,0.9383529424667358,1.0,True
8,1,0.9304288029670715,accepted,183,0.9386608004570007,1.0,True
8,1,0.9304288029670715,accepted,184,0.9386894106864929,1.0,True
8,1,0.9304288029670715,accepted,185,0.9379091858863831,1.0,True
8,1,0.9304288029670715,accepted,186,0.9388183355331421,1.0,True
8,1,0.9304288029670715,accepted,187,0.9385892152786255,1.0,True
8,1,0.9304288029670715,accepted,188,0.9376301169395447,1.0,True
8,1,0.9304288029670715,accepted,189,0.9370151162147522,1.0,True
8,1,0.9304288029670715,accepted,190,0.9392661452293396,1.0,True
8,1,0.9304288029670715,accepted,191,0.9391730427742004,1.0,True
8,1,0.9304288029670715,accepted,192,0.9361112713813782,1.0,True
8,1,0.9304288029670715,accepted,193,0.9380881190299988,1.0,True
8,1,0.9304288029670715,accepted,194,0.9392410516738892,1.0,True
8,1,0.9304288029670715,accepted,195,0.9366077184677124,1.0,True
8,1,0.9304288029670715,accepted,196,0.9390547275543213,1.0,True
8,1,0.9304288029670715,accepted,197,0.9383673071861267,1.0,True
8,1,0.9304288029670715,accepted,198,0.9373297095298767,1.0,True
8,1,0.9304288029670715,accepted,199,0.9381740093231201,1.0,True
8,1,0.9304288029670715,accepted,200,0.936672031879425,1.0,True
8,1,0.9304288029670715,accepted,201,0.9397500157356262,1.0,True
8,1,0.9304288029670715,accepted,202,0.9399436116218567,1.0,True
8,1,0.9304288029670715,accepted,203,0.9386643767356873,1.0,True
8,1,0.9304288029670715,accepted,204,0.9372010231018066,1.0,True
8,1,0.9304288029670715,accepted,205,0.9380594491958618,1.0,True
8,1,0.9304288029670715,accepted,206,0.9377267360687256,1.0,True
8,1,0.9304288029670715,accepted,207,0.938474714756012,1.0,True
8,1,0.9304288029670715,accepted,208,0.9390977621078491,1.0,True
8,1,0.9304288029670715,accepted,209,0.9374871253967285,1.0,True
8,1,0.9304288029670715,accepted,210,0.9389975070953369,1.0,True
8,1,0.9304288029670715,accepted,211,0.9382132887840271,1.0,True
8,1,0.9304288029670715,accepted,212,0.9382526874542236,1.0,True
8,1,0.9304288029670715,accepted,213,0.9408117532730103,1.0,True
8,1,0.9304288029670715,accepted,214,0.9399973750114441,1.0,True
8,1,0.9304288029670715,accepted,215,0.9390690922737122,1.0,True
8,1,0.9304288029670715,accepted,216,0.9396711587905884,1.0,True
8,1,0.9304288029670715,accepted,217,0.9395958781242371,1.0,True
8,1,0.9304288029670715,accepted,218,0.9403596520423889,1.0,True
8,1,0.9304288029670715,accepted,219,0.93911212682724,1.0,True
8,1,0.9304288029670715,accepted,220,0.9380379915237427,1.0,True
8,1,0.9304288029670715,accepted,221,0.9395205974578857,1.0,True
8,1,0.9304288029670715,accepted,222,0.9389616250991821,1.0,True
8,1,0.9304288029670715,accepted,223,0.9396675825119019,1.0,True
8,1,0.9304288029670715,accepted,224,0.9402161240577698,1.0,True
8,1,0.9304288029670715,accepted,225,0.9402663707733154,1.0,True
8,1,0.9304288029670715,accepted,226,0.938306450843811,1.0,True
8,1,0.9304288029670715,accepted,227,0.9395205974578857,1.0,True
8,1,0.9304288029670715,accepted,228,0.9404026865959167,1.0,True
8,1,0.9304288029670715,accepted,229,0.9377803802490234,1.0,True
8,1,0.9304288029670715,accepted,230,0.941249668598175,1.0,True
8,1,0.9304288029670715,accepted,231,0.9404959082603455,1.0,True
8,1,0.9304288029670715,accepted,232,0.937762439250946,1.0,True
8,1,0.9304288029670715,accepted,233,0.9403021931648254,1.0,True
8,1,0.9304288029670715,accepted,234,0.940463662147522,1.0,True
8,1,0.9304288029670715,accepted,235,0.9385641813278198,1.0,True
8,1,0.9304288029670715,accepted,236,0.9410845637321472,1.0,True
8,1,0.9304288029670715,accepted,237,0.9415799975395203,1.0,True
8,1,0.9304288029670715,accepted,238,0.9413933157920837,1.0,True
8,1,0.9304288029670715,accepted,239,0.93929123878479,1.0,True
8,1,0.9304288029670715,accepted,240,0.9406538605690002,1.0,True
8,1,0.9304288029670715,accepted,241,0.9402089715003967,1.0,True
8,1,0.9304288029670715,accepted,242,0.9410557746887207,1.0,True
8,1,0.9304288029670715,accepted,243,0.9409229755401611,1.0,True
8,1,0.9304288029670715,accepted,244,0.9424999952316284,1.0,True
8,1,0.9304288029670715,accepted,245,0.9396855235099792,1.0,True
8,1,0.9304288029670715,accepted,246,0.9419249296188354,1.0,True
8,1,0.9304288029670715,accepted,247,0.9406035542488098,1.0,True
8,1,0.9304288029670715,accepted,248,0.9406968951225281,1.0,True
8,1,0.9304288029670715,accepted,249,0.9390369057655334,1.0,True
8,1,0.9304288029670715,accepted,250,0.9429818987846375,1.0,True
8,1,0.9304288029670715,accepted,251,0.9402269124984741,1.0,True
8,1,0.9304288029670715,accepted,252,0.9427733421325684,1.0,True
8,1,0.9304288029670715,accepted,253,0.9405497908592224,1.0,True
8,1,0.9304288029670715,accepted,254,0.9416806101799011,1.0,True
8,1,0.9304288029670715,accepted,255,0.9404457211494446,1.0,True
8,1,0.9304288029670715,accepted,256,0.9430394768714905,1.0,True
8,1,0.9304288029670715,accepted,257,0.9409840106964111,1.0,True
8,1,0.9304288029670715,accepted,258,0.9430178999900818,1.0,True
8,1,0.9304288029670715,accepted,259,0.9408512115478516,1.0,True
8,1,0.9304288029670715,accepted,260,0.940531849861145,1.0,True
8,1,0.9304288029670715,accepted,261,0.9421980381011963,1.0,True
8,1,0.9304288029670715,accepted,262,0.9410019516944885,1.0,True
8,1,0.9304288029670715,accepted,263,0.9405820369720459,1.0,True
8,1,0.9304288029670715,accepted,264,0.941874623298645,1.0,True
8,1,0.9304288029670715,accepted,265,0.9437952637672424,1.0,True
8,1,0.9304288029670715,accepted,266,0.9426294565200806,1.0,True
8,1,0.9304288029670715,accepted,267,0.9414722919464111,1.0,True
8,1,0.9304288029670715,accepted,268,0.940560519695282,1.0,True
8,1,0.9304288029670715,accepted,269,0.9396281242370605,1.0,True
8,1,0.9304288029670715,accepted,270,0.9394883513450623,1.0,True
8,1,0.9304288029670715,accepted,271,0.9413861036300659,1.0,True
8,1,0.9304288029670715,accepted,272,0.9404672384262085,1.0,True
8,1,0.9304288029670715,accepted,273,0.9415799975395203,1.0,True
8,1,0.9304288029670715,accepted,274,0.9411024451255798,1.0,True
8,1,0.9304288029670715,accepted,275,0.9411276578903198,1.0,True
8,1,0.9304288029670715,accepted,276,0.9417093396186829,1.0,True
8,1,0.9304288029670715,accepted,277,0.9412999749183655,1.0,True
8,1,0.9304288029670715,accepted,278,0.9402986168861389,1.0,True
8,1,0.9304288029670715,accepted,279,0.9406753778457642,1.0,True
8,1,0.9304288029670715,accepted,280,0.9437808394432068,1.0,True
8,1,0.9304288029670715,accepted,281,0.9405354261398315,1.0,True
8,1,0.9304288029670715,accepted,282,0.9408870339393616,1.0,True
8,1,0.9304288029670715,accepted,283,0.9419392943382263,1.0,True
8,1,0.9304288029670715,accepted,284,0.940998375415802,1.0,True
8,1,0.9304288029670715,accepted,285,0.9429603219032288,1.0,True
8,1,0.9304288029670715,accepted,286,0.941867470741272,1.0,True
8,1,0.9304288029670715,accepted,287,0.9413430094718933,1.0,True
8,1,0.9304288029670715,accepted,288,0.9433273077011108,1.0,True
8,1,0.9304288029670715,accepted,289,0.9419392943382263,1.0,True
8,1,0.9304288029670715,accepted,290,0.9418494701385498,1.0,True
8,1,0.9304288029670715,accepted,291,0.9431545734405518,1.0,True
8,1,0.9304288029670715,accepted,292,0.9425934553146362,1.0,True
8,1,0.9304288029670715,accepted,293,0.941727340221405,1.0,True
8,1,0.9304288029670715,accepted,294,0.9405928254127502,1.0,True
8,1,0.9304288029670715,accepted,295,0.9411096572875977,1.0,True
8,1,0.9304288029670715,accepted,296,0.9404743909835815,1.0,True
8,1,0.9304288029670715,accepted,297,0.9406968951225281,1.0,True
8,1,0.9304288029670715,accepted,298,0.9407758116722107,1.0,True
8,1,0.9304288029670715,accepted,299,0.94331294298172,1.0,True
8,1,0.9304288029670715,accepted,300,0.9414651393890381,1.0,True
8,1,0.9304288029670715,accepted,301,0.9405748844146729,1.0,True
8,1,0.9304288029670715,accepted,302,0.939284086227417,1.0,True
8,1,0.9304288029670715,accepted,303,0.9426366090774536,1.0,True
8,1,0.9304288029670715,accepted,304,0.9418208003044128,1.0,True
8,1,0.9304288029670715,accepted,305,0.9416914582252502,1.0,True
8,1,0.9304288029670715,accepted,306,0.9430646300315857,1.0,True
8,1,0.9304288029670715,accepted,307,0.9442129731178284,1.0,True
8,1,0.9304288029670715,accepted,308,0.9413142800331116,1.0,True
8,1,0.9304288029670715,accepted,309,0.9435288906097412,1.0,True
8,1,0.9304288029670715,accepted,310,0.9388506412506104,1.0,True
8,1,0.9304288029670715,accepted,311,0.9435648322105408,1.0,True
8,1,0.9304288029670715,accepted,312,0.941310703754425,1.0,True
8,1,0.9304288029670715,accepted,313,0.9433561563491821,1.0,True
8,1,0.9304288029670715,accepted,314,0.9426581859588623,1.0,True
8,1,0.9304288029670715,accepted,315,0.9448686838150024,1.0,True
8,1,0.9304288029670715,accepted,316,0.9427013397216797,1.0,True
8,1,0.9304288029670715,accepted,317,0.9426834583282471,1.0,True
8,1,0.9304288029670715,accepted,318,0.9435648322105408,1.0,True
8,1,0.9304288029670715,accepted,319,0.9443642497062683,1.0,True
8,1,0.9304288029670715,accepted,320,0.9432769417762756,1.0,True
8,1,0.9304288029670715,accepted,321,0.945048987865448,1.0,True
8,1,0.9304288029670715,accepted,322,0.9426403045654297,1.0,True
8,1,0.9304288029670715,accepted,323,0.9424461126327515,1.0,True
8,1,0.9304288029670715,accepted,324,0.9428524374961853,1.0,True
8,1,0.9304288029670715,accepted,325,0.9435324668884277,1.0,True
8,1,0.9304288029670715,accepted,326,0.9437016844749451,1.0,True
8,1,0.9304288029670715,accepted,327,0.9445515871047974,1.0,True
8,1,0.9304288029670715,accepted,328,0.942226767539978,1.0,True
8,1,0.9304288029670715,accepted,329,0.9412927627563477,1.0,True
8,1,0.9304288029670715,accepted,330,0.9435288906097412,1.0,True
8,1,0.9304288029670715,accepted,331,0.944014847278595,1.0,True
8,1,0.9304288029670715,accepted,332,0.9419105648994446,1.0,True
8,1,0.9304288029670715,accepted,333,0.9413358569145203,1.0,True
8,1,0.9304288029670715,accepted,334,0.9420326948165894,1.0,True
8,1,0.9304288029670715,accepted,335,0.942874014377594,1.0,True
8,1,0.9304288029670715,accepted,336,0.9426834583282471,1.0,True
8,1,0.9304288029670715,accepted,337,0.9419069886207581,1.0,True
8,1,0.9304288029670715,accepted,338,0.942039966583252,1.0,True
8,1,0.9304288029670715,accepted,339,0.9432157874107361,1.0,True
8,1,0.9304288029670715,accepted,340,0.9435144662857056,1.0,True
8,1,0.9304288029670715,accepted,341,0.943824052810669,1.0,True
8,1,0.9304288029670715,accepted,342,0.9425791501998901,1.0,True
8,1,0.9304288029670715,accepted,343,0.9437159895896912,1.0,True
8,1,0.9304288029670715,accepted,344,0.9424137473106384,1.0,True
8,1,0.9304288029670715,accepted,345,0.9418566823005676,1.0,True
8,1,0.9304288029670715,accepted,346,0.9425719380378723,1.0,True
8,1,0.9304288029670715,accepted,347,0.9429279565811157,1.0,True
8,1,0.9304288029670715,accepted,348,0.9438096880912781,1.0,True
8,1,0.9304288029670715,accepted,349,0.9421980381011963,1.0,True
8,1,0.9304288029670715,accepted,350,0.9421046376228333,1.0,True
8,1,0.9304288029670715,accepted,351,0.9428308606147766,1.0,True
8,1,0.9304288029670715,accepted,352,0.9439104199409485,1.0,True
8,1,0.9304288029670715,accepted,353,0.9433704614639282,1.0,True
8,1,0.9304288029670715,accepted,354,0.9428668022155762,1.0,True
8,1,0.9304288029670715,accepted,355,0.9444471001625061,1.0,True
8,1,0.9304288029670715,accepted,356,0.9445659518241882,1.0,True
8,1,0.9304288029670715,accepted,357,0.9442670345306396,1.0,True
8,1,0.9304288029670715,accepted,358,0.940524697303772,1.0,True
8,1,0.9304288029670715,accepted,359,0.9446092247962952,1.0,True
8,1,0.9304288029670715,accepted,360,0.9455537796020508,1.0,True
8,1,0.9304288029670715,accepted,361,0.9441661238670349,1.0,True
8,1,0.9304288029670715,accepted,362,0.9421800971031189,1.0,True
8,1,0.9304288029670715,accepted,363,0.9443210363388062,1.0,True
8,1,0.9304288029670715,accepted,364,0.9441553950309753,1.0,True
8,1,0.9304288029670715,accepted,365,0.9428596496582031,1.0,True
8,1,0.9304288029670715,accepted,366,0.9429567456245422,1.0,True
8,1,0.9304288029670715,accepted,367,0.9429171681404114,1.0,True
8,1,0.9304288029670715,accepted,368,0.9438600540161133,1.0,True
8,1,0.9304288029670715,accepted,369,0.9428020715713501,1.0,True
8,1,0.9304288029670715,accepted,370,0.9443318843841553,1.0,True
8,1,0.9304288029670715,accepted,371,0.9429135918617249,1.0,True
8,1,0.9304288029670715,accepted,372,0.9433488845825195,1.0,True
8,1,0.9304288029670715,accepted,373,0.9436764121055603,1.0,True
8,1,0.9304288029670715,accepted,374,0.9453878998756409,1.0,True
8,1,0.9304288029670715,accepted,375,0.9454167485237122,1.0,True
8,1,0.9304288029670715,accepted,376,0.9437808394432068,1.0,True
8,1,0.9304288029670715,accepted,377,0.9451823830604553,1.0,True
8,1,0.9304288029670715,accepted,378,0.9431365728378296,1.0,True
8,1,0.9304288029670715,accepted,379,0.9445371627807617,1.0,True
8,1,0.9304288029670715,accepted,380,0.9448398947715759,1.0,True
8,1,0.9304288029670715,accepted,381,0.9453590512275696,1.0,True
8,1,0.9304288029670715,accepted,382,0.9452148079872131,1.0,True
8,1,0.9304288029670715,accepted,383,0.9444939494132996,1.0,True
8,1,0.9304288029670715,accepted,384,0.9457017183303833,1.0,True
8,1,0.9304288029670715,accepted,385,0.9435073137283325,1.0,True
8,1,0.9304288029670715,accepted,386,0.9432876706123352,1.0,True
8,1,0.9304288029670715,accepted,387,0.9450417160987854,1.0,True
8,1,0.9304288029670715,accepted,388,0.9443822503089905,1.0,True
8,1,0.9304288029670715,accepted,389,0.9448182582855225,1.0,True
8,1,0.9304288029670715,accepted,390,0.9444074630737305,1.0,True
8,1,0.9304288029670715,accepted,391,0.944198489189148,1.0,True
8,1,0.9304288029670715,accepted,392,0.9431545734405518,1.0,True
8,1,0.9304288029670715,accepted,393,0.9463585019111633,1.0,True
8,1,0.9304288029670715,accepted,394,0.9443570375442505,1.0,True
8,1,0.9304288029670715,accepted,395,0.9446308612823486,1.0,True
8,1,0.9304288029670715,accepted,396,0.9441913366317749,1.0,True
8,1,0.9304288029670715,accepted,397,0.9435000419616699,1.0,True
8,1,0.9304288029670715,accepted,398,0.9450777769088745,1.0,True
8,1,0.9304288029670715,accepted,399,0.944969654083252,1.0,True
8,1,0.9304288029670715,accepted,400,0.9456620216369629,1.0,True
8,1,0.9304288029670715,accepted,401,0.9457197785377502,1.0,True
8,1,0.9304288029670715,accepted,402,0.9430898427963257,1.0,True
8,1,0.9304288029670715,accepted,403,0.9434928894042969,1.0,True
8,1,0.9304288029670715,accepted,404,0.9454167485237122,1.0,True
8,1,0.9304288029670715,accepted,405,0.9445371627807617,1.0,True
8,1,0.9304288029670715,accepted,406,0.943510890007019,1.0,True
8,1,0.9304288029670715,accepted,407,0.944976806640625,1.0,True
8,1,0.9304288029670715,accepted,408,0.944198489189148,1.0,True
8,1,0.9304288029670715,accepted,409,0.9449984431266785,1.0,True
8,1,0.9304288029670715,accepted,410,0.9442561864852905,1.0,True
8,1,0.9304288029670715,accepted,411,0.9436836838722229,1.0,True
8,1,0.9304288029670715,accepted,412,0.9443498253822327,1.0,True
8,1,0.9304288029670715,accepted,413,0.9446452856063843,1.0,True
8,1,0.9304288029670715,accepted,414,0.9447101354598999,1.0,True
8,1,0.9304288029670715,accepted,415,0.9441805481910706,1.0,True
8,1,0.9304288029670715,accepted,416,0.944875955581665,1.0,True
8,1,0.9304288029670715,accepted,417,0.9460083842277527,1.0,True
8,1,0.9304288029670715,accepted,418,0.9457377195358276,1.0,True
8,1,0.9304288029670715,accepted,419,0.9440581202507019,1.0,True
8,1,0.9304288029670715,accepted,420,0.9462610483169556,1.0,True
8,1,0.9304288029670715,accepted,421,0.9466617703437805,1.0,True
8,1,0.9304288029670715,accepted,422,0.9461744427680969,1.0,True
8,1,0.9304288029670715,accepted,423,0.9467593431472778,1.0,True
8,1,0.9304288029670715,accepted,424,0.9456331729888916,1.0,True
8,1,0.9304288029670715,accepted,425,0.9456692337989807,1.0,True
8,1,0.9304288029670715,accepted,426,0.9427624940872192,1.0,True
8,1,0.9304288029670715,accepted,427,0.9443498253822327,1.0,True
8,1,0.9304288029670715,accepted,428,0.9452256560325623,1.0,True
8,1,0.9304288029670715,accepted,429,0.9438456296920776,1.0,True
8,1,0.9304288029670715,accepted,430,0.9451462626457214,1.0,True
8,1,0.9304288029670715,accepted,431,0.9474782943725586,1.0,True
8,1,0.9304288029670715,accepted,432,0.9463585019111633,1.0,True
8,1,0.9304288029670715,accepted,433,0.9454600811004639,1.0,True
8,1,0.9304288029670715,accepted,434,0.9436368942260742,1.0,True
8,1,0.9304288029670715,accepted,435,0.9453662037849426,1.0,True
8,1,0.9304288029670715,accepted,436,0.9445912837982178,1.0,True
8,1,0.9304288029670715,accepted,437,0.9430070519447327,1.0,True
8,1,0.9304288029670715,accepted,438,0.9425575733184814,1.0,True
8,1,0.9304288029670715,accepted,439,0.9439609050750732,1.0,True
8,1,0.9304288029670715,accepted,440,0.9430323243141174,1.0,True
8,1,0.9304288029670715,accepted,441,0.9426223039627075,1.0,True
8,1,0.9304288029670715,accepted,442,0.9444939494132996,1.0,True
8,1,0.9304288029670715,accepted,443,0.9400798678398132,1.0,True
8,1,0.9304288029670715,accepted,444,0.9445587992668152,1.0,True
8,1,0.9304288029670715,accepted,445,0.9436584711074829,1.0,True
8,1,0.9304288029670715,accepted,446,0.9444146752357483,1.0,True
8,1,0.9304288029670715,accepted,447,0.9408619403839111,1.0,True
8,1,0.9304288029670715,accepted,448,0.9459975361824036,1.0,True
8,1,0.9304288029670715,accepted,449,0.9462249279022217,1.0,True
8,1,0.9304288029670715,accepted,450,0.9448543190956116,1.0,True
8,1,0.9304288029670715,accepted,451,0.9470049142837524,1.0,True
8,1,0.9304288029670715,accepted,452,0.9463837146759033,1.0,True
8,1,0.9304288029670715,accepted,453,0.9476481676101685,1.0,True
8,1,0.9304288029670715,accepted,454,0.9440832734107971,1.0,True
8,1,0.9304288029670715,accepted,455,0.9454311728477478,1.0,True
8,1,0.9304288029670715,accepted,456,0.9455177187919617,1.0,True
8,1,0.9304288029670715,accepted,457,0.9461599588394165,1.0,True
8,1,0.9304288029670715,accepted,458,0.9454311728477478,1.0,True
8,1,0.9304288029670715,accepted,459,0.9439464807510376,1.0,True
8,1,0.9304288029670715,accepted,460,0.9453590512275696,1.0,True
8,1,0.9304288029670715,accepted,461,0.9437412023544312,1.0,True
8,1,0.9304288029670715,accepted,462,0.9462971091270447,1.0,True
8,1,0.9304288029670715,accepted,463,0.945625901222229,1.0,True
8,1,0.9304288029670715,accepted,464,0.9456584453582764,1.0,True
8,1,0.9304288029670715,accepted,465,0.944894015789032,1.0,True
8,1,0.9304288029670715,accepted,466,0.9446380734443665,1.0,True
8,1,0.9304288029670715,accepted,467,0.9459578990936279,1.0,True
8,1,0.9304288029670715,accepted,468,0.944919228553772,1.0,True
8,1,0.9304288029670715,accepted,469,0.9452328085899353,1.0,True
8,1,0.9304288029670715,accepted,470,0.9443354606628418,1.0,True
8,1,0.9304288029670715,accepted,471,0.9458207488059998,1.0,True
8,1,0.9304288029670715,accepted,472,0.9450922608375549,1.0,True
8,1,0.9304288029670715,accepted,473,0.9473084211349487,1.0,True
8,1,0.9304288029670715,accepted,474,0.945600688457489,1.0,True
8,1,0.9304288029670715,accepted,475,0.9457919001579285,1.0,True
8,1,0.9304288029670715,accepted,476,0.9470301866531372,1.0,True
8,1,0.9304288029670715,accepted,477,0.9474312663078308,1.0,True
8,1,0.9304288029670715,accepted,478,0.9467412829399109,1.0,True
8,1,0.9304288029670715,accepted,479,0.944796621799469,1.0,True
8,1,0.9304288029670715,accepted,480,0.9448182582855225,1.0,True
8,1,0.9304288029670715,accepted,481,0.9469254016876221,1.0,True
8,1,0.9304288029670715,accepted,482,0.9476988315582275,1.0,True
8,1,0.9304288029670715,accepted,483,0.9449624419212341,1.0,True
8,1,0.9304288029670715,accepted,484,0.9465137124061584,1.0,True
8,1,0.9304288029670715,accepted,485,0.9455105066299438,1.0,True
8,1,0.9304288029670715,accepted,486,0.9477782845497131,1.0,True
8,1,0.9304288029670715,accepted,487,0.9457269310951233,1.0,True
8,1,0.9304288029670715,accepted,488,0.9465317726135254,1.0,True
8,1,0.9304288029670715,accepted,489,0.9432913661003113,1.0,True
8,1,0.9304288029670715,accepted,490,0.9457738399505615,1.0,True
8,1,0.9304288029670715,accepted,491,0.9449335932731628,1.0,True
8,1,0.9304288029670715,accepted,492,0.9464848637580872,1.0,True
8,1,0.9304288029670715,accepted,493,0.9456475377082825,1.0,True
8,1,0.9304288029670715,accepted,494,0.9479301571846008,1.0,True
8,1,0.9304288029670715,accepted,495,0.9472794532775879,1.0,True
8,1,0.9304288029670715,accepted,496,0.9468315243721008,1.0,True
8,1,0.9304288029670715,accepted,497,0.9446308612823486,1.0,True
8,1,0.9304288029670715,accepted,498,0.945643961429596,1.0,True
8,1,0.9304288029670715,accepted,499,0.9471060037612915,1.0,True
8,1,0.9304288029670715,accepted,500,0.9454672336578369,1.0,True
9,1,1.0,accepted,1,0.9662181735038757,1.0,True
9,1,1.0,accepted,2,0.9669463634490967,1.0,True
9,1,1.0,accepted,3,0.9680055379867554,1.0,True
9,1,1.0,accepted,4,0.9699322581291199,1.0,True
9,1,1.0,accepted,5,0.9714773297309875,1.0,True
9,1,1.0,accepted,6,0.9728003144264221,1.0,True
9,1,1.0,accepted,7,0.9733376502990723,1.0,True
9,1,1.0,accepted,8,0.9759653210639954,1.0,True
9,1,1.0,accepted,9,0.9772412180900574,1.0,True
9,1,1.0,accepted,10,0.978022575378418,1.0,True
9,1,1.0,accepted,11,0.9774500727653503,1.0,True
9,1,1.0,accepted,12,0.9767576456069946,1.0,True
9,1,1.0,accepted,13,0.9772776365280151,1.0,True
9,1,1.0,accepted,14,0.9657261967658997,1.0,True
9,1,1.0,accepted,15,0.9765416383743286,1.0,True
9,1,1.0,accepted,16,0.9740869998931885,1.0,True
9,1,1.0,accepted,17,0.9746575355529785,1.0,True
9,1,1.0,accepted,18,0.976699948310852,1.0,True
9,1,1.0,accepted,19,0.9758108258247375,1.0,True
9,1,1.0,accepted,20,0.9757764339447021,1.0,True
9,1,1.0,accepted,21,0.9797673225402832,1.0,True
9,1,1.0,accepted,22,0.9784666299819946,1.0,True
9,1,1.0,accepted,23,0.9752145409584045,1.0,True
9,1,1.0,accepted,24,0.9786486625671387,1.0,True
9,1,1.0,accepted,25,0.9747365713119507,1.0,True
9,1,1.0,accepted,26,0.9783928990364075,1.0,True
9,1,1.0,accepted,27,0.9793348908424377,1.0,True
9,1,1.0,accepted,28,0.9768620133399963,1.0,True
9,1,1.0,accepted,29,0.9802627563476562,1.0,True
9,1,1.0,accepted,30,0.9787699580192566,1.0,True
9,1,1.0,accepted,31,0.9824545979499817,1.0,True
9,1,1.0,accepted,32,0.9801084995269775,1.0,True
9,1,1.0,accepted,33,0.9825379848480225,1.0,True
9,1,1.0,accepted,34,0.9818083047866821,1.0,True
9,1,1.0,accepted,35,0.983331024646759,1.0,True
9,1,1.0,accepted,36,0.982835054397583,1.0,True
9,1,1.0,accepted,37,0.9845959544181824,1.0,True
9,1,1.0,accepted,38,0.98423171043396,1.0,True
9,1,1.0,accepted,39,0.984704852104187,1.0,True
9,1,1.0,accepted,40,0.9857365489006042,1.0,True
9,1,1.0,accepted,41,0.9856895804405212,1.0,True
9,1,1.0,accepted,42,0.9862509369850159,1.0,True
9,1,1.0,accepted,43,0.9864804148674011,1.0,True
9,1,1.0,accepted,44,0.986247181892395,1.0,True
9,1,1.0,accepted,45,0.987159013748169,1.0,True
9,1,1.0,accepted,46,0.9868465065956116,1.0,True
9,1,1.0,accepted,47,0.9873331785202026,1.0,True
9,1,1.0,accepted,48,0.9871072173118591,1.0,True
9,1,1.0,accepted,49,0.9874141216278076,1.0,True
9,1,1.0,accepted,50,0.9870977401733398,1.0,True
9,1,1.0,accepted,51,0.9867730140686035,1.0,True
9,1,1.0,accepted,52,0.9868173003196716,1.0,True
9,1,1.0,accepted,53,0.9868775606155396,1.0,True
9,1,1.0,accepted,54,0.9867439270019531,1.0,True
9,1,1.0,accepted,55,0.9869565963745117,1.0,True
9,1,1.0,accepted,56,0.9882450103759766,1.0,True
9,1,1.0,accepted,57,0.9884288907051086,1.0,True
9,1,1.0,accepted,58,0.9883713722229004,1.0,True
9,1,1.0,accepted,59,0.9878454804420471,1.0,True
9,1,1.0,accepted,60,0.988776683807373,1.0,True
9,1,1.0,accepted,61,0.989091694355011,1.0,True
9,1,1.0,accepted,62,0.9886032342910767,1.0,True
9,1,1.0,accepted,63,0.9884580373764038,1.0,True
9,1,1.0,accepted,64,0.9886871576309204,1.0,True
9,1,1.0,accepted,65,0.9884957671165466,1.0,True
9,1,1.0,accepted,66,0.9890483021736145,1.0,True
9,1,1.0,accepted,67,0.9886155128479004,1.0,True
9,1,1.0,accepted,68,0.9887559413909912,1.0,True
9,1,1.0,accepted,69,0.9889106154441833,1.0,True
9,1,1.0,accepted,70,0.9890360236167908,1.0,True
9,1,1.0,accepted,71,0.9894691109657288,1.0,True
9,1,1.0,accepted,72,0.9896786212921143,1.0,True
9,1,1.0,accepted,73,0.989675760269165,1.0,True
9,1,1.0,accepted,74,0.9894389510154724,1.0,True
9,1,1.0,accepted,75,0.9891936182975769,1.0,True
9,1,1.0,accepted,76,0.9898201823234558,1.0,True
9,1,1.0,accepted,77,0.9899325370788574,1.0,True
9,1,1.0,accepted,78,0.9891266226768494,1.0,True
9,1,1.0,accepted,79,0.9895898699760437,1.0,True
9,1,1.0,accepted,80,0.9896172881126404,1.0,True
9,1,1.0,accepted,81,0.9894163012504578,1.0,True
9,1,1.0,accepted,82,0.9893530607223511,1.0,True
9,1,1.0,accepted,83,0.9898693561553955,1.0,True
9,1,1.0,accepted,84,0.9897767305374146,1.0,True
9,1,1.0,accepted,85,0.9896446466445923,1.0,True
9,1,1.0,accepted,86,0.990190327167511,1.0,True
9,1,1.0,accepted,87,0.9897239208221436,1.0,True
9,1,1.0,accepted,88,0.9901534914970398,1.0,True
9,1,1.0,accepted,89,0.9896720051765442,1.0,True
9,1,1.0,accepted,90,0.9898107647895813,1.0,True
9,1,1.0,accepted,91,0.9899806380271912,1.0,True
9,1,1.0,accepted,92,0.9904207587242126,1.0,True
9,1,1.0,accepted,93,0.9899410605430603,1.0,True
9,1,1.0,accepted,94,0.9895597100257874,1.0,True
9,1,1.0,accepted,95,0.9899504780769348,1.0,True
9,1,1.0,accepted,96,0.9899787902832031,1.0,True
9,1,1.0,accepted,97,0.9895021319389343,1.0,True
9,1,1.0,accepted,98,0.9896087646484375,1.0,True
9,1,1.0,accepted,99,0.9896135330200195,1.0,True
9,1,1.0,accepted,100,0.9899579882621765,1.0,True
9,1,1.0,accepted,101,0.9901666641235352,1.0,True
9,1,1.0,accepted,102,0.989707887172699,1.0,True
9,1,1.0,accepted,103,0.9897173047065735,1.0,True
9,1,1.0,accepted,104,0.9900128245353699,1.0,True
9,1,1.0,accepted,105,0.9900693893432617,1.0,True
9,1,1.0,accepted,106,0.9897626042366028,1.0,True
9,1,1.0,accepted,107,0.9899920225143433,1.0,True
9,1,1.0,accepted,108,0.9904084801673889,1.0,True
9,1,1.0,accepted,109,0.9904594421386719,1.0,True
9,1,1.0,accepted,110,0.9901837110519409,1.0,True
9,1,1.0,accepted,111,0.9904159903526306,1.0,True
9,1,1.0,accepted,112,0.9901468753814697,1.0,True
9,1,1.0,accepted,113,0.9904972910881042,1.0,True
9,1,1.0,accepted,114,0.9906304478645325,1.0,True
9,1,1.0,accepted,115,0.9902205467224121,1.0,True
9,1,1.0,accepted,116,0.9901373982429504,1.0,True
9,1,1.0,accepted,117,0.990288496017456,1.0,True
9,1,1.0,accepted,118,0.9901884198188782,1.0,True
9,1,1.0,accepted,119,0.9905794262886047,1.0,True
9,1,1.0,accepted,120,0.9907457232475281,1.0,True
9,1,1.0,accepted,121,0.9899070262908936,1.0,True
9,1,1.0,accepted,122,0.9904462099075317,1.0,True
9,1,1.0,accepted,123,0.9904575943946838,1.0,True
9,1,1.0,accepted,124,0.9907731413841248,1.0,True
9,1,1.0,accepted,125,0.9904434084892273,1.0,True
9,1,1.0,accepted,126,0.9907788038253784,1.0,True
9,1,1.0,accepted,127,0.9911710023880005,1.0,True
9,1,1.0,accepted,128,0.9907381534576416,1.0,True
9,1,1.0,accepted,129,0.9904906749725342,1.0,True
9,1,1.0,accepted,130,0.9900543689727783,1.0,True
9,1,1.0,accepted,131,0.9900429844856262,1.0,True
9,1,1.0,accepted,132,0.9905199408531189,1.0,True
9,1,1.0,accepted,133,0.9907551407814026,1.0,True
9,1,1.0,accepted,134,0.9904811382293701,1.0,True
9,1,1.0,accepted,135,0.9907939434051514,1.0,True
9,1,1.0,accepted,136,0.9906644821166992,1.0,True
9,1,1.0,accepted,137,0.9909422993659973,1.0,True
9,1,1.0,accepted,138,0.9905765652656555,1.0,True
9,1,1.0,accepted,139,0.9901780486106873,1.0,True
9,1,1.0,accepted,140,0.990398108959198,1.0,True
9,1,1.0,accepted,141,0.9906720519065857,1.0,True
9,1,1.0,accepted,142,0.9907390475273132,1.0,True
9,1,1.0,accepted,143,0.9894558787345886,1.0,True
9,1,1.0,accepted,144,0.9905530214309692,1.0,True
9,1,1.0,accepted,145,0.990981936454773,1.0,True
9,1,1.0,accepted,146,0.9901157021522522,1.0,True
9,1,1.0,accepted,147,0.9897739887237549,1.0,True
9,1,1.0,accepted,148,0.991008460521698,1.0,True
9,1,1.0,accepted,149,0.9908335208892822,1.0,True
9,1,1.0,accepted,150,0.9905586838722229,1.0,True
9,1,1.0,accepted,151,0.990605890750885,1.0,True
9,1,1.0,accepted,152,0.9908033609390259,1.0,True
9,1,1.0,accepted,153,0.990915834903717,1.0,True
9,1,1.0,accepted,154,0.9906323552131653,1.0,True
9,1,1.0,accepted,155,0.9908524751663208,1.0,True
9,1,1.0,accepted,156,0.9909223914146423,1.0,True
9,1,1.0,accepted,157,0.9906691908836365,1.0,True
9,1,1.0,accepted,158,0.9909696578979492,1.0,True
9,1,1.0,accepted,159,0.9911898970603943,1.0,True
9,1,1.0,accepted,160,0.9913741946220398,1.0,True
9,1,1.0,accepted,161,0.9905850887298584,1.0,True
9,1,1.0,accepted,162,0.9910112023353577,1.0,True
9,1,1.0,accepted,163,0.9908609986305237,1.0,True
9,1,1.0,accepted,164,0.9913146495819092,1.0,True
9,1,1.0,accepted,165,0.9911114573478699,1.0,True
9,1,1.0,accepted,166,0.9902441501617432,1.0,True
9,1,1.0,accepted,167,0.9905595779418945,1.0,True
9,1,1.0,accepted,168,0.9913307428359985,1.0,True
9,1,1.0,accepted,169,0.9907078742980957,1.0,True
9,1,1.0,accepted,170,0.9909564256668091,1.0,True
9,1,1.0,accepted,171,0.990816593170166,1.0,True
9,1,1.0,accepted,172,0.9909526705741882,1.0,True
9,1,1.0,accepted,173,0.9909233450889587,1.0,True
9,1,1.0,accepted,174,0.9910509586334229,1.0,True
9,1,1.0,accepted,175,0.9913212656974792,1.0,True
9,1,1.0,accepted,176,0.9905992746353149,1.0,True
9,1,1.0,accepted,177,0.990760862827301,1.0,True
9,1,1.0,accepted,178,0.9915132522583008,1.0,True
9,1,1.0,accepted,179,0.9909706115722656,1.0,True
9,1,1.0,accepted,180,0.9909980297088623,1.0,True
9,1,1.0,accepted,181,0.9911823272705078,1.0,True
9,1,1.0,accepted,182,0.9915794134140015,1.0,True
9,1,1.0,accepted,183,0.9916711449623108,1.0,True
9,1,1.0,accepted,184,0.9911596179008484,1.0,True
9,1,1.0,accepted,185,0.9913269281387329,1.0,True
9,1,1.0,accepted,186,0.9908297657966614,1.0,True
9,1,1.0,accepted,187,0.9915122389793396,1.0,True
9,1,1.0,accepted,188,0.9912494421005249,1.0,True
9,1,1.0,accepted,189,0.9916285872459412,1.0,True
9,1,1.0,accepted,190,0.9913969039916992,1.0,True
9,1,1.0,accepted,191,0.9913392066955566,1.0,True
9,1,1.0,accepted,192,0.9912040829658508,1.0,True
9,1,1.0,accepted,193,0.9910869002342224,1.0,True
9,1,1.0,accepted,194,0.9909866452217102,1.0,True
9,1,1.0,accepted,195,0.9916314482688904,1.0,True
9,1,1.0,accepted,196,0.9918338060379028,1.0,True
9,1,1.0,accepted,197,0.9914602041244507,1.0,True
9,1,1.0,accepted,198,0.9913458824157715,1.0,True
9,1,1.0,accepted,199,0.9916200637817383,1.0,True
9,1,1.0,accepted,200,0.991550087928772,1.0,True
9,1,1.0,accepted,201,0.9914120435714722,1.0,True
9,1,1.0,accepted,202,0.9904584884643555,1.0,True
9,1,1.0,accepted,203,0.990814745426178,1.0,True
9,1,1.0,accepted,204,0.9913638234138489,1.0,True
9,1,1.0,accepted,205,0.9917770624160767,1.0,True
9,1,1.0,accepted,206,0.9912995100021362,1.0,True
9,1,1.0,accepted,207,0.9914337396621704,1.0,True
9,1,1.0,accepted,208,0.9914149045944214,1.0,True
9,1,1.0,accepted,209,0.9914876818656921,1.0,True
9,1,1.0,accepted,210,0.9913741946220398,1.0,True
9,1,1.0,accepted,211,0.9917742013931274,1.0,True
9,1,1.0,accepted,212,0.9915415644645691,1.0,True
9,1,1.0,accepted,213,0.991500973701477,1.0,True
9,1,1.0,accepted,214,0.9914470314979553,1.0,True
9,1,1.0,accepted,215,0.9914366602897644,1.0,True
9,1,1.0,accepted,216,0.991360068321228,1.0,True
9,1,1.0,accepted,217,0.9915557503700256,1.0,True
9,1,1.0,accepted,218,0.9919227361679077,1.0,True
9,1,1.0,accepted,219,0.9916910529136658,1.0,True
9,1,1.0,accepted,220,0.9918205738067627,1.0,True
9,1,1.0,accepted,221,0.991245687007904,1.0,True
9,1,1.0,accepted,222,0.9912257790565491,1.0,True
9,1,1.0,accepted,223,0.990740954875946,1.0,True
9,1,1.0,accepted,224,0.9902932643890381,1.0,True
9,1,1.0,accepted,225,0.9893823266029358,1.0,True
9,1,1.0,accepted,226,0.9887635111808777,1.0,True
9,1,1.0,accepted,227,0.9884702563285828,1.0,True
9,1,1.0,accepted,228,0.9864371418952942,1.0,True
9,1,1.0,accepted,229,0.9873830080032349,1.0,True
9,1,1.0,accepted,230,0.9885476231575012,1.0,True
9,1,1.0,accepted,231,0.9885391592979431,1.0,True
9,1,1.0,accepted,232,0.9889115691184998,1.0,True
9,1,1.0,accepted,233,0.9882827401161194,1.0,True
9,1,1.0,accepted,234,0.988810658454895,1.0,True
9,1,1.0,accepted,235,0.9888917207717896,1.0,True
9,1,1.0,accepted,236,0.9896050095558167,1.0,True
9,1,1.0,accepted,237,0.9905180931091309,1.0,True
9,1,1.0,accepted,238,0.9901365041732788,1.0,True
9,1,1.0,accepted,239,0.990066647529602,1.0,True
9,1,1.0,accepted,240,0.9902687072753906,1.0,True
9,1,1.0,accepted,241,0.9900109171867371,1.0,True
9,1,1.0,accepted,242,0.9908619523048401,1.0,True
9,1,1.0,accepted,243,0.9911283850669861,1.0,True
9,1,1.0,accepted,244,0.9908515810966492,1.0,True
9,1,1.0,accepted,245,0.990621030330658,1.0,True
9,1,1.0,accepted,246,0.9901865124702454,1.0,True
9,1,1.0,accepted,247,0.9916484355926514,1.0,True
9,1,1.0,accepted,248,0.9912334084510803,1.0,True
9,1,1.0,accepted,249,0.9909677505493164,1.0,True
9,1,1.0,accepted,250,0.9905256032943726,1.0,True
9,1,1.0,accepted,251,0.9914791584014893,1.0,True
9,1,1.0,accepted,252,0.9915387034416199,1.0,True
9,1,1.0,accepted,253,0.9908779859542847,1.0,True
9,1,1.0,accepted,254,0.9916115403175354,1.0,True
9,1,1.0,accepted,255,0.9916806221008301,1.0,True
9,1,1.0,accepted,256,0.9914063811302185,1.0,True
9,1,1.0,accepted,257,0.9911482930183411,1.0,True
9,1,1.0,accepted,258,0.9917505979537964,1.0,True
9,1,1.0,accepted,259,0.9910991787910461,1.0,True
9,1,1.0,accepted,260,0.9911823272705078,1.0,True
9,1,1.0,accepted,261,0.9919776320457458,1.0,True
9,1,1.0,accepted,262,0.9914640784263611,1.0,True
9,1,1.0,accepted,263,0.9906144142150879,1.0,True
9,1,1.0,accepted,264,0.9913023710250854,1.0,True
9,1,1.0,accepted,265,0.9917487502098083,1.0,True
9,1,1.0,accepted,266,0.9914177060127258,1.0,True
9,1,1.0,accepted,267,0.9919918179512024,1.0,True
9,1,1.0,accepted,268,0.9915378093719482,1.0,True
9,1,1.0,accepted,269,0.9913325905799866,1.0,True
9,1,1.0,accepted,270,0.9918527007102966,1.0,True
9,1,1.0,accepted,271,0.9917855858802795,1.0,True
9,1,1.0,accepted,272,0.9918441772460938,1.0,True
9,1,1.0,accepted,273,0.9917543530464172,1.0,True
9,1,1.0,accepted,274,0.9919416308403015,1.0,True
9,1,1.0,accepted,275,0.992097795009613,1.0,True
9,1,1.0,accepted,276,0.9915794134140015,1.0,True
9,1,1.0,accepted,277,0.9911587238311768,1.0,True
9,1,1.0,accepted,278,0.9919076561927795,1.0,True
9,1,1.0,accepted,279,0.9922728538513184,1.0,True
9,1,1.0,accepted,280,0.9920901656150818,1.0,True
9,1,1.0,accepted,281,0.9918849468231201,1.0,True
9,1,1.0,accepted,282,0.9920381307601929,1.0,True
9,1,1.0,accepted,283,0.9923229217529297,1.0,True
9,1,1.0,accepted,284,0.9921554923057556,1.0,True
9,1,1.0,accepted,285,0.9917638301849365,1.0,True
9,1,1.0,accepted,286,0.9920504093170166,1.0,True
9,1,1.0,accepted,287,0.9918527007102966,1.0,True
9,1,1.0,accepted,288,0.9916484355926514,1.0,True
9,1,1.0,accepted,289,0.9922983646392822,1.0,True
9,1,1.0,accepted,290,0.9924166798591614,1.0,True
9,1,1.0,accepted,291,0.9923040866851807,1.0,True
9,1,1.0,accepted,292,0.9925823211669922,1.0,True
9,1,1.0,accepted,293,0.9921611547470093,1.0,True
9,1,1.0,accepted,294,0.9920466542243958,1.0,True
9,1,1.0,accepted,295,0.9918981194496155,1.0,True
9,1,1.0,accepted,296,0.9924601912498474,1.0,True
9,1,1.0,accepted,297,0.9922794103622437,1.0,True
9,1,1.0,accepted,298,0.9921488761901855,1.0,True
9,1,1.0,accepted,299,0.9917704463005066,1.0,True
9,1,1.0,accepted,300,0.9919946193695068,1.0,True
9,1,1.0,accepted,301,0.9921573996543884,1.0,True
9,1,1.0,accepted,302,0.9923229217529297,1.0,True
9,1,1.0,accepted,303,0.9921980500221252,1.0,True
9,1,1.0,accepted,304,0.9920589327812195,1.0,True
9,1,1.0,accepted,305,0.9925596117973328,1.0,True
9,1,1.0,accepted,306,0.9923466444015503,1.0,True
9,1,1.0,accepted,307,0.9919662475585938,1.0,True
9,1,1.0,accepted,308,0.9924819469451904,1.0,True
9,1,1.0,accepted,309,0.9925557971000671,1.0,True
9,1,1.0,accepted,310,0.9924848079681396,1.0,True
9,1,1.0,accepted,311,0.9924867153167725,1.0,True
9,1,1.0,accepted,312,0.992584228515625,1.0,True
9,1,1.0,accepted,313,0.9924014806747437,1.0,True
9,1,1.0,accepted,314,0.9922510385513306,1.0,True
9,1,1.0,accepted,315,0.9924260973930359,1.0,True
9,1,1.0,accepted,316,0.9922605156898499,1.0,True
9,1,1.0,accepted,317,0.9925955533981323,1.0,True
9,1,1.0,accepted,318,0.992542564868927,1.0,True
9,1,1.0,accepted,319,0.9926959276199341,1.0,True
9,1,1.0,accepted,320,0.9920750856399536,1.0,True
9,1,1.0,accepted,321,0.992007851600647,1.0,True
9,1,1.0,accepted,322,0.9919416308403015,1.0,True
9,1,1.0,accepted,323,0.9927555322647095,1.0,True
9,1,1.0,accepted,324,0.992763102054596,1.0,True
9,1,1.0,accepted,325,0.9928010106086731,1.0,True
9,1,1.0,accepted,326,0.9921554923057556,1.0,True
9,1,1.0,accepted,327,0.9920504093170166,1.0,True
9,1,1.0,accepted,328,0.9920315742492676,1.0,True
9,1,1.0,accepted,329,0.9922870397567749,1.0,True
9,1,1.0,accepted,330,0.9926117062568665,1.0,True
9,1,1.0,accepted,331,0.9928028583526611,1.0,True
9,1,1.0,accepted,332,0.9924895763397217,1.0,True
9,1,1.0,accepted,333,0.9925236105918884,1.0,True
9,1,1.0,accepted,334,0.9921365976333618,1.0,True
9,1,1.0,accepted,335,0.9923645853996277,1.0,True
9,1,1.0,accepted,336,0.9923390746116638,1.0,True
9,1,1.0,accepted,337,0.9910253882408142,1.0,True
9,1,1.0,accepted,338,0.9921393394470215,1.0,True
9,1,1.0,accepted,339,0.9927451610565186,1.0,True
9,1,1.0,accepted,340,0.9925718903541565,1.0,True
9,1,1.0,accepted,341,0.9922670722007751,1.0,True
9,1,1.0,accepted,342,0.99239581823349,1.0,True
9,1,1.0,accepted,343,0.9922652244567871,1.0,True
9,1,1.0,accepted,344,0.9925577044487,1.0,True
9,1,1.0,accepted,345,0.9929477572441101,1.0,True
9,1,1.0,accepted,346,0.9922964572906494,1.0,True
9,1,1.0,accepted,347,0.9918943643569946,1.0,True
9,1,1.0,accepted,348,0.9922443628311157,1.0,True
9,1,1.0,accepted,349,0.9927413463592529,1.0,True
9,1,1.0,accepted,350,0.9925339818000793,1.0,True
9,1,1.0,accepted,351,0.9922822713851929,1.0,True
9,1,1.0,accepted,352,0.992310643196106,1.0,True
9,1,1.0,accepted,353,0.9928141832351685,1.0,True
9,1,1.0,accepted,354,0.9926031827926636,1.0,True
9,1,1.0,accepted,355,0.9919454455375671,1.0,True
9,1,1.0,accepted,356,0.9922378063201904,1.0,True
9,1,1.0,accepted,357,0.9919615387916565,1.0,True
9,1,1.0,accepted,358,0.9920693635940552,1.0,True
9,1,1.0,accepted,359,0.9921270608901978,1.0,True
9,1,1.0,accepted,360,0.9926002621650696,1.0,True
9,1,1.0,accepted,361,0.9920353293418884,1.0,True
9,1,1.0,accepted,362,0.9927603006362915,1.0,True
9,1,1.0,accepted,363,0.9924639463424683,1.0,True
9,1,1.0,accepted,364,0.9918707609176636,1.0,True
9,1,1.0,accepted,365,0.9916125535964966,1.0,True
9,1,1.0,accepted,366,0.9920088648796082,1.0,True
9,1,1.0,accepted,367,0.9916380047798157,1.0,True
9,1,1.0,accepted,368,0.9911038279533386,1.0,True
9,1,1.0,accepted,369,0.9916702508926392,1.0,True
9,1,1.0,accepted,370,0.9923787713050842,1.0,True
9,1,1.0,accepted,371,0.9922018051147461,1.0,True
9,1,1.0,accepted,372,0.992474377155304,1.0,True
9,1,1.0,accepted,373,0.9916834235191345,1.0,True
9,1,1.0,accepted,374,0.9924885630607605,1.0,True
9,1,1.0,accepted,375,0.992544412612915,1.0,True
9,1,1.0,accepted,376,0.9923986792564392,1.0,True
9,1,1.0,accepted,377,0.9918139576911926,1.0,True
9,1,1.0,accepted,378,0.9921081066131592,1.0,True
9,1,1.0,accepted,379,0.9922832250595093,1.0,True
9,1,1.0,accepted,380,0.992432713508606,1.0,True
9,1,1.0,accepted,381,0.9922860264778137,1.0,True
9,1,1.0,accepted,382,0.9925339818000793,1.0,True
9,1,1.0,accepted,383,0.9925766587257385,1.0,True
9,1,1.0,accepted,384,0.992976188659668,1.0,True
9,1,1.0,accepted,385,0.99239581823349,1.0,True
9,1,1.0,accepted,386,0.9922605156898499,1.0,True
9,1,1.0,accepted,387,0.9925264716148376,1.0,True
9,1,1.0,accepted,388,0.9927072525024414,1.0,True
9,1,1.0,accepted,389,0.9924904704093933,1.0,True
9,1,1.0,accepted,390,0.9921573996543884,1.0,True
9,1,1.0,accepted,391,0.992310643196106,1.0,True
9,1,1.0,accepted,392,0.9922274351119995,1.0,True
9,1,1.0,accepted,393,0.9922605156898499,1.0,True
9,1,1.0,accepted,394,0.9927707314491272,1.0,True
9,1,1.0,accepted,395,0.9926173686981201,1.0,True
9,1,1.0,accepted,396,0.9928445816040039,1.0,True
9,1,1.0,accepted,397,0.9927082061767578,1.0,True
9,1,1.0,accepted,398,0.992627739906311,1.0,True
9,1,1.0,accepted,399,0.9922652244567871,1.0,True
9,1,1.0,accepted,400,0.9925198554992676,1.0,True
9,1,1.0,accepted,401,0.9927138686180115,1.0,True
9,1,1.0,accepted,402,0.9923182725906372,1.0,True
9,1,1.0,accepted,403,0.9927223920822144,1.0,True
9,1,1.0,accepted,404,0.9928057789802551,1.0,True
9,1,1.0,accepted,405,0.9922747015953064,1.0,True
9,1,1.0,accepted,406,0.9927830100059509,1.0,True
9,1,1.0,accepted,407,0.9926646947860718,1.0,True
9,1,1.0,accepted,408,0.9925548434257507,1.0,True
9,1,1.0,accepted,409,0.9925189018249512,1.0,True
9,1,1.0,accepted,410,0.9924431443214417,1.0,True
9,1,1.0,accepted,411,0.9926514029502869,1.0,True
9,1,1.0,accepted,412,0.993059515953064,1.0,True
9,1,1.0,accepted,413,0.9932271838188171,1.0,True
9,1,1.0,accepted,414,0.9929969906806946,1.0,True
9,1,1.0,accepted,415,0.9933872222900391,1.0,True
9,1,1.0,accepted,416,0.9929212927818298,1.0,True
9,1,1.0,accepted,417,0.9929856061935425,1.0,True
9,1,1.0,accepted,418,0.9928994178771973,1.0,True
9,1,1.0,accepted,419,0.9931561350822449,1.0,True
9,1,1.0,accepted,420,0.9930585622787476,1.0,True
9,1,1.0,accepted,421,0.9929440021514893,1.0,True
9,1,1.0,accepted,422,0.9926817417144775,1.0,True
9,1,1.0,accepted,423,0.9926826357841492,1.0,True
9,1,1.0,accepted,424,0.9931219816207886,1.0,True
9,1,1.0,accepted,425,0.9932716488838196,1.0,True
9,1,1.0,accepted,426,0.9927886724472046,1.0,True
9,1,1.0,accepted,427,0.9927356839179993,1.0,True
9,1,1.0,accepted,428,0.9925785660743713,1.0,True
9,1,1.0,accepted,429,0.9925700426101685,1.0,True
9,1,1.0,accepted,430,0.993086040019989,1.0,True
9,1,1.0,accepted,431,0.9930708408355713,1.0,True
9,1,1.0,accepted,432,0.9924885630607605,1.0,True
9,1,1.0,accepted,433,0.9927167296409607,1.0,True
9,1,1.0,accepted,434,0.9930235147476196,1.0,True
9,1,1.0,accepted,435,0.9927981495857239,1.0,True
9,1,1.0,accepted,436,0.9926050305366516,1.0,True
9,1,1.0,accepted,437,0.9930074214935303,1.0,True
9,1,1.0,accepted,438,0.9933275580406189,1.0,True
9,1,1.0,accepted,439,0.9936089515686035,1.0,True
9,1,1.0,accepted,440,0.9932432770729065,1.0,True
9,1,1.0,accepted,441,0.9926192164421082,1.0,True
9,1,1.0,accepted,442,0.9927157759666443,1.0,True
9,1,1.0,accepted,443,0.9926921725273132,1.0,True
9,1,1.0,accepted,444,0.9930737018585205,1.0,True
9,1,1.0,accepted,445,0.9927441477775574,1.0,True
9,1,1.0,accepted,446,0.9923305511474609,1.0,True
9,1,1.0,accepted,447,0.9928473234176636,1.0,True
9,1,1.0,accepted,448,0.9930339455604553,1.0,True
9,1,1.0,accepted,449,0.992804765701294,1.0,True
9,1,1.0,accepted,450,0.9928171038627625,1.0,True
9,1,1.0,accepted,451,0.9926684498786926,1.0,True
9,1,1.0,accepted,452,0.9930140376091003,1.0,True
9,1,1.0,accepted,453,0.9933739900588989,1.0,True
9,1,1.0,accepted,454,0.9932868480682373,1.0,True
9,1,1.0,accepted,455,0.9928407669067383,1.0,True
9,1,1.0,accepted,456,0.9925709366798401,1.0,True
9,1,1.0,accepted,457,0.9925700426101685,1.0,True
9,1,1.0,accepted,458,0.9927877187728882,1.0,True
9,1,1.0,accepted,459,0.9925643801689148,1.0,True
9,1,1.0,accepted,460,0.9924365282058716,1.0,True
9,1,1.0,accepted,461,0.9922794103622437,1.0,True
9,1,1.0,accepted,462,0.9929865598678589,1.0,True
9,1,1.0,accepted,463,0.9930793642997742,1.0,True
9,1,1.0,accepted,464,0.9928843379020691,1.0,True
9,1,1.0,accepted,465,0.9929865598678589,1.0,True
9,1,1.0,accepted,466,0.9927252531051636,1.0,True
9,1,1.0,accepted,467,0.9932072162628174,1.0,True
9,1,1.0,accepted,468,0.9927622079849243,1.0,True
9,1,1.0,accepted,469,0.992586076259613,1.0,True
9,1,1.0,accepted,470,0.9927849173545837,1.0,True
9,1,1.0,accepted,471,0.9927707314491272,1.0,True
9,1,1.0,accepted,472,0.9932537078857422,1.0,True
9,1,1.0,accepted,473,0.9930632710456848,1.0,True
9,1,1.0,accepted,474,0.9926968216896057,1.0,True
9,1,1.0,accepted,475,0.9926135540008545,1.0,True
9,1,1.0,accepted,476,0.992516040802002,1.0,True
9,1,1.0,accepted,477,0.9929221868515015,1.0,True
9,1,1.0,accepted,478,0.9928464293479919,1.0,True
9,1,1.0,accepted,479,0.9928293824195862,1.0,True
9,1,1.0,accepted,480,0.9926892518997192,1.0,True
9,1,1.0,accepted,481,0.9929808974266052,1.0,True
9,1,1.0,accepted,482,0.992728054523468,1.0,True
9,1,1.0,accepted,483,0.9927271604537964,1.0,True
9,1,1.0,accepted,484,0.9928076267242432,1.0,True
9,1,1.0,accepted,485,0.9932470321655273,1.0,True
9,1,1.0,accepted,486,0.9930699467658997,1.0,True
9,1,1.0,accepted,487,0.9926239848136902,1.0,True
9,1,1.0,accepted,488,0.9928246140480042,1.0,True
9,1,1.0,accepted,489,0.9929269552230835,1.0,True
9,1,1.0,accepted,490,0.9930983185768127,1.0,True
9,1,1.0,accepted,491,0.9927924871444702,1.0,True
9,1,1.0,accepted,492,0.9931882619857788,1.0,True
9,1,1.0,accepted,493,0.9927574396133423,1.0,True
9,1,1.0,accepted,494,0.9930745959281921,1.0,True
9,1,1.0,accepted,495,0.993279218673706,1.0,True
9,1,1.0,accepted,496,0.9934999942779541,1.0,True
9,1,1.0,accepted,497,0.9937624931335449,1.0,True
9,1,1.0,accepted,498,0.9931305050849915,1.0,True
9,1,1.0,accepted,499,0.993046224117279,1.0,True
9,1,1.0,accepted,500,0.9930272698402405,1.0,True
