level,attempt,t,attempt_status,step,batch_ess,kept_fraction,update_applied
1,1,0.20000000298023224,accepted,1,0.0006809037877246737,1.0,True
1,1,0.20000000298023224,accepted,2,0.0006809246260672808,1.0,True
1,1,0.20000000298023224,accepted,3,0.00103716179728508,1.0,True
1,1,0.20000000298023224,accepted,4,0.001324108219705522,1.0,True
1,1,0.20000000298023224,accepted,5,0.00046854239189997315,1.0,True
1,1,0.20000000298023224,accepted,6,0.0004610478354152292,1.0,True
1,1,0.20000000298023224,accepted,7,0.0006703934050165117,1.0,True
1,1,0.20000000298023224,accepted,8,0.0007841102778911591,1.0,True
1,1,0.20000000298023224,accepted,9,0.0010185146238654852,1.0,True
1,1,0.20000000298023224,accepted,10,0.0012002041330561042,1.0,True
1,1,0.20000000298023224,accepted,11,0.0011423412943258882,1.0,True
1,1,0.20000000298023224,accepted,12,0.0013988679274916649,1.0,True
1,1,0.20000000298023224,accepted,13,0.0008898634114302695,1.0,True
1,1,0.20000000298023224,accepted,14,0.0012971906689926982,1.0,True
1,1,0.20000000298023224,accepted,15,0.0026031113229691982,1.0,True
1,1,0.20000000298023224,accepted,16,0.0028392865788191557,1.0,True
1,1,0.20000000298023224,accepted,17,0.00332455663010478,1.0,True
1,1,0.20000000298023224,accepted,18,0.0023451754823327065,1.0,True
1,1,0.20000000298023224,accepted,19,0.0033492003567516804,1.0,True
1,1,0.20000000298023224,accepted,20,0.003310698550194502,1.0,True
1,1,0.20000000298023224,accepted,21,0.006345393601804972,1.0,True
1,1,0.20000000298023224,accepted,22,0.005146287381649017,1.0,True
1,1,0.20000000298023224,accepted,23,0.007980050519108772,1.0,True
1,1,0.20000000298023224,accepted,24,0.010986695066094398,1.0,True
1,1,0.20000000298023224,accepted,25,0.011318210512399673,1.0,True
1,1,0.20000000298023224,accepted,26,0.010865408927202225,1.0,True
1,1,0.20000000298023224,accepted,27,0.019399264827370644,1.0,True
1,1,0.20000000298023224,accepted,28,0.02370925061404705,1.0,True
1,1,0.20000000298023224,accepted,29,0.025883439928293228,1.0,True
1,1,0.20000000298023224,accepted,30,0.03480633348226547,1.0,True
1,1,0.20000000298023224,accepted,31,0.032263126224279404,1.0,True
1,1,0.20000000298023224,accepted,32,0.04622484743595123,1.0,True
1,1,0.20000000298023224,accepted,33,0.04656802490353584,1.0,True
1,1,0.20000000298023224,accepted,34,0.04925698786973953,1.0,True
1,1,0.20000000298023224,accepted,35,0.035010337829589844,1.0,True
1,1,0.20000000298023224,accepted,36,0.04161881282925606,1.0,True
1,1,0.20000000298023224,accepted,37,0.0656699389219284,1.0,True
1,1,0.20000000298023224,accepted,38,0.07079625129699707,1.0,True
1,1,0.20000000298023224,accepted,39,0.07640139013528824,1.0,True
1,1,0.20000000298023224,accepted,40,0.07654987275600433,1.0,True
1,1,0.20000000298023224,accepted,41,0.06806720793247223,1.0,True
1,1,0.20000000298023224,accepted,42,0.06805163621902466,1.0,True
1,1,0.20000000298023224,accepted,43,0.0391281396150589,1.0,True
1,1,0.20000000298023224,accepted,44,0.09139026701450348,1.0,True
1,1,0.20000000298023224,accepted,45,0.10145970433950424,1.0,True
1,1,0.20000000298023224,accepted,46,0.0908050611615181,1.0,True
1,1,0.20000000298023224,accepted,47,0.09705795347690582,1.0,True
1,1,0.20000000298023224,accepted,48,0.106533482670784,1.0,True
1,1,0.20000000298023224,accepted,49,0.13666026294231415,1.0,True
1,1,0.20000000298023224,accepted,50,0.1404186189174652,1.0,True
1,1,0.20000000298023224,accepted,51,0.14002013206481934,1.0,True
1,1,0.20000000298023224,accepted,52,0.15214064717292786,1.0,True
1,1,0.20000000298023224,accepted,53,0.1420765519142151,1.0,True
1,1,0.20000000298023224,accepted,54,0.16679322719573975,1.0,True
1,1,0.20000000298023224,accepted,55,0.16259357333183289,1.0,True
1,1,0.20000000298023224,accepted,56,0.15841321647167206,1.0,True
1,1,0.20000000298023224,accepted,57,0.16252721846103668,1.0,True
1,1,0.20000000298023224,accepted,58,0.18061499297618866,1.0,True
1,1,0.20000000298023224,accepted,59,0.19240379333496094,1.0,True
1,1,0.20000000298023224,accepted,60,0.1882057636976242,1.0,True
1,1,0.20000000298023224,accepted,61,0.21481969952583313,1.0,True
1,1,0.20000000298023224,accepted,62,0.20845118165016174,1.0,True
1,1,0.20000000298023224,accepted,63,0.21671444177627563,1.0,True
1,1,0.20000000298023224,accepted,64,0.22638557851314545,1.0,True
1,1,0.20000000298023224,accepted,65,0.23802876472473145,1.0,True
1,1,0.20000000298023224,accepted,66,0.22476184368133545,1.0,True
1,1,0.20000000298023224,accepted,67,0.2317320853471756,1.0,True
1,1,0.20000000298023224,accepted,68,0.25176453590393066,1.0,True
1,1,0.20000000298023224,accepted,69,0.23444576561450958,1.0,True
1,1,0.20000000298023224,accepted,70,0.26005780696868896,1.0,True
1,1,0.20000000298023224,accepted,71,0.2680663764476776,1.0,False
1,1,0.20000000298023224,accepted,72,0.2672199606895447,1.0,True
1,1,0.20000000298023224,accepted,73,0.2678455710411072,1.0,True
1,1,0.20000000298023224,accepted,74,0.3023970425128937,1.0,True
1,1,0.20000000298023224,accepted,75,0.29063382744789124,1.0,True
1,1,0.20000000298023224,accepted,76,0.285890132188797,1.0,True
1,1,0.20000000298023224,accepted,77,0.2922949194908142,1.0,True
1,1,0.20000000298023224,accepted,78,0.2801734209060669,1.0,True
1,1,0.20000000298023224,accepted,79,0.30883100628852844,1.0,True
1,1,0.20000000298023224,accepted,80,0.296082466840744,1.0,True
1,1,0.20000000298023224,accepted,81,0.30896177887916565,1.0,True
1,1,0.20000000298023224,accepted,82,0.3209509253501892,1.0,True
1,1,0.20000000298023224,accepted,83,0.3028438091278076,1.0,True
1,1,0.20000000298023224,accepted,84,0.30961543321609497,1.0,True
1,1,0.20000000298023224,accepted,85,0.32794222235679626,1.0,True
1,1,0.20000000298023224,accepted,86,0.3222304880619049,1.0,True
1,1,0.20000000298023224,accepted,87,0.32745471596717834,1.0,True
1,1,0.20000000298023224,accepted,88,0.34912198781967163,1.0,True
1,1,0.20000000298023224,accepted,89,0.3244543671607971,1.0,True
1,1,0.20000000298023224,accepted,90,0.35844844579696655,1.0,True
1,1,0.20000000298023224,accepted,91,0.36078739166259766,1.0,True
1,1,0.20000000298023224,accepted,92,0.37098827958106995,1.0,True
1,1,0.20000000298023224,accepted,93,0.37666237354278564,1.0,True
1,1,0.20000000298023224,accepted,94,0.3522174060344696,1.0,True
1,1,0.20000000298023224,accepted,95,0.37735414505004883,1.0,True
1,1,0.20000000298023224,accepted,96,0.3641932010650635,1.0,True
1,1,0.20000000298023224,accepted,97,0.35923418402671814,1.0,True
1,1,0.20000000298023224,accepted,98,0.36644241213798523,1.0,True
1,1,0.20000000298023224,accepted,99,0.3821490406990051,1.0,True
1,1,0.20000000298023224,accepted,100,0.39247453212738037,1.0,True
1,1,0.20000000298023224,accepted,101,0.398489385843277,1.0,True
1,1,0.20000000298023224,accepted,102,0.40475231409072876,1.0,True
1,1,0.20000000298023224,accepted,103,0.3726179301738739,1.0,True
1,1,0.20000000298023224,accepted,104,0.39862316846847534,1.0,True
1,1,0.20000000298023224,accepted,105,0.39015331864356995,1.0,True
1,1,0.20000000298023224,accepted,106,0.414164274930954,1.0,True
1,1,0.20000000298023224,accepted,107,0.4073421359062195,1.0,True
1,1,0.20000000298023224,accepted,108,0.42671504616737366,1.0,True
1,1,0.20000000298023224,accepted,109,0.41096630692481995,1.0,True
1,1,0.20000000298023224,accepted,110,0.4258922040462494,1.0,True
1,1,0.20000000298023224,accepted,111,0.43038350343704224,1.0,True
1,1,0.20000000298023224,accepted,112,0.40849053859710693,1.0,True
1,1,0.20000000298023224,accepted,113,0.43735623359680176,1.0,True
1,1,0.20000000298023224,accepted,114,0.44222643971443176,1.0,True
1,1,0.20000000298023224,accepted,115,0.4531385600566864,1.0,True
1,1,0.20000000298023224,accepted,116,0.4492504894733429,1.0,True
1,1,0.20000000298023224,accepted,117,0.4524235129356384,1.0,True
1,1,0.20000000298023224,accepted,118,0.45816531777381897,1.0,True
1,1,0.20000000298023224,accepted,119,0.44584792852401733,1.0,True
1,1,0.20000000298023224,accepted,120,0.4538547694683075,1.0,True
1,1,0.20000000298023224,accepted,121,0.4597690999507904,1.0,True
1,1,0.20000000298023224,accepted,122,0.45212674140930176,1.0,True
1,1,0.20000000298023224,accepted,123,0.47007107734680176,1.0,True
1,1,0.20000000298023224,accepted,124,0.470083624124527,1.0,True
1,1,0.20000000298023224,accepted,125,0.47130101919174194,1.0,True
1,1,0.20000000298023224,accepted,126,0.4783706068992615,1.0,True
1,1,0.20000000298023224,accepted,127,0.4853147566318512,1.0,True
1,1,0.20000000298023224,accepted,128,0.47021815180778503,1.0,True
1,1,0.20000000298023224,accepted,129,0.4888804852962494,1.0,True
1,1,0.20000000298023224,accepted,130,0.4930739402770996,1.0,True
1,1,0.20000000298023224,accepted,131,0.4808478355407715,1.0,True
1,1,0.20000000298023224,accepted,132,0.5027203559875488,1.0,True
1,1,0.20000000298023224,accepted,133,0.4937308430671692,1.0,True
1,1,0.20000000298023224,accepted,134,0.5012286901473999,1.0,True
1,1,0.20000000298023224,accepted,135,0.5116997957229614,1.0,True
1,1,0.20000000298023224,accepted,136,0.504501223564148,1.0,True
1,1,0.20000000298023224,accepted,137,0.4926622211933136,1.0,True
1,1,0.20000000298023224,accepted,138,0.5068294405937195,1.0,True
1,1,0.20000000298023224,accepted,139,0.5121235251426697,1.0,True
1,1,0.20000000298023224,accepted,140,0.5113641023635864,1.0,True
1,1,0.20000000298023224,accepted,141,0.5153295993804932,1.0,True
1,1,0.20000000298023224,accepted,142,0.4355747103691101,1.0,True
1,1,0.20000000298023224,accepted,143,0.5129837989807129,1.0,True
1,1,0.20000000298023224,accepted,144,0.5172873139381409,1.0,True
1,1,0.20000000298023224,accepted,145,0.5369178652763367,1.0,True
1,1,0.20000000298023224,accepted,146,0.5217383503913879,1.0,True
1,1,0.20000000298023224,accepted,147,0.5501204133033752,1.0,True
1,1,0.20000000298023224,accepted,148,0.5367909073829651,1.0,True
1,1,0.20000000298023224,accepted,149,0.532581090927124,1.0,True
1,1,0.20000000298023224,accepted,150,0.5396941900253296,1.0,True
1,1,0.20000000298023224,accepted,151,0.532170832157135,1.0,True
1,1,0.20000000298023224,accepted,152,0.5442550182342529,1.0,True
1,1,0.20000000298023224,accepted,153,0.5203292369842529,1.0,True
1,1,0.20000000298023224,accepted,154,0.5648400187492371,1.0,True
1,1,0.20000000298023224,accepted,155,0.5451484322547913,1.0,True
1,1,0.20000000298023224,accepted,156,0.5267539620399475,1.0,False
1,1,0.20000000298023224,accepted,157,0.5528679490089417,1.0,True
1,1,0.20000000298023224,accepted,158,0.5657197833061218,1.0,True
1,1,0.20000000298023224,accepted,159,0.5431287884712219,1.0,True
1,1,0.20000000298023224,accepted,160,0.5729607343673706,1.0,True
1,1,0.20000000298023224,accepted,161,0.5672886967658997,1.0,True
1,1,0.20000000298023224,accepted,162,0.5647408962249756,1.0,True
1,1,0.20000000298023224,accepted,163,0.5689097046852112,1.0,True
1,1,0.20000000298023224,accepted,164,0.5751900672912598,1.0,True
1,1,0.20000000298023224,accepted,165,0.5728579759597778,1.0,True
1,1,0.20000000298023224,accepted,166,0.5660824179649353,1.0,True
1,1,0.20000000298023224,accepted,167,0.5860805511474609,1.0,True
1,1,0.20000000298023224,accepted,168,0.5724887847900391,1.0,True
1,1,0.20000000298023224,accepted,169,0.5822367072105408,1.0,True
1,1,0.20000000298023224,accepted,170,0.5879840850830078,1.0,True
1,1,0.20000000298023224,accepted,171,0.5743086338043213,1.0,True
1,1,0.20000000298023224,accepted,172,0.5925459265708923,1.0,True
1,1,0.20000000298023224,accepted,173,0.599112331867218,1.0,True
1,1,0.20000000298023224,accepted,174,0.5927132368087769,1.0,True
1,1,0.20000000298023224,accepted,175,0.5881792306900024,1.0,True
1,1,0.20000000298023224,accepted,176,0.5914958119392395,1.0,True
1,1,0.20000000298023224,accepted,177,0.5945225954055786,1.0,True
1,1,0.20000000298023224,accepted,178,0.6037259697914124,1.0,True
1,1,0.20000000298023224,accepted,179,0.6145517230033875,1.0,True
1,1,0.20000000298023224,accepted,180,0.6146454811096191,1.0,True
1,1,0.20000000298023224,accepted,181,0.6273519992828369,1.0,True
1,1,0.20000000298023224,accepted,182,0.3918551802635193,1.0,False
1,1,0.20000000298023224,accepted,183,0.6223867535591125,1.0,True
1,1,0.20000000298023224,accepted,184,0.5793939828872681,1.0,True
1,1,0.20000000298023224,accepted,185,0.6327863335609436,1.0,True
1,1,0.20000000298023224,accepted,186,0.6155230402946472,1.0,True
1,1,0.20000000298023224,accepted,187,0.6380218267440796,1.0,True
1,1,0.20000000298023224,accepted,188,0.6368230581283569,1.0,False
1,1,0.20000000298023224,accepted,189,0.6306872963905334,1.0,True
1,1,0.20000000298023224,accepted,190,0.6255214810371399,1.0,True
1,1,0.20000000298023224,accepted,191,0.5437942743301392,1.0,True
1,1,0.20000000298023224,accepted,192,0.6298649907112122,1.0,True
1,1,0.20000000298023224,accepted,193,0.6318913698196411,1.0,True
1,1,0.20000000298023224,accepted,194,0.6465654373168945,1.0,True
1,1,0.20000000298023224,accepted,195,0.6379342079162598,1.0,True
1,1,0.20000000298023224,accepted,196,0.6489399671554565,1.0,True
1,1,0.20000000298023224,accepted,197,0.6457544565200806,1.0,True
1,1,0.20000000298023224,accepted,198,0.6247798204421997,1.0,True
1,1,0.20000000298023224,accepted,199,0.6423884630203247,1.0,True
1,1,0.20000000298023224,accepted,200,0.666954755783081,1.0,True
1,1,0.20000000298023224,accepted,201,0.6590613126754761,1.0,True
1,1,0.20000000298023224,accepted,202,0.6515519618988037,1.0,True
1,1,0.20000000298023224,accepted,203,0.6404945850372314,1.0,True
1,1,0.20000000298023224,accepted,204,0.6732070446014404,1.0,True
1,1,0.20000000298023224,accepted,205,0.665219247341156,1.0,False
1,1,0.20000000298023224,accepted,206,0.6472169160842896,1.0,True
1,1,0.20000000298023224,accepted,207,0.6554683446884155,1.0,True
1,1,0.20000000298023224,accepted,208,0.6514102816581726,1.0,True
1,1,0.20000000298023224,accepted,209,0.6564592719078064,1.0,True
1,1,0.20000000298023224,accepted,210,0.6487197279930115,1.0,False
1,1,0.20000000298023224,accepted,211,0.6664307713508606,1.0,True
1,1,0.20000000298023224,accepted,212,0.6461117267608643,1.0,True
1,1,0.20000000298023224,accepted,213,0.631566047668457,1.0,True
1,1,0.20000000298023224,accepted,214,0.6764273643493652,1.0,True
1,1,0.20000000298023224,accepted,215,0.6386719942092896,1.0,True
1,1,0.20000000298023224,accepted,216,0.6694604158401489,1.0,True
1,1,0.20000000298023224,accepted,217,0.6679936051368713,1.0,True
1,1,0.20000000298023224,accepted,218,0.6704161763191223,1.0,True
1,1,0.20000000298023224,accepted,219,0.6919191479682922,1.0,True
1,1,0.20000000298023224,accepted,220,0.6314938068389893,1.0,True
1,1,0.20000000298023224,accepted,221,0.6791525483131409,1.0,True
1,1,0.20000000298023224,accepted,222,0.650980532169342,1.0,True
1,1,0.20000000298023224,accepted,223,0.6820786595344543,1.0,True
1,1,0.20000000298023224,accepted,224,0.6869720816612244,1.0,True
1,1,0.20000000298023224,accepted,225,0.6546487212181091,1.0,True
1,1,0.20000000298023224,accepted,226,0.700251579284668,1.0,True
1,1,0.20000000298023224,accepted,227,0.6751616597175598,1.0,True
1,1,0.20000000298023224,accepted,228,0.6987972259521484,1.0,True
1,1,0.20000000298023224,accepted,229,0.6966599822044373,1.0,True
1,1,0.20000000298023224,accepted,230,0.6878112554550171,1.0,True
1,1,0.20000000298023224,accepted,231,0.6755197644233704,1.0,True
1,1,0.20000000298023224,accepted,232,0.6952926516532898,1.0,True
1,1,0.20000000298023224,accepted,233,0.634040355682373,1.0,True
1,1,0.20000000298023224,accepted,234,0.6826174259185791,1.0,True
1,1,0.20000000298023224,accepted,235,0.7111650109291077,1.0,True
1,1,0.20000000298023224,accepted,236,0.7011978626251221,1.0,True
1,1,0.20000000298023224,accepted,237,0.7123053669929504,1.0,True
1,1,0.20000000298023224,accepted,238,0.7012620568275452,1.0,True
1,1,0.20000000298023224,accepted,239,0.6967290639877319,1.0,True
1,1,0.20000000298023224,accepted,240,0.6985200643539429,1.0,True
1,1,0.20000000298023224,accepted,241,0.6973353028297424,1.0,True
1,1,0.20000000298023224,accepted,242,0.7093713283538818,1.0,True
1,1,0.20000000298023224,accepted,243,0.7119739055633545,1.0,True
1,1,0.20000000298023224,accepted,244,0.7002355456352234,1.0,True
1,1,0.20000000298023224,accepted,245,0.6878216862678528,1.0,True
1,1,0.20000000298023224,accepted,246,0.6952953338623047,1.0,True
1,1,0.20000000298023224,accepted,247,0.7128326892852783,1.0,True
1,1,0.20000000298023224,accepted,248,0.7086789011955261,1.0,True
1,1,0.20000000298023224,accepted,249,0.7106849551200867,1.0,True
1,1,0.20000000298023224,accepted,250,0.6974284052848816,1.0,True
1,1,0.20000000298023224,accepted,251,0.7017972469329834,1.0,True
1,1,0.20000000298023224,accepted,252,0.69701087474823,1.0,True
1,1,0.20000000298023224,accepted,253,0.7281436324119568,1.0,True
1,1,0.20000000298023224,accepted,254,0.7117131948471069,1.0,True
1,1,0.20000000298023224,accepted,255,0.7261797189712524,1.0,True
1,1,0.20000000298023224,accepted,256,0.7155461311340332,1.0,True
1,1,0.20000000298023224,accepted,257,0.7190102338790894,1.0,True
1,1,0.20000000298023224,accepted,258,0.7130747437477112,1.0,True
1,1,0.20000000298023224,accepted,259,0.7064116597175598,1.0,True
1,1,0.20000000298023224,accepted,260,0.7178646326065063,1.0,True
1,1,0.20000000298023224,accepted,261,0.7099371552467346,1.0,True
1,1,0.20000000298023224,accepted,262,0.7268421053886414,1.0,True
1,1,0.20000000298023224,accepted,263,0.7182399034500122,1.0,True
1,1,0.20000000298023224,accepted,264,0.7108883261680603,1.0,True
1,1,0.20000000298023224,accepted,265,0.718174159526825,1.0,True
1,1,0.20000000298023224,accepted,266,0.7235997915267944,1.0,True
1,1,0.20000000298023224,accepted,267,0.7203279733657837,1.0,True
1,1,0.20000000298023224,accepted,268,0.7212903499603271,1.0,True
1,1,0.20000000298023224,accepted,269,0.7302827835083008,1.0,True
1,1,0.20000000298023224,accepted,270,0.7230534553527832,1.0,True
1,1,0.20000000298023224,accepted,271,0.7214499711990356,1.0,True
1,1,0.20000000298023224,accepted,272,0.7397004961967468,1.0,True
1,1,0.20000000298023224,accepted,273,0.626629650592804,1.0,True
1,1,0.20000000298023224,accepted,274,0.7274301648139954,1.0,False
1,1,0.20000000298023224,accepted,275,0.7224469184875488,1.0,True
1,1,0.20000000298023224,accepted,276,0.719240665435791,1.0,True
1,1,0.20000000298023224,accepted,277,0.7281075716018677,1.0,True
1,1,0.20000000298023224,accepted,278,0.7233624458312988,1.0,True
1,1,0.20000000298023224,accepted,279,0.6790049076080322,1.0,True
1,1,0.20000000298023224,accepted,280,0.7367408871650696,1.0,True
1,1,0.20000000298023224,accepted,281,0.7395114898681641,1.0,True
1,1,0.20000000298023224,accepted,282,0.7092549800872803,1.0,True
1,1,0.20000000298023224,accepted,283,0.7360104918479919,1.0,True
1,1,0.20000000298023224,accepted,284,0.7245969176292419,1.0,True
1,1,0.20000000298023224,accepted,285,0.7095120549201965,1.0,True
1,1,0.20000000298023224,accepted,286,0.7354099154472351,1.0,True
1,1,0.20000000298023224,accepted,287,0.7402114272117615,1.0,True
1,1,0.20000000298023224,accepted,288,0.6453875303268433,1.0,True
1,1,0.20000000298023224,accepted,289,0.7297564744949341,1.0,True
1,1,0.20000000298023224,accepted,290,0.7292472124099731,1.0,True
1,1,0.20000000298023224,accepted,291,0.7418481707572937,1.0,True
1,1,0.20000000298023224,accepted,292,0.7295365929603577,1.0,True
1,1,0.20000000298023224,accepted,293,0.7400025129318237,1.0,True
1,1,0.20000000298023224,accepted,294,0.7239973545074463,1.0,True
1,1,0.20000000298023224,accepted,295,0.7427175045013428,1.0,True
1,1,0.20000000298023224,accepted,296,0.7326014637947083,1.0,True
1,1,0.20000000298023224,accepted,297,0.7482742667198181,1.0,True
1,1,0.20000000298023224,accepted,298,0.7506042718887329,1.0,True
1,1,0.20000000298023224,accepted,299,0.746925413608551,1.0,True
1,1,0.20000000298023224,accepted,300,0.7349163293838501,1.0,True
1,1,0.20000000298023224,accepted,301,0.7450528740882874,1.0,True
1,1,0.20000000298023224,accepted,302,0.7292723059654236,1.0,True
1,1,0.20000000298023224,accepted,303,0.7275856137275696,1.0,True
1,1,0.20000000298023224,accepted,304,0.7569243311882019,1.0,True
1,1,0.20000000298023224,accepted,305,0.7373425364494324,1.0,True
1,1,0.20000000298023224,accepted,306,0.7451267838478088,1.0,True
1,1,0.20000000298023224,accepted,307,0.75202876329422,1.0,True
1,1,0.20000000298023224,accepted,308,0.7466433048248291,1.0,True
1,1,0.20000000298023224,accepted,309,0.7584273219108582,1.0,True
1,1,0.20000000298023224,accepted,310,0.7577130198478699,1.0,True
1,1,0.20000000298023224,accepted,311,0.7384909987449646,1.0,True
1,1,0.20000000298023224,accepted,312,0.7648395299911499,1.0,True
1,1,0.20000000298023224,accepted,313,0.762203574180603,1.0,True
1,1,0.20000000298023224,accepted,314,0.7611111402511597,1.0,True
1,1,0.20000000298023224,accepted,315,0.7609659433364868,1.0,True
1,1,0.20000000298023224,accepted,316,0.7469367384910583,1.0,True
1,1,0.20000000298023224,accepted,317,0.7621018290519714,1.0,True
1,1,0.20000000298023224,accepted,318,0.7681699395179749,1.0,True
1,1,0.20000000298023224,accepted,319,0.748391330242157,1.0,True
1,1,0.20000000298023224,accepted,320,0.7569994330406189,1.0,True
1,1,0.20000000298023224,accepted,321,0.7559634447097778,1.0,True
1,1,0.20000000298023224,accepted,322,0.7552543878555298,1.0,True
1,1,0.20000000298023224,accepted,323,0.7677128911018372,1.0,True
1,1,0.20000000298023224,accepted,324,0.7652392983436584,1.0,True
1,1,0.20000000298023224,accepted,325,0.7669781446456909,1.0,True
1,1,0.20000000298023224,accepted,326,0.7672854661941528,1.0,True
1,1,0.20000000298023224,accepted,327,0.7730644345283508,1.0,True
1,1,0.20000000298023224,accepted,328,0.749760091304779,1.0,True
1,1,0.20000000298023224,accepted,329,0.7531196475028992,1.0,True
1,1,0.20000000298023224,accepted,330,0.7816371321678162,1.0,True
1,1,0.20000000298023224,accepted,331,0.7768484354019165,1.0,True
1,1,0.20000000298023224,accepted,332,0.7656568288803101,1.0,True
1,1,0.20000000298023224,accepted,333,0.7312278151512146,1.0,True
1,1,0.20000000298023224,accepted,334,0.7730231285095215,1.0,True
1,1,0.20000000298023224,accepted,335,0.7691903710365295,1.0,True
1,1,0.20000000298023224,accepted,336,0.7483028173446655,1.0,True
1,1,0.20000000298023224,accepted,337,0.7660103440284729,1.0,True
1,1,0.20000000298023224,accepted,338,0.7786938548088074,1.0,True
1,1,0.20000000298023224,accepted,339,0.7551881074905396,1.0,True
1,1,0.20000000298023224,accepted,340,0.7530909180641174,1.0,True
1,1,0.20000000298023224,accepted,341,0.7510424852371216,1.0,True
1,1,0.20000000298023224,accepted,342,0.7609166502952576,1.0,True
1,1,0.20000000298023224,accepted,343,0.7783523201942444,1.0,True
1,1,0.20000000298023224,accepted,344,0.761657178401947,1.0,True
1,1,0.20000000298023224,accepted,345,0.7685187458992004,1.0,True
1,1,0.20000000298023224,accepted,346,0.7686741352081299,1.0,True
1,1,0.20000000298023224,accepted,347,0.7749659419059753,1.0,True
1,1,0.20000000298023224,accepted,348,0.7922005653381348,1.0,True
1,1,0.20000000298023224,accepted,349,0.7720093727111816,1.0,True
1,1,0.20000000298023224,accepted,350,0.77155601978302,1.0,True
1,1,0.20000000298023224,accepted,351,0.7683135271072388,1.0,True
1,1,0.20000000298023224,accepted,352,0.7762529850006104,1.0,True
1,1,0.20000000298023224,accepted,353,0.7426466345787048,1.0,True
1,1,0.20000000298023224,accepted,354,0.7710970044136047,1.0,True
1,1,0.20000000298023224,accepted,355,0.7746821641921997,1.0,True
1,1,0.20000000298023224,accepted,356,0.7765699028968811,1.0,True
1,1,0.20000000298023224,accepted,357,0.7718945741653442,1.0,True
1,1,0.20000000298023224,accepted,358,0.7822456359863281,1.0,True
1,1,0.20000000298023224,accepted,359,0.7840112447738647,1.0,True
1,1,0.20000000298023224,accepted,360,0.8010008335113525,1.0,True
1,1,0.20000000298023224,accepted,361,0.746825635433197,1.0,True
1,1,0.20000000298023224,accepted,362,0.770841121673584,1.0,True
1,1,0.20000000298023224,accepted,363,0.7708587646484375,1.0,True
1,1,0.20000000298023224,accepted,364,0.7664663195610046,1.0,True
1,1,0.20000000298023224,accepted,365,0.7862275838851929,1.0,True
1,1,0.20000000298023224,accepted,366,0.7822367548942566,1.0,True
1,1,0.20000000298023224,accepted,367,0.7873740792274475,1.0,True
1,1,0.20000000298023224,accepted,368,0.7867015600204468,1.0,True
1,1,0.20000000298023224,accepted,369,0.7833027243614197,1.0,True
1,1,0.20000000298023224,accepted,370,0.7592059969902039,1.0,True
1,1,0.20000000298023224,accepted,371,0.6917238831520081,1.0,True
1,1,0.20000000298023224,accepted,372,0.7851425409317017,1.0,True
1,1,0.20000000298023224,accepted,373,0.7845587730407715,1.0,True
1,1,0.20000000298023224,accepted,374,0.7842565178871155,1.0,True
1,1,0.20000000298023224,accepted,375,0.7846125960350037,1.0,True
1,1,0.20000000298023224,accepted,376,0.76389479637146,1.0,True
1,1,0.20000000298023224,accepted,377,0.7906396985054016,1.0,True
1,1,0.20000000298023224,accepted,378,0.7851425409317017,1.0,True
1,1,0.20000000298023224,accepted,379,0.7828606367111206,1.0,True
1,1,0.20000000298023224,accepted,380,0.7707411646842957,1.0,True
1,1,0.20000000298023224,accepted,381,0.7685744166374207,1.0,True
1,1,0.20000000298023224,accepted,382,0.7814851403236389,1.0,True
1,1,0.20000000298023224,accepted,383,0.7829053997993469,1.0,True
1,1,0.20000000298023224,accepted,384,0.7979754209518433,1.0,True
1,1,0.20000000298023224,accepted,385,0.8003166913986206,1.0,True
1,1,0.20000000298023224,accepted,386,0.7508476972579956,1.0,True
1,1,0.20000000298023224,accepted,387,0.7702091932296753,1.0,True
1,1,0.20000000298023224,accepted,388,0.7939159274101257,1.0,True
1,1,0.20000000298023224,accepted,389,0.7979845404624939,1.0,True
1,1,0.20000000298023224,accepted,390,0.80149906873703,1.0,True
1,1,0.20000000298023224,accepted,391,0.7977319359779358,1.0,True
1,1,0.20000000298023224,accepted,392,0.7954832315444946,1.0,True
1,1,0.20000000298023224,accepted,393,0.7919347286224365,1.0,True
1,1,0.20000000298023224,accepted,394,0.7956379652023315,1.0,True
1,1,0.20000000298023224,accepted,395,0.7999199032783508,1.0,True
1,1,0.20000000298023224,accepted,396,0.8021261096000671,1.0,True
1,1,0.20000000298023224,accepted,397,0.7981154918670654,1.0,True
1,1,0.20000000298023224,accepted,398,0.7644048929214478,1.0,True
1,1,0.20000000298023224,accepted,399,0.7965794801712036,1.0,True
1,1,0.20000000298023224,accepted,400,0.7898167967796326,1.0,True
1,1,0.20000000298023224,accepted,401,0.7887930870056152,1.0,True
1,1,0.20000000298023224,accepted,402,0.7977136969566345,1.0,True
1,1,0.20000000298023224,accepted,403,0.7822277545928955,1.0,True
1,1,0.20000000298023224,accepted,404,0.7900035977363586,1.0,True
1,1,0.20000000298023224,accepted,405,0.800747275352478,1.0,True
1,1,0.20000000298023224,accepted,406,0.7866445779800415,1.0,True
1,1,0.20000000298023224,accepted,407,0.408393919467926,1.0,True
1,1,0.20000000298023224,accepted,408,0.773241400718689,1.0,True
1,1,0.20000000298023224,accepted,409,0.8103902339935303,1.0,True
1,1,0.20000000298023224,accepted,410,0.7907785177230835,1.0,True
1,1,0.20000000298023224,accepted,411,0.8050781488418579,1.0,True
1,1,0.20000000298023224,accepted,412,0.7992976307868958,1.0,True
1,1,0.20000000298023224,accepted,413,0.8028331995010376,1.0,True
1,1,0.20000000298023224,accepted,414,0.1836833506822586,1.0,True
1,1,0.20000000298023224,accepted,415,0.8120303153991699,1.0,True
1,1,0.20000000298023224,accepted,416,0.8080719113349915,1.0,True
1,1,0.20000000298023224,accepted,417,0.7951980233192444,1.0,True
1,1,0.20000000298023224,accepted,418,0.7858197689056396,1.0,True
1,1,0.20000000298023224,accepted,419,0.811516284942627,1.0,True
1,1,0.20000000298023224,accepted,420,0.3231327533721924,1.0,True
1,1,0.20000000298023224,accepted,421,0.8075850605964661,1.0,True
1,1,0.20000000298023224,accepted,422,0.812309205532074,1.0,True
1,1,0.20000000298023224,accepted,423,0.7998436093330383,1.0,True
1,1,0.20000000298023224,accepted,424,0.8022209405899048,1.0,True
1,1,0.20000000298023224,accepted,425,0.8128578066825867,1.0,True
1,1,0.20000000298023224,accepted,426,0.8009335994720459,1.0,True
1,1,0.20000000298023224,accepted,427,0.801762044429779,1.0,True
1,1,0.20000000298023224,accepted,428,0.8046298623085022,1.0,True
1,1,0.20000000298023224,accepted,429,0.8040131330490112,1.0,True
1,1,0.20000000298023224,accepted,430,0.8158026933670044,1.0,True
1,1,0.20000000298023224,accepted,431,0.806381344795227,1.0,True
1,1,0.20000000298023224,accepted,432,0.5004186034202576,1.0,True
1,1,0.20000000298023224,accepted,433,0.7976467609405518,1.0,True
1,1,0.20000000298023224,accepted,434,0.8025270700454712,1.0,True
1,1,0.20000000298023224,accepted,435,0.8100162744522095,1.0,True
1,1,0.20000000298023224,accepted,436,0.8104860782623291,1.0,True
1,1,0.20000000298023224,accepted,437,0.7404430508613586,1.0,True
1,1,0.20000000298023224,accepted,438,0.8057694435119629,1.0,True
1,1,0.20000000298023224,accepted,439,0.7900578379631042,1.0,True
1,1,0.20000000298023224,accepted,440,0.8239342570304871,1.0,True
1,1,0.20000000298023224,accepted,441,0.8125446438789368,1.0,True
1,1,0.20000000298023224,accepted,442,0.8192487955093384,1.0,True
1,1,0.20000000298023224,accepted,443,0.8160983920097351,1.0,True
1,1,0.20000000298023224,accepted,444,0.7740499973297119,1.0,True
1,1,0.20000000298023224,accepted,445,0.8090157508850098,1.0,True
1,1,0.20000000298023224,accepted,446,0.8111139535903931,1.0,True
1,1,0.20000000298023224,accepted,447,0.8234158158302307,1.0,True
1,1,0.20000000298023224,accepted,448,0.8151183128356934,1.0,True
1,1,0.20000000298023224,accepted,449,0.8260396122932434,1.0,True
1,1,0.20000000298023224,accepted,450,0.8125540018081665,1.0,True
1,1,0.20000000298023224,accepted,451,0.8278787732124329,1.0,True
1,1,0.20000000298023224,accepted,452,0.808108925819397,1.0,True
1,1,0.20000000298023224,accepted,453,0.8149193525314331,1.0,False
1,1,0.20000000298023224,accepted,454,0.8158337473869324,1.0,True
1,1,0.20000000298023224,accepted,455,0.8245882987976074,1.0,True
1,1,0.20000000298023224,accepted,456,0.7941097617149353,1.0,True
1,1,0.20000000298023224,accepted,457,0.8261751532554626,1.0,True
1,1,0.20000000298023224,accepted,458,0.8185458779335022,1.0,True
1,1,0.20000000298023224,accepted,459,0.822715699672699,1.0,True
1,1,0.20000000298023224,accepted,460,0.8107272982597351,1.0,True
1,1,0.20000000298023224,accepted,461,0.8204089999198914,1.0,True
1,1,0.20000000298023224,accepted,462,0.8169829845428467,1.0,True
1,1,0.20000000298023224,accepted,463,0.831585168838501,1.0,True
1,1,0.20000000298023224,accepted,464,0.8012605905532837,1.0,True
1,1,0.20000000298023224,accepted,465,0.8294529914855957,1.0,True
1,1,0.20000000298023224,accepted,466,0.8298327922821045,1.0,True
1,1,0.20000000298023224,accepted,467,0.7555367350578308,1.0,True
1,1,0.20000000298023224,accepted,468,0.830916166305542,1.0,True
1,1,0.20000000298023224,accepted,469,0.8277493119239807,1.0,True
1,1,0.20000000298023224,accepted,470,0.8267931342124939,1.0,True
1,1,0.20000000298023224,accepted,471,0.8237583041191101,1.0,True
1,1,0.20000000298023224,accepted,472,0.8206437826156616,1.0,True
1,1,0.20000000298023224,accepted,473,0.8291556239128113,1.0,True
1,1,0.20000000298023224,accepted,474,0.8208159804344177,1.0,True
1,1,0.20000000298023224,accepted,475,0.726445734500885,1.0,True
1,1,0.20000000298023224,accepted,476,0.8192487955093384,1.0,True
1,1,0.20000000298023224,accepted,477,0.8170671463012695,1.0,True
1,1,0.20000000298023224,accepted,478,0.8228537440299988,1.0,True
1,1,0.20000000298023224,accepted,479,0.8051303625106812,1.0,True
1,1,0.20000000298023224,accepted,480,0.8268057703971863,1.0,True
1,1,0.20000000298023224,accepted,481,0.8257434964179993,1.0,True
1,1,0.20000000298023224,accepted,482,0.8181275725364685,1.0,True
1,1,0.20000000298023224,accepted,483,0.8255797028541565,1.0,True
1,1,0.20000000298023224,accepted,484,0.8163599371910095,1.0,False
1,1,0.20000000298023224,accepted,485,0.8168520927429199,1.0,True
1,1,0.20000000298023224,accepted,486,0.8102017045021057,1.0,True
1,1,0.20000000298023224,accepted,487,0.825381338596344,1.0,True
1,1,0.20000000298023224,accepted,488,0.8321913480758667,1.0,True
1,1,0.20000000298023224,accepted,489,0.8230922818183899,1.0,True
1,1,0.20000000298023224,accepted,490,0.8312743902206421,1.0,True
1,1,0.20000000298023224,accepted,491,0.826499879360199,1.0,True
1,1,0.20000000298023224,accepted,492,0.821329653263092,1.0,True
1,1,0.20000000298023224,accepted,493,0.8335797190666199,1.0,True
1,1,0.20000000298023224,accepted,494,0.8371009230613708,1.0,True
1,1,0.20000000298023224,accepted,495,0.8249878883361816,1.0,True
1,1,0.20000000298023224,accepted,496,0.8318707346916199,1.0,True
1,1,0.20000000298023224,accepted,497,0.830624520778656,1.0,True
1,1,0.20000000298023224,accepted,498,0.8282262086868286,1.0,True
1,1,0.20000000298023224,accepted,499,0.8368646502494812,1.0,True
1,1,0.20000000298023224,accepted,500,0.8276388645172119,1.0,True
2,1,0.5,accepted,1,0.33656418323516846,1.0,True
2,1,0.5,accepted,2,0.33774232864379883,1.0,True
2,1,0.5,accepted,3,0.3603582978248596,1.0,True
2,1,0.5,accepted,4,0.39095035195350647,1.0,True
2,1,0.5,accepted,5,0.4219689965248108,1.0,True
2,1,0.5,accepted,6,0.45856398344039917,1.0,True
2,1,0.5,accepted,7,0.4782848358154297,1.0,True
2,1,0.5,accepted,8,0.5178025960922241,1.0,True
2,1,0.5,accepted,9,0.561805784702301,1.0,True
2,1,0.5,accepted,10,0.5911010503768921,1.0,True
2,1,0.5,accepted,11,0.6239533424377441,1.0,True
2,1,0.5,accepted,12,0.6157884001731873,1.0,True
2,1,0.5,accepted,13,0.6157813668251038,1.0,True
2,1,0.5,accepted,14,0.5808678865432739,1.0,True
2,1,0.5,accepted,15,0.6239914298057556,1.0,True
2,1,0.5,accepted,16,0.6579509377479553,1.0,True
2,1,0.5,accepted,17,0.6743662357330322,1.0,True
2,1,0.5,accepted,18,0.7130012512207031,1.0,True
2,1,0.5,accepted,19,0.704302191734314,1.0,True
2,1,0.5,accepted,20,0.7347677946090698,1.0,True
2,1,0.5,accepted,21,0.750152051448822,1.0,True
2,1,0.5,accepted,22,0.7307119369506836,1.0,True
2,1,0.5,accepted,23,0.7562980055809021,1.0,True
2,1,0.5,accepted,24,0.7200971841812134,1.0,True
2,1,0.5,accepted,25,0.7197895646095276,1.0,True
2,1,0.5,accepted,26,0.7525395154953003,1.0,True
2,1,0.5,accepted,27,0.7578459978103638,1.0,True
2,1,0.5,accepted,28,0.7566298842430115,1.0,True
2,1,0.5,accepted,29,0.7899282574653625,1.0,True
2,1,0.5,accepted,30,0.7722509503364563,1.0,True
2,1,0.5,accepted,31,0.8092349171638489,1.0,True
2,1,0.5,accepted,32,0.7928627133369446,1.0,True
2,1,0.5,accepted,33,0.8249595165252686,1.0,True
2,1,0.5,accepted,34,0.7936222553253174,1.0,True
2,1,0.5,accepted,35,0.8314107656478882,1.0,True
2,1,0.5,accepted,36,0.8311760425567627,1.0,True
2,1,0.5,accepted,37,0.8360446095466614,1.0,True
2,1,0.5,accepted,38,0.8345628976821899,1.0,True
2,1,0.5,accepted,39,0.8404605388641357,1.0,True
2,1,0.5,accepted,40,0.8434089422225952,1.0,True
2,1,0.5,accepted,41,0.8505785465240479,1.0,True
2,1,0.5,accepted,42,0.8578222393989563,1.0,True
2,1,0.5,accepted,43,0.8531098961830139,1.0,True
2,1,0.5,accepted,44,0.8669147491455078,1.0,True
2,1,0.5,accepted,45,0.8589223623275757,1.0,True
2,1,0.5,accepted,46,0.8719626665115356,1.0,True
2,1,0.5,accepted,47,0.8651638627052307,1.0,True
2,1,0.5,accepted,48,0.8684505820274353,1.0,True
2,1,0.5,accepted,49,0.8714539408683777,1.0,True
2,1,0.5,accepted,50,0.8698596954345703,1.0,True
2,1,0.5,accepted,51,0.8737207651138306,1.0,True
2,1,0.5,accepted,52,0.8720259070396423,1.0,True
2,1,0.5,accepted,53,0.8747912645339966,1.0,True
2,1,0.5,accepted,54,0.8723286390304565,1.0,True
2,1,0.5,accepted,55,0.8829548358917236,1.0,True
2,1,0.5,accepted,56,0.8793850541114807,1.0,True
2,1,0.5,accepted,57,0.8812253475189209,1.0,True
2,1,0.5,accepted,58,0.8856230974197388,1.0,True
2,1,0.5,accepted,59,0.8870465159416199,1.0,True
2,1,0.5,accepted,60,0.8902330994606018,1.0,True
2,1,0.5,accepted,61,0.8926747441291809,1.0,True
2,1,0.5,accepted,62,0.8898698091506958,1.0,True
2,1,0.5,accepted,63,0.8919463753700256,1.0,True
2,1,0.5,accepted,64,0.8961959481239319,1.0,True
2,1,0.5,accepted,65,0.891153872013092,1.0,True
2,1,0.5,accepted,66,0.8927292227745056,1.0,True
2,1,0.5,accepted,67,0.896701991558075,1.0,True
2,1,0.5,accepted,68,0.8985922336578369,1.0,True
2,1,0.5,accepted,69,0.8928995132446289,1.0,True
2,1,0.5,accepted,70,0.8938605785369873,1.0,True
2,1,0.5,accepted,71,0.9021161198616028,1.0,True
2,1,0.5,accepted,72,0.9003627300262451,1.0,True
2,1,0.5,accepted,73,0.8974549174308777,1.0,True
2,1,0.5,accepted,74,0.9006375074386597,1.0,True
2,1,0.5,accepted,75,0.8978247046470642,1.0,True
2,1,0.5,accepted,76,0.9047835469245911,1.0,True
2,1,0.5,accepted,77,0.8939696550369263,1.0,True
2,1,0.5,accepted,78,0.9000330567359924,1.0,True
2,1,0.5,accepted,79,0.8934515118598938,1.0,True
2,1,0.5,accepted,80,0.9063034653663635,1.0,True
2,1,0.5,accepted,81,0.8988390564918518,1.0,True
2,1,0.5,accepted,82,0.9101908802986145,1.0,True
2,1,0.5,accepted,83,0.8974034786224365,1.0,True
2,1,0.5,accepted,84,0.9055432081222534,1.0,True
2,1,0.5,accepted,85,0.8998305201530457,1.0,True
2,1,0.5,accepted,86,0.9139693975448608,1.0,True
2,1,0.5,accepted,87,0.9074728488922119,1.0,True
2,1,0.5,accepted,88,0.9057574272155762,1.0,True
2,1,0.5,accepted,89,0.9141507148742676,1.0,True
2,1,0.5,accepted,90,0.9147367477416992,1.0,True
2,1,0.5,accepted,91,0.9064071774482727,1.0,True
2,1,0.5,accepted,92,0.9096077680587769,1.0,True
2,1,0.5,accepted,93,0.9107813239097595,1.0,True
2,1,0.5,accepted,94,0.9130494594573975,1.0,True
2,1,0.5,accepted,95,0.9127151370048523,1.0,True
2,1,0.5,accepted,96,0.9175466299057007,1.0,True
2,1,0.5,accepted,97,0.9087198972702026,1.0,True
2,1,0.5,accepted,98,0.9157353043556213,1.0,True
2,1,0.5,accepted,99,0.9063138961791992,1.0,True
2,1,0.5,accepted,100,0.9199016690254211,1.0,True
2,1,0.5,accepted,101,0.9096633195877075,1.0,True
2,1,0.5,accepted,102,0.9224282503128052,1.0,True
2,1,0.5,accepted,103,0.9191159605979919,1.0,True
2,1,0.5,accepted,104,0.9095835089683533,1.0,True
2,1,0.5,accepted,105,0.9208250641822815,1.0,True
2,1,0.5,accepted,106,0.918450117111206,1.0,True
2,1,0.5,accepted,107,0.9103263020515442,1.0,True
2,1,0.5,accepted,108,0.917336642742157,1.0,True
2,1,0.5,accepted,109,0.9155886173248291,1.0,True
2,1,0.5,accepted,110,0.9175325632095337,1.0,True
2,1,0.5,accepted,111,0.9202315807342529,1.0,True
2,1,0.5,accepted,112,0.9225513935089111,1.0,True
2,1,0.5,accepted,113,0.9227414727210999,1.0,True
2,1,0.5,accepted,114,0.9198315143585205,1.0,True
2,1,0.5,accepted,115,0.9255017638206482,1.0,True
2,1,0.5,accepted,116,0.9203088879585266,1.0,True
2,1,0.5,accepted,117,0.9212150573730469,1.0,True
2,1,0.5,accepted,118,0.9239073395729065,1.0,True
2,1,0.5,accepted,119,0.9211377501487732,1.0,True
2,1,0.5,accepted,120,0.9201052188873291,1.0,True
2,1,0.5,accepted,121,0.924432635307312,1.0,True
2,1,0.5,accepted,122,0.9219814538955688,1.0,True
2,1,0.5,accepted,123,0.9251875877380371,1.0,True
2,1,0.5,accepted,124,0.924076497554779,1.0,True
2,1,0.5,accepted,125,0.9246689081192017,1.0,True
2,1,0.5,accepted,126,0.9238508939743042,1.0,True
2,1,0.5,accepted,127,0.9179631471633911,1.0,True
2,1,0.5,accepted,128,0.9222276210784912,1.0,True
2,1,0.5,accepted,129,0.9253040552139282,1.0,True
2,1,0.5,accepted,130,0.9254416823387146,1.0,True
2,1,0.5,accepted,131,0.9182328581809998,1.0,True
2,1,0.5,accepted,132,0.9188355207443237,1.0,True
2,1,0.5,accepted,133,0.9265862703323364,1.0,True
2,1,0.5,accepted,134,0.9247218370437622,1.0,True
2,1,0.5,accepted,135,0.9299076795578003,1.0,True
2,1,0.5,accepted,136,0.9326217770576477,1.0,True
2,1,0.5,accepted,137,0.9307025671005249,1.0,True
2,1,0.5,accepted,138,0.9309724569320679,1.0,True
2,1,0.5,accepted,139,0.9297657608985901,1.0,True
2,1,0.5,accepted,140,0.9273782968521118,1.0,True
2,1,0.5,accepted,141,0.92914879322052,1.0,True
2,1,0.5,accepted,142,0.9323016405105591,1.0,True
2,1,0.5,accepted,143,0.9301276206970215,1.0,True
2,1,0.5,accepted,144,0.9276897311210632,1.0,True
2,1,0.5,accepted,145,0.9318180680274963,1.0,True
2,1,0.5,accepted,146,0.9324296712875366,1.0,True
2,1,0.5,accepted,147,0.9344521760940552,1.0,True
2,1,0.5,accepted,148,0.9308375120162964,1.0,True
2,1,0.5,accepted,149,0.9322376251220703,1.0,True
2,1,0.5,accepted,150,0.932106077671051,1.0,True
2,1,0.5,accepted,151,0.9361861944198608,1.0,True
2,1,0.5,accepted,152,0.9371581077575684,1.0,True
2,1,0.5,accepted,153,0.9369435906410217,1.0,True
2,1,0.5,accepted,154,0.9336825013160706,1.0,True
2,1,0.5,accepted,155,0.9273712635040283,1.0,True
2,1,0.5,accepted,156,0.9331413507461548,1.0,True
2,1,0.5,accepted,157,0.9335756897926331,1.0,True
2,1,0.5,accepted,158,0.9347445368766785,1.0,True
2,1,0.5,accepted,159,0.9277321696281433,1.0,True
2,1,0.5,accepted,160,0.9357078075408936,1.0,True
2,1,0.5,accepted,161,0.9325434565544128,1.0,True
2,1,0.5,accepted,162,0.9318394064903259,1.0,True
2,1,0.5,accepted,163,0.9345235228538513,1.0,True
2,1,0.5,accepted,164,0.9384889602661133,1.0,True
2,1,0.5,accepted,165,0.9374584555625916,1.0,True
2,1,0.5,accepted,166,0.9382169842720032,1.0,True
2,1,0.5,accepted,167,0.9310505390167236,1.0,True
2,1,0.5,accepted,168,0.9309937953948975,1.0,True
2,1,0.5,accepted,169,0.9353830814361572,1.0,True
2,1,0.5,accepted,170,0.9415369033813477,1.0,True
2,1,0.5,accepted,171,0.9412999749183655,1.0,True
2,1,0.5,accepted,172,0.9379449486732483,1.0,True
2,1,0.5,accepted,173,0.9361469149589539,1.0,True
2,1,0.5,accepted,174,0.9383314847946167,1.0,True
2,1,0.5,accepted,175,0.9401372671127319,1.0,True
2,1,0.5,accepted,176,0.9415513277053833,1.0,True
2,1,0.5,accepted,177,0.9372975826263428,1.0,True
2,1,0.5,accepted,178,0.93900465965271,1.0,True
2,1,0.5,accepted,179,0.9417093396186829,1.0,True
2,1,0.5,accepted,180,0.9373011589050293,1.0,True
2,1,0.5,accepted,181,0.9379950165748596,1.0,True
2,1,0.5,accepted,182,0.9346554279327393,1.0,True
2,1,0.5,accepted,183,0.9434388279914856,1.0,True
2,1,0.5,accepted,184,0.9404923319816589,1.0,True
2,1,0.5,accepted,185,0.935258150100708,1.0,True
2,1,0.5,accepted,186,0.9372224807739258,1.0,True
2,1,0.5,accepted,187,0.9406250715255737,1.0,True
2,1,0.5,accepted,188,0.9412316679954529,1.0,True
2,1,0.5,accepted,189,0.9400224685668945,1.0,True
2,1,0.5,accepted,190,0.9419105648994446,1.0,True
2,1,0.5,accepted,191,0.9404385685920715,1.0,True
2,1,0.5,accepted,192,0.9320172071456909,1.0,True
2,1,0.5,accepted,193,0.942226767539978,1.0,True
2,1,0.5,accepted,194,0.9380164742469788,1.0,True
2,1,0.5,accepted,195,0.9449948668479919,1.0,True
2,1,0.5,accepted,196,0.9418423175811768,1.0,True
2,1,0.5,accepted,197,0.9472577571868896,1.0,True
2,1,0.5,accepted,198,0.9467881917953491,1.0,True
2,1,0.5,accepted,199,0.937522828578949,1.0,True
2,1,0.5,accepted,200,0.9387395977973938,1.0,True
2,1,0.5,accepted,201,0.941271185874939,1.0,True
2,1,0.5,accepted,202,0.9444471001625061,1.0,True
2,1,0.5,accepted,203,0.9424317479133606,1.0,True
2,1,0.5,accepted,204,0.9420326948165894,1.0,True
2,1,0.5,accepted,205,0.9411276578903198,1.0,True
2,1,0.5,accepted,206,0.939484715461731,1.0,True
2,1,0.5,accepted,207,0.9465281963348389,1.0,True
2,1,0.5,accepted,208,0.9426581859588623,1.0,True
2,1,0.5,accepted,209,0.9443498253822327,1.0,True
2,1,0.5,accepted,210,0.9378697872161865,1.0,True
2,1,0.5,accepted,211,0.9438961148262024,1.0,True
2,1,0.5,accepted,212,0.9444939494132996,1.0,True
2,1,0.5,accepted,213,0.9460841417312622,1.0,True
2,1,0.5,accepted,214,0.9438024163246155,1.0,True
2,1,0.5,accepted,215,0.9464668035507202,1.0,True
2,1,0.5,accepted,216,0.9424748420715332,1.0,True
2,1,0.5,accepted,217,0.944764256477356,1.0,True
2,1,0.5,accepted,218,0.9448831081390381,1.0,True
2,1,0.5,accepted,219,0.9395492076873779,1.0,True
2,1,0.5,accepted,220,0.9440616965293884,1.0,True
2,1,0.5,accepted,221,0.947102427482605,1.0,True
2,1,0.5,accepted,222,0.9435504674911499,1.0,True
2,1,0.5,accepted,223,0.9411778450012207,1.0,True
2,1,0.5,accepted,224,0.9416806101799011,1.0,True
2,1,0.5,accepted,225,0.9427876472473145,1.0,True
2,1,0.5,accepted,226,0.9425108432769775,1.0,True
2,1,0.5,accepted,227,0.9441913366317749,1.0,True
2,1,0.5,accepted,228,0.9384459853172302,1.0,True
2,1,0.5,accepted,229,0.9414507150650024,1.0,True
2,1,0.5,accepted,230,0.9445875883102417,1.0,True
2,1,0.5,accepted,231,0.9475252628326416,1.0,True
2,1,0.5,accepted,232,0.9461022019386292,1.0,True
2,1,0.5,accepted,233,0.9420758485794067,1.0,True
2,1,0.5,accepted,234,0.9469001293182373,1.0,True
2,1,0.5,accepted,235,0.947084367275238,1.0,True
2,1,0.5,accepted,236,0.9499428272247314,1.0,True
2,1,0.5,accepted,237,0.9491314888000488,1.0,True
2,1,0.5,accepted,238,0.9488056898117065,1.0,True
2,1,0.5,accepted,239,0.9506968259811401,1.0,True
2,1,0.5,accepted,240,0.9482520222663879,1.0,True
2,1,0.5,accepted,241,0.946889340877533,1.0,True
2,1,0.5,accepted,242,0.9484655261039734,1.0,True
2,1,0.5,accepted,243,0.9457738399505615,1.0,True
2,1,0.5,accepted,244,0.9497326612472534,1.0,True
2,1,0.5,accepted,245,0.9491676688194275,1.0,True
2,1,0.5,accepted,246,0.9508565068244934,1.0,True
2,1,0.5,accepted,247,0.9535226225852966,1.0,True
2,1,0.5,accepted,248,0.9521632194519043,1.0,True
2,1,0.5,accepted,249,0.9490228891372681,1.0,True
2,1,0.5,accepted,250,0.9509652853012085,1.0,True
2,1,0.5,accepted,251,0.9528825879096985,1.0,True
2,1,0.5,accepted,252,0.9463620781898499,1.0,True
2,1,0.5,accepted,253,0.9497725367546082,1.0,True
2,1,0.5,accepted,254,0.9490011930465698,1.0,True
2,1,0.5,accepted,255,0.9516838788986206,1.0,True
2,1,0.5,accepted,256,0.9573422074317932,1.0,True
2,1,0.5,accepted,257,0.9465281963348389,1.0,True
2,1,0.5,accepted,258,0.9504720568656921,1.0,True
2,1,0.5,accepted,259,0.9450849890708923,1.0,True
2,1,0.5,accepted,260,0.9491024613380432,1.0,True
2,1,0.5,accepted,261,0.9470916390419006,1.0,True
2,1,0.5,accepted,262,0.9546800255775452,1.0,True
2,1,0.5,accepted,263,0.9510306119918823,1.0,True
2,1,0.5,accepted,264,0.9492039084434509,1.0,True
2,1,0.5,accepted,265,0.9530534744262695,1.0,True
2,1,0.5,accepted,266,0.9513716697692871,1.0,True
2,1,0.5,accepted,267,0.9528208374977112,1.0,True
2,1,0.5,accepted,268,0.9574407935142517,1.0,True
2,1,0.5,accepted,269,0.9537809491157532,1.0,True
2,1,0.5,accepted,270,0.9533989429473877,1.0,True
2,1,0.5,accepted,271,0.9538245797157288,1.0,True
2,1,0.5,accepted,272,0.9557913541793823,1.0,True
2,1,0.5,accepted,273,0.951814591884613,1.0,True
2,1,0.5,accepted,274,0.9492726922035217,1.0,True
2,1,0.5,accepted,275,0.9492871761322021,1.0,True
2,1,0.5,accepted,276,0.9526572823524475,1.0,True
2,1,0.5,accepted,277,0.9526718258857727,1.0,True
2,1,0.5,accepted,278,0.9545780420303345,1.0,True
2,1,0.5,accepted,279,0.9553503394126892,1.0,True
2,1,0.5,accepted,280,0.9505808353424072,1.0,True
2,1,0.5,accepted,281,0.9533770680427551,1.0,True
2,1,0.5,accepted,282,0.9582557082176208,1.0,True
2,1,0.5,accepted,283,0.9545124769210815,1.0,True
2,1,0.5,accepted,284,0.9574298858642578,1.0,True
2,1,0.5,accepted,285,0.9535262584686279,1.0,True
2,1,0.5,accepted,286,0.9538645148277283,1.0,True
2,1,0.5,accepted,287,0.9568201303482056,1.0,True
2,1,0.5,accepted,288,0.9579120874404907,1.0,True
2,1,0.5,accepted,289,0.9479880332946777,1.0,True
2,1,0.5,accepted,290,0.9457125067710876,1.0,True
2,1,0.5,accepted,291,0.9534680247306824,1.0,True
2,1,0.5,accepted,292,0.9564515352249146,1.0,True
2,1,0.5,accepted,293,0.9535226225852966,1.0,True
2,1,0.5,accepted,294,0.949595034122467,1.0,True
2,1,0.5,accepted,295,0.950983464717865,1.0,True
2,1,0.5,accepted,296,0.9568018317222595,1.0,True
2,1,0.5,accepted,297,0.9526936411857605,1.0,True
2,1,0.5,accepted,298,0.9568164944648743,1.0,True
2,1,0.5,accepted,299,0.9487912058830261,1.0,True
2,1,0.5,accepted,300,0.9505844116210938,1.0,True
2,1,0.5,accepted,301,0.9549859762191772,1.0,True
2,1,0.5,accepted,302,0.9558752775192261,1.0,True
2,1,0.5,accepted,303,0.9557257294654846,1.0,True
2,1,0.5,accepted,304,0.9559555053710938,1.0,True
2,1,0.5,accepted,305,0.9520905017852783,1.0,True
2,1,0.5,accepted,306,0.9534934759140015,1.0,True
2,1,0.5,accepted,307,0.9577732682228088,1.0,True
2,1,0.5,accepted,308,0.9574736952781677,1.0,True
2,1,0.5,accepted,309,0.9519416093826294,1.0,True
2,1,0.5,accepted,310,0.9551244378089905,1.0,True
2,1,0.5,accepted,311,0.9517854452133179,1.0,True
2,1,0.5,accepted,312,0.9587895274162292,1.0,True
2,1,0.5,accepted,313,0.9573860764503479,1.0,True
2,1,0.5,accepted,314,0.9598141312599182,1.0,True
2,1,0.5,accepted,315,0.9565975069999695,1.0,True
2,1,0.5,accepted,316,0.9557949900627136,1.0,True
2,1,0.5,accepted,317,0.9549786448478699,1.0,True
2,1,0.5,accepted,318,0.9561086893081665,1.0,True
2,1,0.5,accepted,319,0.9551681280136108,1.0,True
2,1,0.5,accepted,320,0.9544214606285095,1.0,True
2,1,0.5,accepted,321,0.9532607793807983,1.0,True
2,1,0.5,accepted,322,0.9594956636428833,1.0,True
2,1,0.5,accepted,323,0.9552993178367615,1.0,True
2,1,0.5,accepted,324,0.9499428272247314,1.0,True
2,1,0.5,accepted,325,0.953951895236969,1.0,True
2,1,0.5,accepted,326,0.9588992595672607,1.0,True
2,1,0.5,accepted,327,0.9538863897323608,1.0,True
2,1,0.5,accepted,328,0.9555070400238037,1.0,True
2,1,0.5,accepted,329,0.9554523825645447,1.0,True
2,1,0.5,accepted,330,0.9584165215492249,1.0,True
2,1,0.5,accepted,331,0.9562326669692993,1.0,True
2,1,0.5,accepted,332,0.9583799242973328,1.0,True
2,1,0.5,accepted,333,0.9586066007614136,1.0,True
2,1,0.5,accepted,334,0.9594846367835999,1.0,True
2,1,0.5,accepted,335,0.9583287835121155,1.0,True
2,1,0.5,accepted,336,0.9574554562568665,1.0,True
2,1,0.5,accepted,337,0.9598800539970398,1.0,True
2,1,0.5,accepted,338,0.9595615267753601,1.0,True
2,1,0.5,accepted,339,0.9574590921401978,1.0,True
2,1,0.5,accepted,340,0.9587565660476685,1.0,True
2,1,0.5,accepted,341,0.9552774429321289,1.0,True
2,1,0.5,accepted,342,0.9601584076881409,1.0,True
2,1,0.5,accepted,343,0.9597738981246948,1.0,True
2,1,0.5,accepted,344,0.9571815729141235,1.0,True
2,1,0.5,accepted,345,0.9582483172416687,1.0,True
2,1,0.5,accepted,346,0.9600192308425903,1.0,True
2,1,0.5,accepted,347,0.9568675756454468,1.0,True
2,1,0.5,accepted,348,0.9608545899391174,1.0,True
2,1,0.5,accepted,349,0.9574664235115051,1.0,True
2,1,0.5,accepted,350,0.9630930423736572,1.0,True
2,1,0.5,accepted,351,0.9554961323738098,1.0,True
2,1,0.5,accepted,352,0.9554159045219421,1.0,True
2,1,0.5,accepted,353,0.9565756320953369,1.0,True
2,1,0.5,accepted,354,0.9584457278251648,1.0,True
2,1,0.5,accepted,355,0.9534971714019775,1.0,True
2,1,0.5,accepted,356,0.9596677422523499,1.0,True
2,1,0.5,accepted,357,0.960121750831604,1.0,True
2,1,0.5,accepted,358,0.9566997289657593,1.0,True
2,1,0.5,accepted,359,0.959473729133606,1.0,True
2,1,0.5,accepted,360,0.9604294300079346,1.0,True
2,1,0.5,accepted,361,0.9624576568603516,1.0,True
2,1,0.5,accepted,362,0.9608911871910095,1.0,True
2,1,0.5,accepted,363,0.960576057434082,1.0,True
2,1,0.5,accepted,364,0.9613971710205078,1.0,True
2,1,0.5,accepted,365,0.9607592225074768,1.0,True
2,1,0.5,accepted,366,0.956400454044342,1.0,True
2,1,0.5,accepted,367,0.9563348293304443,1.0,True
2,1,0.5,accepted,368,0.9618080258369446,1.0,True
2,1,0.5,accepted,369,0.9569041132926941,1.0,True
2,1,0.5,accepted,370,0.9595285654067993,1.0,True
2,1,0.5,accepted,371,0.9590235948562622,1.0,True
2,1,0.5,accepted,372,0.9608911871910095,1.0,True
2,1,0.5,accepted,373,0.9618446826934814,1.0,True
2,1,0.5,accepted,374,0.9630268812179565,1.0,True
2,1,0.5,accepted,375,0.9625678062438965,1.0,True
2,1,0.5,accepted,376,0.960195004940033,1.0,True
2,1,0.5,accepted,377,0.9620062112808228,1.0,True
2,1,0.5,accepted,378,0.9609498381614685,1.0,True
2,1,0.5,accepted,379,0.9603525400161743,1.0,True
2,1,0.5,accepted,380,0.9579706192016602,1.0,True
2,1,0.5,accepted,381,0.9606199860572815,1.0,True
2,1,0.5,accepted,382,0.960198700428009,1.0,True
2,1,0.5,accepted,383,0.9612724781036377,1.0,True
2,1,0.5,accepted,384,0.9617052674293518,1.0,True
2,1,0.5,accepted,385,0.962424635887146,1.0,True
2,1,0.5,accepted,386,0.9599753022193909,1.0,True
2,1,0.5,accepted,387,0.962395191192627,1.0,True
2,1,0.5,accepted,388,0.9622997641563416,1.0,True
2,1,0.5,accepted,389,0.9627551436424255,1.0,True
2,1,0.5,accepted,390,0.9627367258071899,1.0,True
2,1,0.5,accepted,391,0.964497447013855,1.0,True
2,1,0.5,accepted,392,0.9637398719787598,1.0,True
2,1,0.5,accepted,393,0.9624870419502258,1.0,True
2,1,0.5,accepted,394,0.9593163728713989,1.0,True
2,1,0.5,accepted,395,0.959828794002533,1.0,True
2,1,0.5,accepted,396,0.9613054990768433,1.0,True
2,1,0.5,accepted,397,0.9632400274276733,1.0,True
2,1,0.5,accepted,398,0.9661508798599243,1.0,True
2,1,0.5,accepted,399,0.9643356204032898,1.0,True
2,1,0.5,accepted,400,0.966014564037323,1.0,True
2,1,0.5,accepted,401,0.9621713161468506,1.0,True
2,1,0.5,accepted,402,0.9627991914749146,1.0,True
2,1,0.5,accepted,403,0.9619547724723816,1.0,True
2,1,0.5,accepted,404,0.965480387210846,1.0,True
2,1,0.5,accepted,405,0.9642400145530701,1.0,True
2,1,0.5,accepted,406,0.9653587937355042,1.0,True
2,1,0.5,accepted,407,0.9620318412780762,1.0,True
2,1,0.5,accepted,408,0.9645232558250427,1.0,True
2,1,0.5,accepted,409,0.9669584035873413,1.0,True
2,1,0.5,accepted,410,0.9599276185035706,1.0,True
2,1,0.5,accepted,411,0.9610158801078796,1.0,True
2,1,0.5,accepted,412,0.964445948600769,1.0,True
2,1,0.5,accepted,413,0.9639972448348999,1.0,True
2,1,0.5,accepted,414,0.9663093686103821,1.0,True
2,1,0.5,accepted,415,0.9650421738624573,1.0,True
2,1,0.5,accepted,416,0.9650090932846069,1.0,True
2,1,0.5,accepted,417,0.9645711183547974,1.0,True
2,1,0.5,accepted,418,0.9630048871040344,1.0,True
2,1,0.5,accepted,419,0.9622557163238525,1.0,True
2,1,0.5,accepted,420,0.9651894569396973,1.0,True
2,1,0.5,accepted,421,0.9624539613723755,1.0,True
2,1,0.5,accepted,422,0.9628358483314514,1.0,True
2,1,0.5,accepted,423,0.9627367258071899,1.0,True
2,1,0.5,accepted,424,0.9645563364028931,1.0,True
2,1,0.5,accepted,425,0.9641075730323792,1.0,True
2,1,0.5,accepted,426,0.9657050371170044,1.0,True
2,1,0.5,accepted,427,0.9635046124458313,1.0,True
2,1,0.5,accepted,428,0.9636222124099731,1.0,True
2,1,0.5,accepted,429,0.9649980068206787,1.0,True
2,1,0.5,accepted,430,0.9641369581222534,1.0,True
2,1,0.5,accepted,431,0.9675930142402649,1.0,True
2,1,0.5,accepted,432,0.9652851819992065,1.0,True
2,1,0.5,accepted,433,0.9656608700752258,1.0,True
2,1,0.5,accepted,434,0.9632326364517212,1.0,True
2,1,0.5,accepted,435,0.9612944722175598,1.0,True
2,1,0.5,accepted,436,0.9585261940956116,1.0,True
2,1,0.5,accepted,437,0.9594334363937378,1.0,True
2,1,0.5,accepted,438,0.9632951021194458,1.0,True
2,1,0.5,accepted,439,0.9650421738624573,1.0,True
2,1,0.5,accepted,440,0.9625347852706909,1.0,True
2,1,0.5,accepted,441,0.9621015787124634,1.0,True
2,1,0.5,accepted,442,0.9629240036010742,1.0,True
2,1,0.5,accepted,443,0.9581204056739807,1.0,True
2,1,0.5,accepted,444,0.961199164390564,1.0,True
2,1,0.5,accepted,445,0.9662283062934875,1.0,True
2,1,0.5,accepted,446,0.9665380120277405,1.0,True
2,1,0.5,accepted,447,0.9614264965057373,1.0,True
2,1,0.5,accepted,448,0.9648802280426025,1.0,True
2,1,0.5,accepted,449,0.9615879058837891,1.0,True
2,1,0.5,accepted,450,0.9574956297874451,1.0,True
2,1,0.5,accepted,451,0.9676815867424011,1.0,True
2,1,0.5,accepted,452,0.9677406549453735,1.0,True
2,1,0.5,accepted,453,0.9621749520301819,1.0,True
2,1,0.5,accepted,454,0.9611478447914124,1.0,True
2,1,0.5,accepted,455,0.9623070955276489,1.0,True
2,1,0.5,accepted,456,0.964129626750946,1.0,True
2,1,0.5,accepted,457,0.9635854363441467,1.0,True
2,1,0.5,accepted,458,0.965881884098053,1.0,True
2,1,0.5,accepted,459,0.9628799557685852,1.0,True
2,1,0.5,accepted,460,0.9609278440475464,1.0,True
2,1,0.5,accepted,461,0.9652115702629089,1.0,True
2,1,0.5,accepted,462,0.9677295684814453,1.0,True
2,1,0.5,accepted,463,0.9668182134628296,1.0,True
2,1,0.5,accepted,464,0.9655061364173889,1.0,True
2,1,0.5,accepted,465,0.967969536781311,1.0,True
2,1,0.5,accepted,466,0.9622630476951599,1.0,True
2,1,0.5,accepted,467,0.9607226252555847,1.0,True
2,1,0.5,accepted,468,0.9677443504333496,1.0,True
2,1,0.5,accepted,469,0.9662651419639587,1.0,True
2,1,0.5,accepted,470,0.9630048871040344,1.0,True
2,1,0.5,accepted,471,0.9618630409240723,1.0,True
2,1,0.5,accepted,472,0.9661766886711121,1.0,True
2,1,0.5,accepted,473,0.9654250741004944,1.0,True
2,1,0.5,accepted,474,0.9624319672584534,1.0,True
2,1,0.5,accepted,475,0.9632362723350525,1.0,True
2,1,0.5,accepted,476,0.9665747880935669,1.0,True
2,1,0.5,accepted,477,0.9673383831977844,1.0,True
2,1,0.5,accepted,478,0.9665526747703552,1.0,True
2,1,0.5,accepted,479,0.9676742553710938,1.0,True
2,1,0.5,accepted,480,0.9656350612640381,1.0,True
2,1,0.5,accepted,481,0.9670543074607849,1.0,True
2,1,0.5,accepted,482,0.9673346281051636,1.0,True
2,1,0.5,accepted,483,0.9655134677886963,1.0,True
2,1,0.5,accepted,484,0.964262068271637,1.0,True
2,1,0.5,accepted,485,0.9640156626701355,1.0,True
2,1,0.5,accepted,486,0.9681911468505859,1.0,True
2,1,0.5,accepted,487,0.9624356031417847,1.0,True
2,1,0.5,accepted,488,0.9623879194259644,1.0,True
2,1,0.5,accepted,489,0.9664420485496521,1.0,True
2,1,0.5,accepted,490,0.9640964865684509,1.0,True
2,1,0.5,accepted,491,0.9667665958404541,1.0,True
2,1,0.5,accepted,492,0.9643797278404236,1.0,True
2,1,0.5,accepted,493,0.9686639904975891,1.0,True
2,1,0.5,accepted,494,0.9685014486312866,1.0,True
2,1,0.5,accepted,495,0.9663277864456177,1.0,True
2,1,0.5,accepted,496,0.965388298034668,1.0,True
2,1,0.5,accepted,497,0.9666264653205872,1.0,True
2,1,0.5,accepted,498,0.9642583727836609,1.0,True
2,1,0.5,accepted,499,0.9628799557685852,1.0,True
2,1,0.5,accepted,500,0.9682576656341553,1.0,True
3,1,0.949999988079071,accepted,1,0.48268377780914307,1.0,True
3,1,0.949999988079071,accepted,2,0.49314355850219727,1.0,True
3,1,0.949999988079071,accepted,3,0.49989771842956543,1.0,True
3,1,0.949999988079071,accepted,4,0.5256779789924622,1.0,True
3,1,0.949999988079071,accepted,5,0.5465518832206726,1.0,True
3,1,0.949999988079071,accepted,6,0.5699610710144043,1.0,True
3,1,0.949999988079071,accepted,7,0.6044841408729553,1.0,True
3,1,0.949999988079071,accepted,8,0.6423957943916321,1.0,True
3,1,0.949999988079071,accepted,9,0.6641138195991516,1.0,True
3,1,0.949999988079071,accepted,10,0.6997389197349548,1.0,True
3,1,0.949999988079071,accepted,11,0.7312305569648743,1.0,True
3,1,0.949999988079071,accepted,12,0.7336950302124023,1.0,True
3,1,0.949999988079071,accepted,13,0.7270417809486389,1.0,True
3,1,0.949999988079071,accepted,14,0.7590148448944092,1.0,True
3,1,0.949999988079071,accepted,15,0.7393929958343506,1.0,True
3,1,0.949999988079071,accepted,16,0.7463015913963318,1.0,True
3,1,0.949999988079071,accepted,17,0.7732295989990234,1.0,True
3,1,0.949999988079071,accepted,18,0.7636092901229858,1.0,True
3,1,0.949999988079071,accepted,19,0.8087812066078186,1.0,True
3,1,0.949999988079071,accepted,20,0.8058124780654907,1.0,True
3,1,0.949999988079071,accepted,21,0.8263327479362488,1.0,True
3,1,0.949999988079071,accepted,22,0.8095034956932068,1.0,True
3,1,0.949999988079071,accepted,23,0.8343654870986938,1.0,True
3,1,0.949999988079071,accepted,24,0.8172230124473572,1.0,True
3,1,0.949999988079071,accepted,25,0.8401721119880676,1.0,True
3,1,0.949999988079071,accepted,26,0.8261120915412903,1.0,True
3,1,0.949999988079071,accepted,27,0.8479253053665161,1.0,True
3,1,0.949999988079071,accepted,28,0.8427593111991882,1.0,True
3,1,0.949999988079071,accepted,29,0.8722288012504578,1.0,True
3,1,0.949999988079071,accepted,30,0.8479641079902649,1.0,True
3,1,0.949999988079071,accepted,31,0.8802241086959839,1.0,True
3,1,0.949999988079071,accepted,32,0.8576062917709351,1.0,True
3,1,0.949999988079071,accepted,33,0.8705999851226807,1.0,True
3,1,0.949999988079071,accepted,34,0.8569587469100952,1.0,True
3,1,0.949999988079071,accepted,35,0.8634427189826965,1.0,True
3,1,0.949999988079071,accepted,36,0.8762841820716858,1.0,True
3,1,0.949999988079071,accepted,37,0.8779638409614563,1.0,True
3,1,0.949999988079071,accepted,38,0.8814808130264282,1.0,True
3,1,0.949999988079071,accepted,39,0.8826046586036682,1.0,True
3,1,0.949999988079071,accepted,40,0.8860523104667664,1.0,True
3,1,0.949999988079071,accepted,41,0.8928927183151245,1.0,True
3,1,0.949999988079071,accepted,42,0.8840130567550659,1.0,True
3,1,0.949999988079071,accepted,43,0.8918306231498718,1.0,True
3,1,0.949999988079071,accepted,44,0.8938810229301453,1.0,True
3,1,0.949999988079071,accepted,45,0.8962643146514893,1.0,True
3,1,0.949999988079071,accepted,46,0.9037349820137024,1.0,True
3,1,0.949999988079071,accepted,47,0.8960044384002686,1.0,True
3,1,0.949999988079071,accepted,48,0.9004932641983032,1.0,True
3,1,0.949999988079071,accepted,49,0.9111427068710327,1.0,True
3,1,0.949999988079071,accepted,50,0.9018683433532715,1.0,True
3,1,0.949999988079071,accepted,51,0.9071474671363831,1.0,True
3,1,0.949999988079071,accepted,52,0.903535008430481,1.0,True
3,1,0.949999988079071,accepted,53,0.911413848400116,1.0,True
3,1,0.949999988079071,accepted,54,0.910079836845398,1.0,True
3,1,0.949999988079071,accepted,55,0.9083594679832458,1.0,True
3,1,0.949999988079071,accepted,56,0.9165600538253784,1.0,True
3,1,0.949999988079071,accepted,57,0.9175955653190613,1.0,True
3,1,0.949999988079071,accepted,58,0.9142065644264221,1.0,True
3,1,0.949999988079071,accepted,59,0.916685938835144,1.0,True
3,1,0.949999988079071,accepted,60,0.9124018549919128,1.0,True
3,1,0.949999988079071,accepted,61,0.9150159358978271,1.0,True
3,1,0.949999988079071,accepted,62,0.9158400893211365,1.0,True
3,1,0.949999988079071,accepted,63,0.9142134785652161,1.0,True
3,1,0.949999988079071,accepted,64,0.9132584929466248,1.0,True
3,1,0.949999988079071,accepted,65,0.9165040850639343,1.0,True
3,1,0.949999988079071,accepted,66,0.9197964072227478,1.0,True
3,1,0.949999988079071,accepted,67,0.9219251871109009,1.0,True
3,1,0.949999988079071,accepted,68,0.9262751936912537,1.0,True
3,1,0.949999988079071,accepted,69,0.9214048385620117,1.0,True
3,1,0.949999988079071,accepted,70,0.9217493534088135,1.0,True
3,1,0.949999988079071,accepted,71,0.9215595126152039,1.0,True
3,1,0.949999988079071,accepted,72,0.9198245406150818,1.0,True
3,1,0.949999988079071,accepted,73,0.9198525547981262,1.0,True
3,1,0.949999988079071,accepted,74,0.9223120808601379,1.0,True
3,1,0.949999988079071,accepted,75,0.9257948398590088,1.0,True
3,1,0.949999988079071,accepted,76,0.928277313709259,1.0,True
3,1,0.949999988079071,accepted,77,0.9207583069801331,1.0,True
3,1,0.949999988079071,accepted,78,0.9222065210342407,1.0,True
3,1,0.949999988079071,accepted,79,0.9250887036323547,1.0,True
3,1,0.949999988079071,accepted,80,0.9313205480575562,1.0,True
3,1,0.949999988079071,accepted,81,0.9299076795578003,1.0,True
3,1,0.949999988079071,accepted,82,0.9342383146286011,1.0,True
3,1,0.949999988079071,accepted,83,0.9288370013237,1.0,True
3,1,0.949999988079071,accepted,84,0.9339603781700134,1.0,True
3,1,0.949999988079071,accepted,85,0.9245948195457458,1.0,True
3,1,0.949999988079071,accepted,86,0.9267629981040955,1.0,True
3,1,0.949999988079071,accepted,87,0.9289433360099792,1.0,True
3,1,0.949999988079071,accepted,88,0.9342098236083984,1.0,True
3,1,0.949999988079071,accepted,89,0.9343523979187012,1.0,True
3,1,0.949999988079071,accepted,90,0.9327641129493713,1.0,True
3,1,0.949999988079071,accepted,91,0.9253851771354675,1.0,True
3,1,0.949999988079071,accepted,92,0.9236148595809937,1.0,True
3,1,0.949999988079071,accepted,93,0.9341171979904175,1.0,True
3,1,0.949999988079071,accepted,94,0.9330772757530212,1.0,True
3,1,0.949999988079071,accepted,95,0.9364791512489319,1.0,True
3,1,0.949999988079071,accepted,96,0.9296665191650391,1.0,True
3,1,0.949999988079071,accepted,97,0.9335471987724304,1.0,True
3,1,0.949999988079071,accepted,98,0.9349585175514221,1.0,True
3,1,0.949999988079071,accepted,99,0.9370365738868713,1.0,True
3,1,0.949999988079071,accepted,100,0.9330915212631226,1.0,True
3,1,0.949999988079071,accepted,101,0.9338393211364746,1.0,True
3,1,0.949999988079071,accepted,102,0.9356864094734192,1.0,True
3,1,0.949999988079071,accepted,103,0.9343452453613281,1.0,True
3,1,0.949999988079071,accepted,104,0.9347302913665771,1.0,True
3,1,0.949999988079071,accepted,105,0.9334617257118225,1.0,True
3,1,0.949999988079071,accepted,106,0.9328779578208923,1.0,True
3,1,0.949999988079071,accepted,107,0.9348158240318298,1.0,True
3,1,0.949999988079071,accepted,108,0.929659366607666,1.0,True
3,1,0.949999988079071,accepted,109,0.935871958732605,1.0,True
3,1,0.949999988079071,accepted,110,0.9388183355331421,1.0,True
3,1,0.949999988079071,accepted,111,0.9312424063682556,1.0,True
3,1,0.949999988079071,accepted,112,0.9377875924110413,1.0,True
3,1,0.949999988079071,accepted,113,0.9355008006095886,1.0,True
3,1,0.949999988079071,accepted,114,0.9351796507835388,1.0,True
3,1,0.949999988079071,accepted,115,0.9328495264053345,1.0,True
3,1,0.949999988079071,accepted,116,0.9377661347389221,1.0,True
3,1,0.949999988079071,accepted,117,0.938983142375946,1.0,True
3,1,0.949999988079071,accepted,118,0.9309866428375244,1.0,True
3,1,0.949999988079071,accepted,119,0.9296452403068542,1.0,True
3,1,0.949999988079071,accepted,120,0.9341029524803162,1.0,True
3,1,0.949999988079071,accepted,121,0.9325434565544128,1.0,True
3,1,0.949999988079071,accepted,122,0.932913601398468,1.0,True
3,1,0.949999988079071,accepted,123,0.9351654648780823,1.0,True
3,1,0.949999988079071,accepted,124,0.9393629431724548,1.0,True
3,1,0.949999988079071,accepted,125,0.9376230239868164,1.0,True
3,1,0.949999988079071,accepted,126,0.9410629868507385,1.0,True
3,1,0.949999988079071,accepted,127,0.941867470741272,1.0,True
3,1,0.949999988079071,accepted,128,0.932913601398468,1.0,True
3,1,0.949999988079071,accepted,129,0.9365005493164062,1.0,True
3,1,0.949999988079071,accepted,130,0.9382956624031067,1.0,True
3,1,0.949999988079071,accepted,131,0.9404457211494446,1.0,True
3,1,0.949999988079071,accepted,132,0.9413502216339111,1.0,True
3,1,0.949999988079071,accepted,133,0.9365648627281189,1.0,True
3,1,0.949999988079071,accepted,134,0.942039966583252,1.0,True
3,1,0.949999988079071,accepted,135,0.9352510571479797,1.0,True
3,1,0.949999988079071,accepted,136,0.9334474802017212,1.0,True
3,1,0.949999988079071,accepted,137,0.942794919013977,1.0,True
3,1,0.949999988079071,accepted,138,0.9376301169395447,1.0,True
3,1,0.949999988079071,accepted,139,0.9383887648582458,1.0,True
3,1,0.949999988079071,accepted,140,0.941457986831665,1.0,True
3,1,0.949999988079071,accepted,141,0.942737340927124,1.0,True
3,1,0.949999988079071,accepted,142,0.9396209716796875,1.0,True
3,1,0.949999988079071,accepted,143,0.9426581859588623,1.0,True
3,1,0.949999988079071,accepted,144,0.9400009512901306,1.0,True
3,1,0.949999988079071,accepted,145,0.9447389245033264,1.0,True
3,1,0.949999988079071,accepted,146,0.942047119140625,1.0,True
3,1,0.949999988079071,accepted,147,0.9413933157920837,1.0,True
3,1,0.949999988079071,accepted,148,0.9401659369468689,1.0,True
3,1,0.949999988079071,accepted,149,0.9407973289489746,1.0,True
3,1,0.949999988079071,accepted,150,0.9419033527374268,1.0,True
3,1,0.949999988079071,accepted,151,0.9441337585449219,1.0,True
3,1,0.949999988079071,accepted,152,0.9442561864852905,1.0,True
3,1,0.949999988079071,accepted,153,0.9446669220924377,1.0,True
3,1,0.949999988079071,accepted,154,0.9387539029121399,1.0,True
3,1,0.949999988079071,accepted,155,0.9404242038726807,1.0,True
3,1,0.949999988079071,accepted,156,0.9420758485794067,1.0,True
3,1,0.949999988079071,accepted,157,0.9378376603126526,1.0,True
3,1,0.949999988079071,accepted,158,0.9442561864852905,1.0,True
3,1,0.949999988079071,accepted,159,0.9431186318397522,1.0,True
3,1,0.949999988079071,accepted,160,0.9438744783401489,1.0,True
3,1,0.949999988079071,accepted,161,0.9376086592674255,1.0,True
3,1,0.949999988079071,accepted,162,0.9414722919464111,1.0,True
3,1,0.949999988079071,accepted,163,0.942284345626831,1.0,True
3,1,0.949999988079071,accepted,164,0.9445659518241882,1.0,True
3,1,0.949999988079071,accepted,165,0.943824052810669,1.0,True
3,1,0.949999988079071,accepted,166,0.9433777332305908,1.0,True
3,1,0.949999988079071,accepted,167,0.9439968466758728,1.0,True
3,1,0.949999988079071,accepted,168,0.9451931715011597,1.0,True
3,1,0.949999988079071,accepted,169,0.9441337585449219,1.0,True
3,1,0.949999988079071,accepted,170,0.9434136748313904,1.0,True
3,1,0.949999988079071,accepted,171,0.9470121264457703,1.0,True
3,1,0.949999988079071,accepted,172,0.9415153861045837,1.0,True
3,1,0.949999988079071,accepted,173,0.9390332698822021,1.0,True
3,1,0.949999988079071,accepted,174,0.9443498253822327,1.0,True
3,1,0.949999988079071,accepted,175,0.9474962949752808,1.0,True
3,1,0.949999988079071,accepted,176,0.9434136748313904,1.0,True
3,1,0.949999988079071,accepted,177,0.9438529014587402,1.0,True
3,1,0.949999988079071,accepted,178,0.9475975632667542,1.0,True
3,1,0.949999988079071,accepted,179,0.9436368942260742,1.0,True
3,1,0.949999988079071,accepted,180,0.9431689977645874,1.0,True
3,1,0.949999988079071,accepted,181,0.9412137866020203,1.0,True
3,1,0.949999988079071,accepted,182,0.9445083737373352,1.0,True
3,1,0.949999988079071,accepted,183,0.9476264715194702,1.0,True
3,1,0.949999988079071,accepted,184,0.9454817175865173,1.0,True
3,1,0.949999988079071,accepted,185,0.9460588693618774,1.0,True
3,1,0.949999988079071,accepted,186,0.9480603337287903,1.0,True
3,1,0.949999988079071,accepted,187,0.9461094737052917,1.0,True
3,1,0.949999988079071,accepted,188,0.9471710324287415,1.0,True
3,1,0.949999988079071,accepted,189,0.9478723406791687,1.0,True
3,1,0.949999988079071,accepted,190,0.9404959082603455,1.0,True
3,1,0.949999988079071,accepted,191,0.9423850178718567,1.0,True
3,1,0.949999988079071,accepted,192,0.9448254704475403,1.0,True
3,1,0.949999988079071,accepted,193,0.9432049989700317,1.0,True
3,1,0.949999988079071,accepted,194,0.9444435238838196,1.0,True
3,1,0.949999988079071,accepted,195,0.9415153861045837,1.0,True
3,1,0.949999988079071,accepted,196,0.9480531215667725,1.0,True
3,1,0.949999988079071,accepted,197,0.9459795355796814,1.0,True
3,1,0.949999988079071,accepted,198,0.942672610282898,1.0,True
3,1,0.949999988079071,accepted,199,0.9467231631278992,1.0,True
3,1,0.949999988079071,accepted,200,0.9473084211349487,1.0,True
3,1,0.949999988079071,accepted,201,0.9445227384567261,1.0,True
3,1,0.949999988079071,accepted,202,0.9447821974754333,1.0,True
3,1,0.949999988079071,accepted,203,0.947424054145813,1.0,True
3,1,0.949999988079071,accepted,204,0.9415082335472107,1.0,True
3,1,0.949999988079071,accepted,205,0.9471855163574219,1.0,True
3,1,0.949999988079071,accepted,206,0.9487115144729614,1.0,True
3,1,0.949999988079071,accepted,207,0.9484509825706482,1.0,True
3,1,0.949999988079071,accepted,208,0.9447534084320068,1.0,True
3,1,0.949999988079071,accepted,209,0.9493487477302551,1.0,True
3,1,0.949999988079071,accepted,210,0.9505518674850464,1.0,True
3,1,0.949999988079071,accepted,211,0.9467160105705261,1.0,True
3,1,0.949999988079071,accepted,212,0.9485740661621094,1.0,True
3,1,0.949999988079071,accepted,213,0.9502255320549011,1.0,True
3,1,0.949999988079071,accepted,214,0.9491459131240845,1.0,True
3,1,0.949999988079071,accepted,215,0.9465137124061584,1.0,True
3,1,0.949999988079071,accepted,216,0.9497326612472534,1.0,True
3,1,0.949999988079071,accepted,217,0.9475469589233398,1.0,True
3,1,0.949999988079071,accepted,218,0.9477276802062988,1.0,True
3,1,0.949999988079071,accepted,219,0.9497689008712769,1.0,True
3,1,0.949999988079071,accepted,220,0.9478216767311096,1.0,True
3,1,0.949999988079071,accepted,221,0.9488852620124817,1.0,True
3,1,0.949999988079071,accepted,222,0.9502690434455872,1.0,True
3,1,0.949999988079071,accepted,223,0.9516329765319824,1.0,True
3,1,0.949999988079071,accepted,224,0.9485885500907898,1.0,True
3,1,0.949999988079071,accepted,225,0.9504938125610352,1.0,True
3,1,0.949999988079071,accepted,226,0.9447101354598999,1.0,True
3,1,0.949999988079071,accepted,227,0.9453085660934448,1.0,True
3,1,0.949999988079071,accepted,228,0.9469181895256042,1.0,True
3,1,0.949999988079071,accepted,229,0.9481616020202637,1.0,True
3,1,0.949999988079071,accepted,230,0.9507548809051514,1.0,True
3,1,0.949999988079071,accepted,231,0.946889340877533,1.0,True
3,1,0.949999988079071,accepted,232,0.9495298266410828,1.0,True
3,1,0.949999988079071,accepted,233,0.9501965045928955,1.0,True
3,1,0.949999988079071,accepted,234,0.9489794373512268,1.0,True
3,1,0.949999988079071,accepted,235,0.9464848637580872,1.0,True
3,1,0.949999988079071,accepted,236,0.9488925933837891,1.0,True
3,1,0.949999988079071,accepted,237,0.9491242170333862,1.0,True
3,1,0.949999988079071,accepted,238,0.9508202075958252,1.0,True
3,1,0.949999988079071,accepted,239,0.9523665904998779,1.0,True
3,1,0.949999988079071,accepted,240,0.9539082050323486,1.0,True
3,1,0.949999988079071,accepted,241,0.9491893649101257,1.0,True
3,1,0.949999988079071,accepted,242,0.9486464262008667,1.0,True
3,1,0.949999988079071,accepted,243,0.9522286057472229,1.0,True
3,1,0.949999988079071,accepted,244,0.9549130797386169,1.0,True
3,1,0.949999988079071,accepted,245,0.9481327533721924,1.0,True
3,1,0.949999988079071,accepted,246,0.9513862133026123,1.0,True
3,1,0.949999988079071,accepted,247,0.9479591250419617,1.0,True
3,1,0.949999988079071,accepted,248,0.9490084052085876,1.0,True
3,1,0.949999988079071,accepted,249,0.9515095949172974,1.0,True
3,1,0.949999988079071,accepted,250,0.9516547918319702,1.0,True
3,1,0.949999988079071,accepted,251,0.9515604376792908,1.0,True
3,1,0.949999988079071,accepted,252,0.9526136517524719,1.0,True
3,1,0.949999988079071,accepted,253,0.9492762684822083,1.0,True
3,1,0.949999988079071,accepted,254,0.9539592266082764,1.0,True
3,1,0.949999988079071,accepted,255,0.9547746777534485,1.0,True
3,1,0.949999988079071,accepted,256,0.9520686864852905,1.0,True
3,1,0.949999988079071,accepted,257,0.9521486163139343,1.0,True
3,1,0.949999988079071,accepted,258,0.9510886073112488,1.0,True
3,1,0.949999988079071,accepted,259,0.9519525170326233,1.0,True
3,1,0.949999988079071,accepted,260,0.9533116221427917,1.0,True
3,1,0.949999988079071,accepted,261,0.9547309875488281,1.0,True
3,1,0.949999988079071,accepted,262,0.9529843926429749,1.0,True
3,1,0.949999988079071,accepted,263,0.9488129019737244,1.0,True
3,1,0.949999988079071,accepted,264,0.9516329765319824,1.0,True
3,1,0.949999988079071,accepted,265,0.9524392485618591,1.0,True
3,1,0.949999988079071,accepted,266,0.9518653750419617,1.0,True
3,1,0.949999988079071,accepted,267,0.9563639760017395,1.0,True
3,1,0.949999988079071,accepted,268,0.9530062079429626,1.0,True
3,1,0.949999988079071,accepted,269,0.9503995776176453,1.0,True
3,1,0.949999988079071,accepted,270,0.9513498544692993,1.0,True
3,1,0.949999988079071,accepted,271,0.9517346620559692,1.0,True
3,1,0.949999988079071,accepted,272,0.9538208842277527,1.0,True
3,1,0.949999988079071,accepted,273,0.9519815444946289,1.0,True
3,1,0.949999988079071,accepted,274,0.9525773525238037,1.0,True
3,1,0.949999988079071,accepted,275,0.9514660835266113,1.0,True
3,1,0.949999988079071,accepted,276,0.9469976425170898,1.0,True
3,1,0.949999988079071,accepted,277,0.9500950574874878,1.0,True
3,1,0.949999988079071,accepted,278,0.9517056345939636,1.0,True
3,1,0.949999988079071,accepted,279,0.9520324468612671,1.0,True
3,1,0.949999988079071,accepted,280,0.9495298266410828,1.0,True
3,1,0.949999988079071,accepted,281,0.9526064395904541,1.0,True
3,1,0.949999988079071,accepted,282,0.9530207514762878,1.0,True
3,1,0.949999988079071,accepted,283,0.9548184275627136,1.0,True
3,1,0.949999988079071,accepted,284,0.9536389708518982,1.0,True
3,1,0.949999988079071,accepted,285,0.9520614743232727,1.0,True
3,1,0.949999988079071,accepted,286,0.9542357921600342,1.0,True
3,1,0.949999988079071,accepted,287,0.954505205154419,1.0,True
3,1,0.949999988079071,accepted,288,0.9538573026657104,1.0,True
3,1,0.949999988079071,accepted,289,0.955773115158081,1.0,True
3,1,0.949999988079071,accepted,290,0.9525773525238037,1.0,True
3,1,0.949999988079071,accepted,291,0.9533843398094177,1.0,True
3,1,0.949999988079071,accepted,292,0.95151686668396,1.0,True
3,1,0.949999988079071,accepted,293,0.9526718258857727,1.0,True
3,1,0.949999988079071,accepted,294,0.9578390717506409,1.0,True
3,1,0.949999988079071,accepted,295,0.9537190794944763,1.0,True
3,1,0.949999988079071,accepted,296,0.954257607460022,1.0,True
3,1,0.949999988079071,accepted,297,0.9532970786094666,1.0,True
3,1,0.949999988079071,accepted,298,0.9529843926429749,1.0,True
3,1,0.949999988079071,accepted,299,0.9542722105979919,1.0,True
3,1,0.949999988079071,accepted,300,0.9543377161026001,1.0,True
3,1,0.949999988079071,accepted,301,0.954002857208252,1.0,True
3,1,0.949999988079071,accepted,302,0.9570793509483337,1.0,True
3,1,0.949999988079071,accepted,303,0.9565537571907043,1.0,True
3,1,0.949999988079071,accepted,304,0.9512990713119507,1.0,True
3,1,0.949999988079071,accepted,305,0.9535807371139526,1.0,True
3,1,0.949999988079071,accepted,306,0.9554305076599121,1.0,True
3,1,0.949999988079071,accepted,307,0.9498485922813416,1.0,True
3,1,0.949999988079071,accepted,308,0.9525191783905029,1.0,True
3,1,0.949999988079071,accepted,309,0.955539882183075,1.0,True
3,1,0.949999988079071,accepted,310,0.9546872973442078,1.0,True
3,1,0.949999988079071,accepted,311,0.9543595910072327,1.0,True
3,1,0.949999988079071,accepted,312,0.9536026120185852,1.0,True
3,1,0.949999988079071,accepted,313,0.9522503614425659,1.0,True
3,1,0.949999988079071,accepted,314,0.9517782330513,1.0,True
3,1,0.949999988079071,accepted,315,0.9508347511291504,1.0,True
3,1,0.949999988079071,accepted,316,0.9550734162330627,1.0,True
3,1,0.949999988079071,accepted,317,0.9533262252807617,1.0,True
3,1,0.949999988079071,accepted,318,0.9549204111099243,1.0,True
3,1,0.949999988079071,accepted,319,0.9528535008430481,1.0,True
3,1,0.949999988079071,accepted,320,0.9517274498939514,1.0,True
3,1,0.949999988079071,accepted,321,0.9534862041473389,1.0,True
3,1,0.949999988079071,accepted,322,0.9512845277786255,1.0,True
3,1,0.949999988079071,accepted,323,0.9522212743759155,1.0,True
3,1,0.949999988079071,accepted,324,0.9546144604682922,1.0,True
3,1,0.949999988079071,accepted,325,0.9547746777534485,1.0,True
3,1,0.949999988079071,accepted,326,0.9532461762428284,1.0,True
3,1,0.949999988079071,accepted,327,0.9547091126441956,1.0,True
3,1,0.949999988079071,accepted,328,0.9563348293304443,1.0,True
3,1,0.949999988079071,accepted,329,0.9572473168373108,1.0,True
3,1,0.949999988079071,accepted,330,0.9546508193016052,1.0,True
3,1,0.949999988079071,accepted,331,0.9551244378089905,1.0,True
3,1,0.949999988079071,accepted,332,0.9529480338096619,1.0,True
3,1,0.949999988079071,accepted,333,0.9547237157821655,1.0,True
3,1,0.949999988079071,accepted,334,0.9556564688682556,1.0,True
3,1,0.949999988079071,accepted,335,0.9545926451683044,1.0,True
3,1,0.949999988079071,accepted,336,0.9557512402534485,1.0,True
3,1,0.949999988079071,accepted,337,0.9542794227600098,1.0,True
3,1,0.949999988079071,accepted,338,0.9562837481498718,1.0,True
3,1,0.949999988079071,accepted,339,0.9535152912139893,1.0,True
3,1,0.949999988079071,accepted,340,0.9543886780738831,1.0,True
3,1,0.949999988079071,accepted,341,0.9545124769210815,1.0,True
3,1,0.949999988079071,accepted,342,0.9550660848617554,1.0,True
3,1,0.949999988079071,accepted,343,0.9549713730812073,1.0,True
3,1,0.949999988079071,accepted,344,0.9555689692497253,1.0,True
3,1,0.949999988079071,accepted,345,0.9547674059867859,1.0,True
3,1,0.949999988079071,accepted,346,0.9579851627349854,1.0,True
3,1,0.949999988079071,accepted,347,0.9554669857025146,1.0,True
3,1,0.949999988079071,accepted,348,0.9545415639877319,1.0,True
3,1,0.949999988079071,accepted,349,0.9577147960662842,1.0,True
3,1,0.949999988079071,accepted,350,0.9552628397941589,1.0,True
3,1,0.949999988079071,accepted,351,0.9568821787834167,1.0,True
3,1,0.949999988079071,accepted,352,0.9556856155395508,1.0,True
3,1,0.949999988079071,accepted,353,0.955539882183075,1.0,True
3,1,0.949999988079071,accepted,354,0.9559044241905212,1.0,True
3,1,0.949999988079071,accepted,355,0.953217089176178,1.0,True
3,1,0.949999988079071,accepted,356,0.9583799242973328,1.0,True
3,1,0.949999988079071,accepted,357,0.9558824896812439,1.0,True
3,1,0.949999988079071,accepted,358,0.9532025456428528,1.0,True
3,1,0.949999988079071,accepted,359,0.9578682780265808,1.0,True
3,1,0.949999988079071,accepted,360,0.9584895968437195,1.0,True
3,1,0.949999988079071,accepted,361,0.9552191495895386,1.0,True
3,1,0.949999988079071,accepted,362,0.9594334363937378,1.0,True
3,1,0.949999988079071,accepted,363,0.9578536152839661,1.0,True
3,1,0.949999988079071,accepted,364,0.9561961889266968,1.0,True
3,1,0.949999988079071,accepted,365,0.9552046060562134,1.0,True
3,1,0.949999988079071,accepted,366,0.956517219543457,1.0,True
3,1,0.949999988079071,accepted,367,0.9586797952651978,1.0,True
3,1,0.949999988079071,accepted,368,0.9579559564590454,1.0,True
3,1,0.949999988079071,accepted,369,0.9548329710960388,1.0,True
3,1,0.949999988079071,accepted,370,0.9550806879997253,1.0,True
3,1,0.949999988079071,accepted,371,0.9557439684867859,1.0,True
3,1,0.949999988079071,accepted,372,0.9572107791900635,1.0,True
3,1,0.949999988079071,accepted,373,0.9557512402534485,1.0,True
3,1,0.949999988079071,accepted,374,0.9568164944648743,1.0,True
3,1,0.949999988079071,accepted,375,0.9585846662521362,1.0,True
3,1,0.949999988079071,accepted,376,0.961081862449646,1.0,True
3,1,0.949999988079071,accepted,377,0.9546290040016174,1.0,True
3,1,0.949999988079071,accepted,378,0.9549495577812195,1.0,True
3,1,0.949999988079071,accepted,379,0.9578024744987488,1.0,True
3,1,0.949999988079071,accepted,380,0.9591772556304932,1.0,True
3,1,0.949999988079071,accepted,381,0.957276463508606,1.0,True
3,1,0.949999988079071,accepted,382,0.9545489549636841,1.0,True
3,1,0.949999988079071,accepted,383,0.9564734101295471,1.0,True
3,1,0.949999988079071,accepted,384,0.9558023810386658,1.0,True
3,1,0.949999988079071,accepted,385,0.9569844603538513,1.0,True
3,1,0.949999988079071,accepted,386,0.9569844603538513,1.0,True
3,1,0.949999988079071,accepted,387,0.9604294300079346,1.0,True
3,1,0.949999988079071,accepted,388,0.9594041705131531,1.0,True
3,1,0.949999988079071,accepted,389,0.9600338339805603,1.0,True
3,1,0.949999988079071,accepted,390,0.9560721516609192,1.0,True
3,1,0.949999988079071,accepted,391,0.9558752775192261,1.0,True
3,1,0.949999988079071,accepted,392,0.9565099477767944,1.0,True
3,1,0.949999988079071,accepted,393,0.959631085395813,1.0,True
3,1,0.949999988079071,accepted,394,0.9569113850593567,1.0,True
3,1,0.949999988079071,accepted,395,0.9556929469108582,1.0,True
3,1,0.949999988079071,accepted,396,0.9580729007720947,1.0,True
3,1,0.949999988079071,accepted,397,0.958665132522583,1.0,True
3,1,0.949999988079071,accepted,398,0.9566997289657593,1.0,True
3,1,0.949999988079071,accepted,399,0.9602535963058472,1.0,True
3,1,0.949999988079071,accepted,400,0.9599313735961914,1.0,True
3,1,0.949999988079071,accepted,401,0.9570136070251465,1.0,True
3,1,0.949999988079071,accepted,402,0.9566923975944519,1.0,True
3,1,0.949999988079071,accepted,403,0.9590893983840942,1.0,True
3,1,0.949999988079071,accepted,404,0.9597189426422119,1.0,True
3,1,0.949999988079071,accepted,405,0.9558095932006836,1.0,True
3,1,0.949999988079071,accepted,406,0.9553940296173096,1.0,True
3,1,0.949999988079071,accepted,407,0.9576709866523743,1.0,True
3,1,0.949999988079071,accepted,408,0.9583579897880554,1.0,True
3,1,0.949999988079071,accepted,409,0.9582118391990662,1.0,True
3,1,0.949999988079071,accepted,410,0.9585407972335815,1.0,True
3,1,0.949999988079071,accepted,411,0.9593163728713989,1.0,True
3,1,0.949999988079071,accepted,412,0.9578902125358582,1.0,True
3,1,0.949999988079071,accepted,413,0.9614558815956116,1.0,True
3,1,0.949999988079071,accepted,414,0.956444263458252,1.0,True
3,1,0.949999988079071,accepted,415,0.9570063352584839,1.0,True
3,1,0.949999988079071,accepted,416,0.9596750140190125,1.0,True
3,1,0.949999988079071,accepted,417,0.9582849144935608,1.0,True
3,1,0.949999988079071,accepted,418,0.9572911262512207,1.0,True
3,1,0.949999988079071,accepted,419,0.9608619213104248,1.0,True
3,1,0.949999988079071,accepted,420,0.9587309956550598,1.0,True
3,1,0.949999988079071,accepted,421,0.9596457481384277,1.0,True
3,1,0.949999988079071,accepted,422,0.9594992995262146,1.0,True
3,1,0.949999988079071,accepted,423,0.9569990038871765,1.0,True
3,1,0.949999988079071,accepted,424,0.9590967893600464,1.0,True
3,1,0.949999988079071,accepted,425,0.9600045680999756,1.0,True
3,1,0.949999988079071,accepted,426,0.9596970081329346,1.0,True
3,1,0.949999988079071,accepted,427,0.9620868563652039,1.0,True
3,1,0.949999988079071,accepted,428,0.9595724940299988,1.0,True
3,1,0.949999988079071,accepted,429,0.9604074358940125,1.0,True
3,1,0.949999988079071,accepted,430,0.9560211300849915,1.0,True
3,1,0.949999988079071,accepted,431,0.9593163728713989,1.0,True
3,1,0.949999988079071,accepted,432,0.9574445486068726,1.0,True
3,1,0.949999988079071,accepted,433,0.9615072011947632,1.0,True
3,1,0.949999988079071,accepted,434,0.962784469127655,1.0,True
3,1,0.949999988079071,accepted,435,0.9587382674217224,1.0,True
3,1,0.949999988079071,accepted,436,0.9617713093757629,1.0,True
3,1,0.949999988079071,accepted,437,0.9602682590484619,1.0,True
3,1,0.949999988079071,accepted,438,0.9622484445571899,1.0,True
3,1,0.949999988079071,accepted,439,0.9569844603538513,1.0,True
3,1,0.949999988079071,accepted,440,0.9584018588066101,1.0,True
3,1,0.949999988079071,accepted,441,0.9609351754188538,1.0,True
3,1,0.949999988079071,accepted,442,0.9596896767616272,1.0,True
3,1,0.949999988079071,accepted,443,0.958204448223114,1.0,True
3,1,0.949999988079071,accepted,444,0.9614191651344299,1.0,True
3,1,0.949999988079071,accepted,445,0.9581825137138367,1.0,True
3,1,0.949999988079071,accepted,446,0.9587163329124451,1.0,True
3,1,0.949999988079071,accepted,447,0.9625421166419983,1.0,True
3,1,0.949999988079071,accepted,448,0.9601803421974182,1.0,True
3,1,0.949999988079071,accepted,449,0.9593236446380615,1.0,True
3,1,0.949999988079071,accepted,450,0.9609131813049316,1.0,True
3,1,0.949999988079071,accepted,451,0.9639090299606323,1.0,True
3,1,0.949999988079071,accepted,452,0.962226390838623,1.0,True
3,1,0.949999988079071,accepted,453,0.9600412249565125,1.0,True
3,1,0.949999988079071,accepted,454,0.9598067998886108,1.0,True
3,1,0.949999988079071,accepted,455,0.9571158289909363,1.0,True
3,1,0.949999988079071,accepted,456,0.960649311542511,1.0,True
3,1,0.949999988079071,accepted,457,0.9581167697906494,1.0,True
3,1,0.949999988079071,accepted,458,0.9590821266174316,1.0,True
3,1,0.949999988079071,accepted,459,0.9627551436424255,1.0,True
3,1,0.949999988079071,accepted,460,0.9611625075340271,1.0,True
3,1,0.949999988079071,accepted,461,0.9571523070335388,1.0,True
3,1,0.949999988079071,accepted,462,0.960348904132843,1.0,True
3,1,0.949999988079071,accepted,463,0.9588773250579834,1.0,True
3,1,0.949999988079071,accepted,464,0.9580802321434021,1.0,True
3,1,0.949999988079071,accepted,465,0.9597555994987488,1.0,True
3,1,0.949999988079071,accepted,466,0.9591113924980164,1.0,True
3,1,0.949999988079071,accepted,467,0.9617493152618408,1.0,True
3,1,0.949999988079071,accepted,468,0.9609571695327759,1.0,True
3,1,0.949999988079071,accepted,469,0.961257815361023,1.0,True
3,1,0.949999988079071,accepted,470,0.9628652930259705,1.0,True
3,1,0.949999988079071,accepted,471,0.9589651226997375,1.0,True
3,1,0.949999988079071,accepted,472,0.960634708404541,1.0,True
3,1,0.949999988079071,accepted,473,0.9604294300079346,1.0,True
3,1,0.949999988079071,accepted,474,0.9595139622688293,1.0,True
3,1,0.949999988079071,accepted,475,0.9588333964347839,1.0,True
3,1,0.949999988079071,accepted,476,0.9623585343360901,1.0,True
3,1,0.949999988079071,accepted,477,0.9614998698234558,1.0,True
3,1,0.949999988079071,accepted,478,0.9623511433601379,1.0,True
3,1,0.949999988079071,accepted,479,0.9590967893600464,1.0,True
3,1,0.949999988079071,accepted,480,0.9574956297874451,1.0,True
3,1,0.949999988079071,accepted,481,0.961609959602356,1.0,True
3,1,0.949999988079071,accepted,482,0.960803210735321,1.0,True
3,1,0.949999988079071,accepted,483,0.96070796251297,1.0,True
3,1,0.949999988079071,accepted,484,0.962292492389679,1.0,True
3,1,0.949999988079071,accepted,485,0.9607372283935547,1.0,True
3,1,0.949999988079071,accepted,486,0.9620062112808228,1.0,True
3,1,0.949999988079071,accepted,487,0.9626154899597168,1.0,True
3,1,0.949999988079071,accepted,488,0.9589577317237854,1.0,True
3,1,0.949999988079071,accepted,489,0.9614338874816895,1.0,True
3,1,0.949999988079071,accepted,490,0.9626743197441101,1.0,True
3,1,0.949999988079071,accepted,491,0.9596750140190125,1.0,True
3,1,0.949999988079071,accepted,492,0.9596383571624756,1.0,True
3,1,0.949999988079071,accepted,493,0.962138295173645,1.0,True
3,1,0.949999988079071,accepted,494,0.9632179737091064,1.0,True
3,1,0.949999988079071,accepted,495,0.9595871567726135,1.0,True
3,1,0.949999988079071,accepted,496,0.9641737937927246,1.0,True
3,1,0.949999988079071,accepted,497,0.9612798690795898,1.0,True
3,1,0.949999988079071,accepted,498,0.960363507270813,1.0,True
3,1,0.949999988079071,accepted,499,0.9599825739860535,1.0,True
3,1,0.949999988079071,accepted,500,0.960766613483429,1.0,True
4,1,1.0,accepted,1,0.9926296472549438,1.0,True
4,1,1.0,accepted,2,0.9928435683250427,1.0,True
4,1,1.0,accepted,3,0.9902583360671997,1.0,True
4,1,1.0,accepted,4,0.9921847581863403,1.0,True
4,1,1.0,accepted,5,0.9912815690040588,1.0,True
4,1,1.0,accepted,6,0.9929817914962769,1.0,True
4,1,1.0,accepted,7,0.9910065531730652,1.0,True
4,1,1.0,accepted,8,0.993046224117279,1.0,True
4,1,1.0,accepted,9,0.9910292625427246,1.0,True
4,1,1.0,accepted,10,0.9920485615730286,1.0,True
4,1,1.0,accepted,11,0.9923968315124512,1.0,True
4,1,1.0,accepted,12,0.9930320382118225,1.0,True
4,1,1.0,accepted,13,0.9927432537078857,1.0,True
4,1,1.0,accepted,14,0.9920135140419006,1.0,True
4,1,1.0,accepted,15,0.993211030960083,1.0,True
4,1,1.0,accepted,16,0.9911964535713196,1.0,True
4,1,1.0,accepted,17,0.9930614233016968,1.0,True
4,1,1.0,accepted,18,0.9924072027206421,1.0,True
4,1,1.0,accepted,19,0.9943037629127502,1.0,True
4,1,1.0,accepted,20,0.992049515247345,1.0,True
4,1,1.0,accepted,21,0.993226170539856,1.0,True
4,1,1.0,accepted,22,0.9919672012329102,1.0,True
4,1,1.0,accepted,23,0.9915822148323059,1.0,True
4,1,1.0,accepted,24,0.9919103980064392,1.0,True
4,1,1.0,accepted,25,0.992278516292572,1.0,True
4,1,1.0,accepted,26,0.9904047250747681,1.0,True
4,1,1.0,accepted,27,0.9940487146377563,1.0,True
4,1,1.0,accepted,28,0.9905284643173218,1.0,True
4,1,1.0,accepted,29,0.9921318292617798,1.0,True
4,1,1.0,accepted,30,0.990796685218811,1.0,True
4,1,1.0,accepted,31,0.9941501617431641,1.0,True
4,1,1.0,accepted,32,0.9939292669296265,1.0,True
4,1,1.0,accepted,33,0.9924620985984802,1.0,True
4,1,1.0,accepted,34,0.994429886341095,1.0,True
4,1,1.0,accepted,35,0.995025634765625,1.0,True
4,1,1.0,accepted,36,0.9923078417778015,1.0,True
4,1,1.0,accepted,37,0.9946850538253784,1.0,True
4,1,1.0,accepted,38,0.9936506748199463,1.0,True
4,1,1.0,accepted,39,0.9943141937255859,1.0,True
4,1,1.0,accepted,40,0.9959379434585571,1.0,True
4,1,1.0,accepted,41,0.9937852621078491,1.0,True
4,1,1.0,accepted,42,0.9959351420402527,1.0,True
4,1,1.0,accepted,43,0.9953616857528687,1.0,True
4,1,1.0,accepted,44,0.9953141808509827,1.0,True
4,1,1.0,accepted,45,0.9961859583854675,1.0,True
4,1,1.0,accepted,46,0.995534360408783,1.0,True
4,1,1.0,accepted,47,0.996340811252594,1.0,True
4,1,1.0,accepted,48,0.9966544508934021,1.0,True
4,1,1.0,accepted,49,0.9962002038955688,1.0,True
4,1,1.0,accepted,50,0.996116578578949,1.0,True
4,1,1.0,accepted,51,0.9959418177604675,1.0,True
4,1,1.0,accepted,52,0.9951280951499939,1.0,True
4,1,1.0,accepted,53,0.9963569045066833,1.0,True
4,1,1.0,accepted,54,0.9967570304870605,1.0,True
4,1,1.0,accepted,55,0.996088981628418,1.0,True
4,1,1.0,accepted,56,0.995762288570404,1.0,True
4,1,1.0,accepted,57,0.9965688586235046,1.0,True
4,1,1.0,accepted,58,0.9972791075706482,1.0,True
4,1,1.0,accepted,59,0.9971392750740051,1.0,True
4,1,1.0,accepted,60,0.9970241785049438,1.0,True
4,1,1.0,accepted,61,0.9959835410118103,1.0,True
4,1,1.0,accepted,62,0.9968311786651611,1.0,True
4,1,1.0,accepted,63,0.9966297149658203,1.0,True
4,1,1.0,accepted,64,0.9968321919441223,1.0,True
4,1,1.0,accepted,65,0.9969899654388428,1.0,True
4,1,1.0,accepted,66,0.9969167709350586,1.0,True
4,1,1.0,accepted,67,0.9969538450241089,1.0,True
4,1,1.0,accepted,68,0.9972362518310547,1.0,True
4,1,1.0,accepted,69,0.9972125291824341,1.0,True
4,1,1.0,accepted,70,0.9967380166053772,1.0,True
4,1,1.0,accepted,71,0.9966905117034912,1.0,True
4,1,1.0,accepted,72,0.9965774416923523,1.0,True
4,1,1.0,accepted,73,0.9971154928207397,1.0,True
4,1,1.0,accepted,74,0.9971354603767395,1.0,True
4,1,1.0,accepted,75,0.9977004528045654,1.0,True
4,1,1.0,accepted,76,0.9971250295639038,1.0,True
4,1,1.0,accepted,77,0.9972648024559021,1.0,True
4,1,1.0,accepted,78,0.9972819089889526,1.0,True
4,1,1.0,accepted,79,0.997868001461029,1.0,True
4,1,1.0,accepted,80,0.9976595640182495,1.0,True
4,1,1.0,accepted,81,0.9974207878112793,1.0,True
4,1,1.0,accepted,82,0.9973075985908508,1.0,True
4,1,1.0,accepted,83,0.9976205825805664,1.0,True
4,1,1.0,accepted,84,0.9977537989616394,1.0,True
4,1,1.0,accepted,85,0.9973931908607483,1.0,True
4,1,1.0,accepted,86,0.9977043271064758,1.0,True
4,1,1.0,accepted,87,0.9978803396224976,1.0,True
4,1,1.0,accepted,88,0.9977395534515381,1.0,True
4,1,1.0,accepted,89,0.998104989528656,1.0,True
4,1,1.0,accepted,90,0.9982230067253113,1.0,True
4,1,1.0,accepted,91,0.9978793859481812,1.0,True
4,1,1.0,accepted,92,0.9970203638076782,1.0,True
4,1,1.0,accepted,93,0.9971164464950562,1.0,True
4,1,1.0,accepted,94,0.9981316328048706,1.0,True
4,1,1.0,accepted,95,0.9982029795646667,1.0,True
4,1,1.0,accepted,96,0.9974027276039124,1.0,True
4,1,1.0,accepted,97,0.9972686171531677,1.0,True
4,1,1.0,accepted,98,0.9979660511016846,1.0,True
4,1,1.0,accepted,99,0.9980830550193787,1.0,True
4,1,1.0,accepted,100,0.9975758194923401,1.0,True
4,1,1.0,accepted,101,0.9973484873771667,1.0,True
4,1,1.0,accepted,102,0.9978983998298645,1.0,True
4,1,1.0,accepted,103,0.9978812336921692,1.0,True
4,1,1.0,accepted,104,0.9976395964622498,1.0,True
4,1,1.0,accepted,105,0.9977299571037292,1.0,True
4,1,1.0,accepted,106,0.9979078769683838,1.0,True
4,1,1.0,accepted,107,0.9980754852294922,1.0,True
4,1,1.0,accepted,108,0.9981639385223389,1.0,True
4,1,1.0,accepted,109,0.9980402588844299,1.0,True
4,1,1.0,accepted,110,0.9976985454559326,1.0,True
4,1,1.0,accepted,111,0.9977271556854248,1.0,True
4,1,1.0,accepted,112,0.9979327321052551,1.0,True
4,1,1.0,accepted,113,0.9980069398880005,1.0,True
4,1,1.0,accepted,114,0.9981259107589722,1.0,True
4,1,1.0,accepted,115,0.9978470206260681,1.0,True
4,1,1.0,accepted,116,0.9977014660835266,1.0,True
4,1,1.0,accepted,117,0.998017430305481,1.0,True
4,1,1.0,accepted,118,0.9982362985610962,1.0,True
4,1,1.0,accepted,119,0.9980897307395935,1.0,True
4,1,1.0,accepted,120,0.998051643371582,1.0,True
4,1,1.0,accepted,121,0.9977566003799438,1.0,True
4,1,1.0,accepted,122,0.9978213310241699,1.0,True
4,1,1.0,accepted,123,0.9983067512512207,1.0,True
4,1,1.0,accepted,124,0.9981249570846558,1.0,True
4,1,1.0,accepted,125,0.9979841113090515,1.0,True
4,1,1.0,accepted,126,0.9976614713668823,1.0,True
4,1,1.0,accepted,127,0.9979507923126221,1.0,True
4,1,1.0,accepted,128,0.9979117512702942,1.0,True
4,1,1.0,accepted,129,0.9977452158927917,1.0,True
4,1,1.0,accepted,130,0.9979602694511414,1.0,True
4,1,1.0,accepted,131,0.9974378943443298,1.0,True
4,1,1.0,accepted,132,0.997780442237854,1.0,True
4,1,1.0,accepted,133,0.9981411099433899,1.0,True
4,1,1.0,accepted,134,0.998464822769165,1.0,True
4,1,1.0,accepted,135,0.9983752965927124,1.0,True
4,1,1.0,accepted,136,0.9980392456054688,1.0,True
4,1,1.0,accepted,137,0.9977185726165771,1.0,True
4,1,1.0,accepted,138,0.997837483882904,1.0,True
4,1,1.0,accepted,139,0.998178243637085,1.0,True
4,1,1.0,accepted,140,0.9982125163078308,1.0,True
4,1,1.0,accepted,141,0.9981077909469604,1.0,True
4,1,1.0,accepted,142,0.9980117082595825,1.0,True
4,1,1.0,accepted,143,0.9980383515357971,1.0,True
4,1,1.0,accepted,144,0.998291552066803,1.0,True
4,1,1.0,accepted,145,0.9982677102088928,1.0,True
4,1,1.0,accepted,146,0.9981268644332886,1.0,True
4,1,1.0,accepted,147,0.9982362985610962,1.0,True
4,1,1.0,accepted,148,0.9979183673858643,1.0,True
4,1,1.0,accepted,149,0.9981325268745422,1.0,True
4,1,1.0,accepted,150,0.998157262802124,1.0,True
4,1,1.0,accepted,151,0.9980545043945312,1.0,True
4,1,1.0,accepted,152,0.9980259537696838,1.0,True
4,1,1.0,accepted,153,0.9982820153236389,1.0,True
4,1,1.0,accepted,154,0.998268723487854,1.0,True
4,1,1.0,accepted,155,0.9982877373695374,1.0,True
4,1,1.0,accepted,156,0.9979850053787231,1.0,True
4,1,1.0,accepted,157,0.9979526996612549,1.0,True
4,1,1.0,accepted,158,0.998001217842102,1.0,True
4,1,1.0,accepted,159,0.9981363415718079,1.0,True
4,1,1.0,accepted,160,0.9983429312705994,1.0,True
4,1,1.0,accepted,161,0.9983381628990173,1.0,True
4,1,1.0,accepted,162,0.9982706308364868,1.0,True
4,1,1.0,accepted,163,0.9981068968772888,1.0,True
4,1,1.0,accepted,164,0.9981591701507568,1.0,True
4,1,1.0,accepted,165,0.9982182383537292,1.0,True
4,1,1.0,accepted,166,0.9982505440711975,1.0,True
4,1,1.0,accepted,167,0.9982420802116394,1.0,True
4,1,1.0,accepted,168,0.9981935024261475,1.0,True
4,1,1.0,accepted,169,0.9981477856636047,1.0,True
4,1,1.0,accepted,170,0.9981849193572998,1.0,True
4,1,1.0,accepted,171,0.9982249140739441,1.0,True
4,1,1.0,accepted,172,0.9985638856887817,1.0,True
4,1,1.0,accepted,173,0.9984419345855713,1.0,True
4,1,1.0,accepted,174,0.998245894908905,1.0,True
4,1,1.0,accepted,175,0.9977728128433228,1.0,True
4,1,1.0,accepted,176,0.9981182813644409,1.0,True
4,1,1.0,accepted,177,0.9982525706291199,1.0,True
4,1,1.0,accepted,178,0.998492419719696,1.0,True
4,1,1.0,accepted,179,0.9984771609306335,1.0,True
4,1,1.0,accepted,180,0.998104989528656,1.0,True
4,1,1.0,accepted,181,0.9981144666671753,1.0,True
4,1,1.0,accepted,182,0.9981201887130737,1.0,True
4,1,1.0,accepted,183,0.9980611801147461,1.0,True
4,1,1.0,accepted,184,0.9981896877288818,1.0,True
4,1,1.0,accepted,185,0.9983733892440796,1.0,True
4,1,1.0,accepted,186,0.9982373118400574,1.0,True
4,1,1.0,accepted,187,0.9982020854949951,1.0,True
4,1,1.0,accepted,188,0.9983924627304077,1.0,True
4,1,1.0,accepted,189,0.9982125163078308,1.0,True
4,1,1.0,accepted,190,0.9980155229568481,1.0,True
4,1,1.0,accepted,191,0.9985219836235046,1.0,True
4,1,1.0,accepted,192,0.9984962344169617,1.0,True
4,1,1.0,accepted,193,0.9982677102088928,1.0,True
4,1,1.0,accepted,194,0.9981106519699097,1.0,True
4,1,1.0,accepted,195,0.9983572363853455,1.0,True
4,1,1.0,accepted,196,0.9984515309333801,1.0,True
4,1,1.0,accepted,197,0.9983106255531311,1.0,True
4,1,1.0,accepted,198,0.9984790682792664,1.0,True
4,1,1.0,accepted,199,0.9982572197914124,1.0,True
4,1,1.0,accepted,200,0.998187780380249,1.0,True
4,1,1.0,accepted,201,0.9984077215194702,1.0,True
4,1,1.0,accepted,202,0.9983334541320801,1.0,True
4,1,1.0,accepted,203,0.9983001351356506,1.0,True
4,1,1.0,accepted,204,0.9981458783149719,1.0,True
4,1,1.0,accepted,205,0.998183012008667,1.0,True
4,1,1.0,accepted,206,0.9978146553039551,1.0,True
4,1,1.0,accepted,207,0.998576283454895,1.0,True
4,1,1.0,accepted,208,0.9986771941184998,1.0,True
4,1,1.0,accepted,209,0.9983581900596619,1.0,True
4,1,1.0,accepted,210,0.9976176619529724,1.0,True
4,1,1.0,accepted,211,0.9984666705131531,1.0,True
4,1,1.0,accepted,212,0.99842768907547,1.0,True
4,1,1.0,accepted,213,0.9979973435401917,1.0,True
4,1,1.0,accepted,214,0.9981639385223389,1.0,True
4,1,1.0,accepted,215,0.9982230067253113,1.0,True
4,1,1.0,accepted,216,0.9983934164047241,1.0,True
4,1,1.0,accepted,217,0.9982762932777405,1.0,True
4,1,1.0,accepted,218,0.9985476136207581,1.0,True
4,1,1.0,accepted,219,0.9983020424842834,1.0,True
4,1,1.0,accepted,220,0.998291552066803,1.0,True
4,1,1.0,accepted,221,0.9983857870101929,1.0,True
4,1,1.0,accepted,222,0.9981535077095032,1.0,True
4,1,1.0,accepted,223,0.9982620477676392,1.0,True
4,1,1.0,accepted,224,0.9984743595123291,1.0,True
4,1,1.0,accepted,225,0.9983628988265991,1.0,True
4,1,1.0,accepted,226,0.9985972046852112,1.0,True
4,1,1.0,accepted,227,0.9984229207038879,1.0,True
4,1,1.0,accepted,228,0.9981868267059326,1.0,True
4,1,1.0,accepted,229,0.998450517654419,1.0,True
4,1,1.0,accepted,230,0.9981630444526672,1.0,True
4,1,1.0,accepted,231,0.9984895586967468,1.0,True
4,1,1.0,accepted,232,0.9985200762748718,1.0,True
4,1,1.0,accepted,233,0.9983991384506226,1.0,True
4,1,1.0,accepted,234,0.9979355335235596,1.0,True
4,1,1.0,accepted,235,0.9984219670295715,1.0,True
4,1,1.0,accepted,236,0.9985895752906799,1.0,True
4,1,1.0,accepted,237,0.9984990954399109,1.0,True
4,1,1.0,accepted,238,0.9982544183731079,1.0,True
4,1,1.0,accepted,239,0.998017430305481,1.0,True
4,1,1.0,accepted,240,0.9982696175575256,1.0,True
4,1,1.0,accepted,241,0.9985039234161377,1.0,True
4,1,1.0,accepted,242,0.9982762932777405,1.0,True
4,1,1.0,accepted,243,0.9981840252876282,1.0,True
4,1,1.0,accepted,244,0.9981935024261475,1.0,True
4,1,1.0,accepted,245,0.9986143112182617,1.0,True
4,1,1.0,accepted,246,0.998518168926239,1.0,True
4,1,1.0,accepted,247,0.9981039762496948,1.0,True
4,1,1.0,accepted,248,0.9981268644332886,1.0,True
4,1,1.0,accepted,249,0.9983667731285095,1.0,True
4,1,1.0,accepted,250,0.9985076785087585,1.0,True
4,1,1.0,accepted,251,0.9982734322547913,1.0,True
4,1,1.0,accepted,252,0.9981896877288818,1.0,True
4,1,1.0,accepted,253,0.9984724521636963,1.0,True
4,1,1.0,accepted,254,0.9982467889785767,1.0,True
4,1,1.0,accepted,255,0.9980107545852661,1.0,True
4,1,1.0,accepted,256,0.9982801079750061,1.0,True
4,1,1.0,accepted,257,0.9985553026199341,1.0,True
4,1,1.0,accepted,258,0.9982962608337402,1.0,True
4,1,1.0,accepted,259,0.9984248876571655,1.0,True
4,1,1.0,accepted,260,0.9984800815582275,1.0,True
4,1,1.0,accepted,261,0.9985981583595276,1.0,True
4,1,1.0,accepted,262,0.998518168926239,1.0,True
4,1,1.0,accepted,263,0.9987295866012573,1.0,True
4,1,1.0,accepted,264,0.9981516003608704,1.0,True
4,1,1.0,accepted,265,0.9980459213256836,1.0,True
4,1,1.0,accepted,266,0.9985819458961487,1.0,True
4,1,1.0,accepted,267,0.9986220002174377,1.0,True
4,1,1.0,accepted,268,0.9985467195510864,1.0,True
4,1,1.0,accepted,269,0.9984562397003174,1.0,True
4,1,1.0,accepted,270,0.9980592727661133,1.0,True
4,1,1.0,accepted,271,0.9981858730316162,1.0,True
4,1,1.0,accepted,272,0.9985410571098328,1.0,True
4,1,1.0,accepted,273,0.9986096024513245,1.0,True
4,1,1.0,accepted,274,0.9977148175239563,1.0,True
4,1,1.0,accepted,275,0.9986134171485901,1.0,True
4,1,1.0,accepted,276,0.998518168926239,1.0,True
4,1,1.0,accepted,277,0.9983048439025879,1.0,True
4,1,1.0,accepted,278,0.9986010193824768,1.0,True
4,1,1.0,accepted,279,0.9982877373695374,1.0,True
4,1,1.0,accepted,280,0.9985705018043518,1.0,True
4,1,1.0,accepted,281,0.998157262802124,1.0,True
4,1,1.0,accepted,282,0.9986591339111328,1.0,True
4,1,1.0,accepted,283,0.9984905123710632,1.0,True
4,1,1.0,accepted,284,0.9985476136207581,1.0,True
4,1,1.0,accepted,285,0.9983115196228027,1.0,True
4,1,1.0,accepted,286,0.9982410669326782,1.0,True
4,1,1.0,accepted,287,0.9985542893409729,1.0,True
4,1,1.0,accepted,288,0.9980754852294922,1.0,True
4,1,1.0,accepted,289,0.9984058141708374,1.0,True
4,1,1.0,accepted,290,0.9985238909721375,1.0,True
4,1,1.0,accepted,291,0.9987285733222961,1.0,True
4,1,1.0,accepted,292,0.9986971616744995,1.0,True
4,1,1.0,accepted,293,0.9984571933746338,1.0,True
4,1,1.0,accepted,294,0.9983857870101929,1.0,True
4,1,1.0,accepted,295,0.9986352920532227,1.0,True
4,1,1.0,accepted,296,0.9985314607620239,1.0,True
4,1,1.0,accepted,297,0.9984163045883179,1.0,True
4,1,1.0,accepted,298,0.9986448287963867,1.0,True
4,1,1.0,accepted,299,0.9986134171485901,1.0,True
4,1,1.0,accepted,300,0.9986162185668945,1.0,True
4,1,1.0,accepted,301,0.9985962510108948,1.0,True
4,1,1.0,accepted,302,0.998409628868103,1.0,True
4,1,1.0,accepted,303,0.9985809922218323,1.0,True
4,1,1.0,accepted,304,0.9986019134521484,1.0,True
4,1,1.0,accepted,305,0.998940110206604,1.0,True
4,1,1.0,accepted,306,0.998712420463562,1.0,True
4,1,1.0,accepted,307,0.9986476302146912,1.0,True
4,1,1.0,accepted,308,0.9987457394599915,1.0,True
4,1,1.0,accepted,309,0.9983067512512207,1.0,True
4,1,1.0,accepted,310,0.9982163310050964,1.0,True
4,1,1.0,accepted,311,0.9986238479614258,1.0,True
4,1,1.0,accepted,312,0.9988800287246704,1.0,True
4,1,1.0,accepted,313,0.9986771941184998,1.0,True
4,1,1.0,accepted,314,0.9983258247375488,1.0,True
4,1,1.0,accepted,315,0.9982201457023621,1.0,True
4,1,1.0,accepted,316,0.9986619353294373,1.0,True
4,1,1.0,accepted,317,0.9987677335739136,1.0,True
4,1,1.0,accepted,318,0.9985561966896057,1.0,True
4,1,1.0,accepted,319,0.9984734058380127,1.0,True
4,1,1.0,accepted,320,0.9986686110496521,1.0,True
4,1,1.0,accepted,321,0.9988172054290771,1.0,True
4,1,1.0,accepted,322,0.9984305500984192,1.0,True
4,1,1.0,accepted,323,0.9985553026199341,1.0,True
4,1,1.0,accepted,324,0.9986448287963867,1.0,True
4,1,1.0,accepted,325,0.9987000226974487,1.0,True
4,1,1.0,accepted,326,0.9985438585281372,1.0,True
4,1,1.0,accepted,327,0.998323917388916,1.0,True
4,1,1.0,accepted,328,0.9986048340797424,1.0,True
4,1,1.0,accepted,329,0.9987476468086243,1.0,True
4,1,1.0,accepted,330,0.9987629055976868,1.0,True
4,1,1.0,accepted,331,0.9988676905632019,1.0,True
4,1,1.0,accepted,332,0.9985828399658203,1.0,True
4,1,1.0,accepted,333,0.9986486434936523,1.0,True
4,1,1.0,accepted,334,0.9988372325897217,1.0,True
4,1,1.0,accepted,335,0.9989448189735413,1.0,True
4,1,1.0,accepted,336,0.9987181425094604,1.0,True
4,1,1.0,accepted,337,0.9987600445747375,1.0,True
4,1,1.0,accepted,338,0.9985542893409729,1.0,True
4,1,1.0,accepted,339,0.9985800385475159,1.0,True
4,1,1.0,accepted,340,0.9987828731536865,1.0,True
4,1,1.0,accepted,341,0.9987143278121948,1.0,True
4,1,1.0,accepted,342,0.9986228942871094,1.0,True
4,1,1.0,accepted,343,0.9987677335739136,1.0,True
4,1,1.0,accepted,344,0.9987924695014954,1.0,True
4,1,1.0,accepted,345,0.9987943768501282,1.0,True
4,1,1.0,accepted,346,0.9986733794212341,1.0,True
4,1,1.0,accepted,347,0.998828649520874,1.0,True
4,1,1.0,accepted,348,0.9987067580223083,1.0,True
4,1,1.0,accepted,349,0.99870765209198,1.0,True
4,1,1.0,accepted,350,0.9983362555503845,1.0,True
4,1,1.0,accepted,351,0.9984381794929504,1.0,True
4,1,1.0,accepted,352,0.998717188835144,1.0,True
4,1,1.0,accepted,353,0.9988324046134949,1.0,True
4,1,1.0,accepted,354,0.9983744025230408,1.0,True
4,1,1.0,accepted,355,0.9986438155174255,1.0,True
4,1,1.0,accepted,356,0.9987943768501282,1.0,True
4,1,1.0,accepted,357,0.9985000491142273,1.0,True
4,1,1.0,accepted,358,0.998917281627655,1.0,True
4,1,1.0,accepted,359,0.9985952377319336,1.0,True
4,1,1.0,accepted,360,0.9985029101371765,1.0,True
4,1,1.0,accepted,361,0.9988753199577332,1.0,True
4,1,1.0,accepted,362,0.9987019300460815,1.0,True
4,1,1.0,accepted,363,0.9985153079032898,1.0,True
4,1,1.0,accepted,364,0.9986647963523865,1.0,True
4,1,1.0,accepted,365,0.9987657070159912,1.0,True
4,1,1.0,accepted,366,0.9984143972396851,1.0,True
4,1,1.0,accepted,367,0.9985228776931763,1.0,True
4,1,1.0,accepted,368,0.9986847639083862,1.0,True
4,1,1.0,accepted,369,0.9986115097999573,1.0,True
4,1,1.0,accepted,370,0.9985514879226685,1.0,True
4,1,1.0,accepted,371,0.9985200762748718,1.0,True
4,1,1.0,accepted,372,0.9987857937812805,1.0,True
4,1,1.0,accepted,373,0.9987733960151672,1.0,True
4,1,1.0,accepted,374,0.9983838796615601,1.0,True
4,1,1.0,accepted,375,0.9986038208007812,1.0,True
4,1,1.0,accepted,376,0.9986181259155273,1.0,True
4,1,1.0,accepted,377,0.998680055141449,1.0,True
4,1,1.0,accepted,378,0.9983067512512207,1.0,True
4,1,1.0,accepted,379,0.9986324310302734,1.0,True
4,1,1.0,accepted,380,0.9987677335739136,1.0,True
4,1,1.0,accepted,381,0.998828649520874,1.0,True
4,1,1.0,accepted,382,0.9987000226974487,1.0,True
4,1,1.0,accepted,383,0.9985981583595276,1.0,True
4,1,1.0,accepted,384,0.9982115626335144,1.0,True
4,1,1.0,accepted,385,0.9983620047569275,1.0,True
4,1,1.0,accepted,386,0.9989315271377563,1.0,True
4,1,1.0,accepted,387,0.9986124038696289,1.0,True
4,1,1.0,accepted,388,0.9983600974082947,1.0,True
4,1,1.0,accepted,389,0.9985848665237427,1.0,True
4,1,1.0,accepted,390,0.9988705515861511,1.0,True
4,1,1.0,accepted,391,0.9988372325897217,1.0,True
4,1,1.0,accepted,392,0.9984391331672668,1.0,True
4,1,1.0,accepted,393,0.998628556728363,1.0,True
4,1,1.0,accepted,394,0.9985677003860474,1.0,True
4,1,1.0,accepted,395,0.9985266923904419,1.0,True
4,1,1.0,accepted,396,0.998550534248352,1.0,True
4,1,1.0,accepted,397,0.9985123872756958,1.0,True
4,1,1.0,accepted,398,0.998686671257019,1.0,True
4,1,1.0,accepted,399,0.9985153079032898,1.0,True
4,1,1.0,accepted,400,0.9979612231254578,1.0,True
4,1,1.0,accepted,401,0.9983686804771423,1.0,True
4,1,1.0,accepted,402,0.998796284198761,1.0,True
4,1,1.0,accepted,403,0.9985467195510864,1.0,True
4,1,1.0,accepted,404,0.9977043271064758,1.0,True
4,1,1.0,accepted,405,0.9983096122741699,1.0,True
4,1,1.0,accepted,406,0.9983991384506226,1.0,True
4,1,1.0,accepted,407,0.9984152913093567,1.0,True
4,1,1.0,accepted,408,0.9987181425094604,1.0,True
4,1,1.0,accepted,409,0.9984515309333801,1.0,True
4,1,1.0,accepted,410,0.996508002281189,1.0,True
4,1,1.0,accepted,411,0.9982924461364746,1.0,True
4,1,1.0,accepted,412,0.998576283454895,1.0,True
4,1,1.0,accepted,413,0.997649073600769,1.0,True
4,1,1.0,accepted,414,0.9949601888656616,1.0,True
4,1,1.0,accepted,415,0.9983563423156738,1.0,True
4,1,1.0,accepted,416,0.9951974153518677,1.0,True
4,1,1.0,accepted,417,0.9959864616394043,1.0,True
4,1,1.0,accepted,418,0.9961071014404297,1.0,True
4,1,1.0,accepted,419,0.9979041218757629,1.0,True
4,1,1.0,accepted,420,0.9957898259162903,1.0,True
4,1,1.0,accepted,421,0.9924024939537048,1.0,True
4,1,1.0,accepted,422,0.9970917701721191,1.0,True
4,1,1.0,accepted,423,0.997022271156311,1.0,True
4,1,1.0,accepted,424,0.9959028363227844,1.0,True
4,1,1.0,accepted,425,0.994911789894104,1.0,True
4,1,1.0,accepted,426,0.9979774355888367,1.0,True
4,1,1.0,accepted,427,0.996322751045227,1.0,True
4,1,1.0,accepted,428,0.9968359470367432,1.0,True
4,1,1.0,accepted,429,0.9968549609184265,1.0,True
4,1,1.0,accepted,430,0.9972230195999146,1.0,True
4,1,1.0,accepted,431,0.9971849322319031,1.0,True
4,1,1.0,accepted,432,0.9977813363075256,1.0,True
4,1,1.0,accepted,433,0.9974369406700134,1.0,True
4,1,1.0,accepted,434,0.998082160949707,1.0,True
4,1,1.0,accepted,435,0.9977376461029053,1.0,True
4,1,1.0,accepted,436,0.9985905289649963,1.0,True
4,1,1.0,accepted,437,0.9982115626335144,1.0,True
4,1,1.0,accepted,438,0.9980992078781128,1.0,True
4,1,1.0,accepted,439,0.9982172250747681,1.0,True
4,1,1.0,accepted,440,0.9982249140739441,1.0,True
4,1,1.0,accepted,441,0.9985410571098328,1.0,True
4,1,1.0,accepted,442,0.9985039234161377,1.0,True
4,1,1.0,accepted,443,0.998123049736023,1.0,True
4,1,1.0,accepted,444,0.9980430603027344,1.0,True
4,1,1.0,accepted,445,0.998689591884613,1.0,True
4,1,1.0,accepted,446,0.998568594455719,1.0,True
4,1,1.0,accepted,447,0.9984629154205322,1.0,True
4,1,1.0,accepted,448,0.9984105229377747,1.0,True
4,1,1.0,accepted,449,0.9983039498329163,1.0,True
4,1,1.0,accepted,450,0.9985610246658325,1.0,True
4,1,1.0,accepted,451,0.9987314939498901,1.0,True
4,1,1.0,accepted,452,0.9987457394599915,1.0,True
4,1,1.0,accepted,453,0.9979992508888245,1.0,True
4,1,1.0,accepted,454,0.9982962608337402,1.0,True
4,1,1.0,accepted,455,0.9987181425094604,1.0,True
4,1,1.0,accepted,456,0.9986714720726013,1.0,True
4,1,1.0,accepted,457,0.9983325004577637,1.0,True
4,1,1.0,accepted,458,0.9982962608337402,1.0,True
4,1,1.0,accepted,459,0.9987742900848389,1.0,True
4,1,1.0,accepted,460,0.9989086985588074,1.0,True
4,1,1.0,accepted,461,0.9982857704162598,1.0,True
4,1,1.0,accepted,462,0.9981735348701477,1.0,True
4,1,1.0,accepted,463,0.9984638690948486,1.0,True
4,1,1.0,accepted,464,0.99881911277771,1.0,True
4,1,1.0,accepted,465,0.99854576587677,1.0,True
4,1,1.0,accepted,466,0.9985828399658203,1.0,True
4,1,1.0,accepted,467,0.9982924461364746,1.0,True
4,1,1.0,accepted,468,0.9989362359046936,1.0,True
4,1,1.0,accepted,469,0.999025821685791,1.0,True
4,1,1.0,accepted,470,0.9986952543258667,1.0,True
4,1,1.0,accepted,471,0.9987686276435852,1.0,True
4,1,1.0,accepted,472,0.9986810088157654,1.0,True
4,1,1.0,accepted,473,0.9983343482017517,1.0,True
4,1,1.0,accepted,474,0.9986628890037537,1.0,True
4,1,1.0,accepted,475,0.9986562132835388,1.0,True
4,1,1.0,accepted,476,0.9982801079750061,1.0,True
4,1,1.0,accepted,477,0.9982201457023621,1.0,True
4,1,1.0,accepted,478,0.998904824256897,1.0,True
4,1,1.0,accepted,479,0.998654305934906,1.0,True
4,1,1.0,accepted,480,0.9980383515357971,1.0,True
4,1,1.0,accepted,481,0.998328685760498,1.0,True
4,1,1.0,accepted,482,0.9987010359764099,1.0,True
4,1,1.0,accepted,483,0.9985809922218323,1.0,True
4,1,1.0,accepted,484,0.9975426197052002,1.0,True
4,1,1.0,accepted,485,0.9985581040382385,1.0,True
4,1,1.0,accepted,486,0.9981316328048706,1.0,True
4,1,1.0,accepted,487,0.9981620907783508,1.0,True
4,1,1.0,accepted,488,0.9985572099685669,1.0,True
4,1,1.0,accepted,489,0.9985933303833008,1.0,True
4,1,1.0,accepted,490,0.9984734058380127,1.0,True
4,1,1.0,accepted,491,0.9987505674362183,1.0,True
4,1,1.0,accepted,492,0.9982391595840454,1.0,True
4,1,1.0,accepted,493,0.9981886744499207,1.0,True
4,1,1.0,accepted,494,0.9983924627304077,1.0,True
4,1,1.0,accepted,495,0.9986971616744995,1.0,True
4,1,1.0,accepted,496,0.9979935884475708,1.0,True
4,1,1.0,accepted,497,0.9987905621528625,1.0,True
4,1,1.0,accepted,498,0.9986924529075623,1.0,True
4,1,1.0,accepted,499,0.9986572265625,1.0,True
4,1,1.0,accepted,500,0.9987086057662964,1.0,True
